id,category,severity,severity_ordinal,priority_score,hours_since_submission,hours_since_status_change,related_count,assigned,department_id,sla_deadline_hours,is_safety_risk,breach
0,other,LOW,1,23,96.1,17.63,0,0,7,72,0,1
1,streetlight,LOW,1,33,4.05,0.94,1,1,4,24,0,0
2,streetlight,LOW,1,21,25.46,19.43,0,1,4,24,0,1
3,garbage,LOW,1,20,98.95,7.36,0,1,2,72,0,0
4,pothole,MEDIUM,2,40,46.33,45.08,0,1,1,48,0,1
5,drainage,MEDIUM,2,31,60.88,2.2,0,0,3,48,0,1
6,pothole,MEDIUM,2,40,39.17,32.68,0,1,1,48,0,1
7,other,MEDIUM,2,44,78.94,12.32,1,0,7,72,0,1
8,other,MEDIUM,2,38,28.46,9.23,1,0,7,72,0,0
9,streetlight,LOW,1,41,9.11,8.59,2,1,4,24,0,0
10,other,MEDIUM,2,39,34.33,8.47,0,0,7,72,0,1
11,water_leakage,MEDIUM,2,30,9.47,9.45,0,0,5,24,0,0
12,garbage,MEDIUM,2,37,102.65,30.4,0,1,2,72,0,1
13,water_leakage,HIGH,3,88,0.5,0.36,1,1,5,24,1,1
14,drainage,MEDIUM,2,54,39.2,37.39,2,0,3,48,0,1
15,water_leakage,HIGH,3,80,37.61,7.16,1,1,5,24,1,1
16,water_leakage,HIGH,3,49,25.87,11.73,0,1,5,24,0,1
17,garbage,HIGH,3,47,122.72,6.17,0,0,2,72,0,1
18,streetlight,CRITICAL,4,71,7.13,3.76,1,1,4,24,0,1
19,streetlight,CRITICAL,4,90,28.07,10.51,0,0,4,24,1,1
20,water_leakage,LOW,1,23,9.51,0.68,1,0,5,24,0,0
21,pothole,MEDIUM,2,39,24.06,11.68,0,1,1,48,0,0
22,garbage,HIGH,3,77,104.65,13.71,0,1,2,72,1,1
23,pothole,MEDIUM,2,31,85.03,4.72,0,1,1,48,0,1
24,garbage,MEDIUM,2,31,18.17,3.33,0,1,2,72,0,0
25,water_leakage,LOW,1,18,28.17,12.97,0,0,5,24,0,1
26,streetlight,MEDIUM,2,36,37.35,21.66,0,0,4,24,0,1
27,streetlight,LOW,1,30,30.09,17.53,1,1,4,24,0,1
28,drainage,LOW,1,15,5.05,3.72,0,1,3,48,0,0
29,water_leakage,HIGH,3,71,22.94,1.31,0,1,5,24,1,1
30,garbage,MEDIUM,2,31,122.03,41.02,0,0,2,72,0,1
31,water_leakage,MEDIUM,2,42,13.67,3.56,1,1,5,24,0,1
32,other,MEDIUM,2,63,59.26,55.05,3,0,7,72,0,0
33,pothole,LOW,1,42,18.42,4.88,3,1,1,48,0,1
34,garbage,MEDIUM,2,78,70.4,21.3,5,1,2,72,0,1
35,water_leakage,LOW,1,16,28.66,22.53,0,0,5,24,0,1
36,garbage,LOW,1,19,78.39,51.67,0,1,2,72,0,1
37,drainage,HIGH,3,72,73.1,4.43,0,0,3,48,1,1
38,drainage,LOW,1,17,38.17,26.94,0,0,3,48,0,1
39,drainage,MEDIUM,2,30,12.8,1.63,0,1,3,48,0,0
40,garbage,MEDIUM,2,39,86.43,25.46,0,1,2,72,0,0
41,garbage,HIGH,3,66,126.52,58.38,2,0,2,72,0,1
42,streetlight,HIGH,3,70,37.33,19.46,0,1,4,24,1,1
43,garbage,LOW,1,34,119.03,25.18,2,1,2,72,0,1
44,garbage,MEDIUM,2,46,36.11,2.51,1,1,2,72,0,1
45,water_leakage,LOW,1,19,1.19,1.05,0,1,5,24,0,1
46,water_leakage,MEDIUM,2,44,31.47,7.53,1,1,5,24,0,0
47,garbage,LOW,1,49,91.86,0.12,3,1,2,72,0,1
48,streetlight,LOW,1,19,28.7,7.92,0,1,4,24,0,1
49,other,MEDIUM,2,36,52.15,15.42,0,1,7,72,0,0
50,garbage,MEDIUM,2,36,39.0,21.37,0,0,2,72,0,0
51,water_leakage,MEDIUM,2,32,20.09,8.88,0,1,5,24,0,0
52,drainage,MEDIUM,2,56,54.69,16.09,2,1,3,48,0,1
53,garbage,LOW,1,30,5.99,5.89,1,1,2,72,0,0
54,other,MEDIUM,2,30,93.1,27.65,0,0,7,72,0,1
55,pothole,HIGH,3,79,18.91,15.2,1,1,1,48,1,1
56,streetlight,MEDIUM,2,71,42.68,14.29,4,1,4,24,0,1
57,water_leakage,MEDIUM,2,37,39.18,10.7,0,1,5,24,0,1
58,garbage,HIGH,3,74,35.94,27.95,0,0,2,72,1,1
59,drainage,LOW,1,18,46.67,6.46,0,1,3,48,0,1
60,streetlight,LOW,1,40,20.13,1.25,2,1,4,24,0,0
61,pothole,HIGH,3,51,66.15,18.26,0,1,1,48,0,1
62,other,MEDIUM,2,30,78.18,15.88,0,1,7,72,0,1
63,other,MEDIUM,2,39,52.4,8.65,0,0,7,72,0,1
64,streetlight,MEDIUM,2,32,28.64,2.01,0,1,4,24,0,1
65,streetlight,LOW,1,37,19.64,6.63,2,0,4,24,0,1
66,pothole,MEDIUM,2,63,64.72,2.5,4,0,1,48,0,1
67,other,LOW,1,34,4.02,0.99,2,1,7,72,0,1
68,other,LOW,1,24,122.83,33.48,0,1,7,72,0,0
69,other,MEDIUM,2,34,100.8,11.79,0,1,7,72,0,1
70,streetlight,MEDIUM,2,39,30.89,1.82,1,1,4,24,0,1
71,drainage,HIGH,3,100,51.88,5.81,5,1,3,48,1,1
72,pothole,MEDIUM,2,51,29.48,25.05,2,0,1,48,0,1
73,streetlight,MEDIUM,2,70,18.81,13.8,4,0,4,24,0,1
74,streetlight,MEDIUM,2,47,31.58,6.44,2,1,4,24,0,1
75,streetlight,LOW,1,20,20.08,12.25,0,0,4,24,0,1
76,garbage,MEDIUM,2,38,33.48,9.36,0,1,2,72,0,1
77,garbage,LOW,1,33,93.32,35.18,1,1,2,72,0,0
78,streetlight,HIGH,3,85,4.02,0.89,1,1,4,24,1,1
79,drainage,MEDIUM,2,42,64.45,15.88,1,0,3,48,0,1
80,other,LOW,1,26,15.49,8.3,1,0,7,72,0,0
81,drainage,MEDIUM,2,33,84.38,25.18,0,0,3,48,0,1
82,drainage,LOW,1,23,1.22,0.65,0,1,3,48,0,0
83,garbage,MEDIUM,2,37,97.56,7.39,0,0,2,72,0,1
84,garbage,CRITICAL,4,94,32.72,28.2,0,0,2,72,1,1
85,pothole,LOW,1,23,70.08,45.56,0,0,1,48,0,1
86,water_leakage,MEDIUM,2,34,26.72,18.62,0,1,5,24,0,0
87,streetlight,LOW,1,26,26.83,14.63,1,1,4,24,0,0
88,drainage,MEDIUM,2,37,13.57,2.36,0,0,3,48,0,0
89,streetlight,LOW,1,33,10.0,7.07,1,1,4,24,0,1
90,drainage,HIGH,3,100,54.01,31.74,3,1,3,48,1,1
91,drainage,HIGH,3,74,6.17,1.02,0,1,3,48,1,1
92,streetlight,MEDIUM,2,31,30.23,22.62,0,1,4,24,0,1
93,streetlight,MEDIUM,2,39,26.08,0.62,0,1,4,24,0,1
94,pothole,CRITICAL,4,95,58.09,12.94,0,1,1,48,1,1
95,drainage,LOW,1,20,50.57,30.47,0,0,3,48,0,1
96,drainage,MEDIUM,2,44,74.11,15.83,1,0,3,48,0,1
97,water_leakage,LOW,1,23,3.8,0.96,0,1,5,24,0,0
98,pothole,MEDIUM,2,37,46.88,19.37,0,1,1,48,0,1
99,pothole,LOW,1,16,47.45,44.02,0,1,1,48,0,1
100,other,MEDIUM,2,31,31.01,4.91,0,1,7,72,0,1
101,pothole,MEDIUM,2,38,10.15,8.45,0,1,1,48,0,0
102,streetlight,HIGH,3,53,42.35,5.85,0,1,4,24,0,1
103,garbage,HIGH,3,70,35.8,28.28,0,1,2,72,1,1
104,drainage,HIGH,3,91,50.11,31.68,2,1,3,48,1,1
105,water_leakage,MEDIUM,2,76,40.3,20.87,5,0,5,24,0,1
106,streetlight,LOW,1,41,32.17,16.93,2,1,4,24,0,0
107,other,CRITICAL,4,67,64.19,2.38,0,1,7,72,0,1
108,streetlight,LOW,1,51,6.23,5.42,4,0,4,24,0,1
109,other,MEDIUM,2,43,10.41,3.42,1,1,7,72,0,0
110,streetlight,HIGH,3,54,1.55,0.11,1,1,4,24,0,1
111,pothole,HIGH,3,75,60.82,4.82,0,0,1,48,1,1
112,drainage,MEDIUM,2,32,37.21,9.09,0,1,3,48,0,1
113,pothole,MEDIUM,2,33,33.05,22.58,0,1,1,48,0,1
114,drainage,MEDIUM,2,38,57.62,43.15,0,0,3,48,0,1
115,streetlight,CRITICAL,4,100,42.67,7.18,4,1,4,24,1,1
116,streetlight,HIGH,3,45,4.61,1.76,0,0,4,24,0,0
117,other,MEDIUM,2,47,1.05,0.91,1,1,7,72,0,0
118,drainage,HIGH,3,80,19.88,15.94,0,0,3,48,1,1
119,garbage,MEDIUM,2,39,117.08,46.54,0,1,2,72,0,1
120,garbage,LOW,1,23,38.25,28.59,0,0,2,72,0,0
121,drainage,MEDIUM,2,37,78.93,39.86,0,1,3,48,0,0
122,drainage,MEDIUM,2,65,29.26,3.37,4,0,3,48,0,1
123,other,MEDIUM,2,36,51.5,43.56,0,0,7,72,0,1
124,water_leakage,LOW,1,25,15.92,11.93,0,1,5,24,0,0
125,pothole,MEDIUM,2,63,40.74,25.24,3,1,1,48,0,1
126,pothole,MEDIUM,2,38,40.11,28.12,1,0,1,48,0,0
127,drainage,CRITICAL,4,93,10.03,2.36,0,1,3,48,1,1
128,other,MEDIUM,2,50,114.75,47.15,2,1,7,72,0,1
129,drainage,LOW,1,20,38.42,9.07,0,1,3,48,0,0
130,other,MEDIUM,2,37,51.6,9.79,0,1,7,72,0,1
131,garbage,MEDIUM,2,40,77.39,1.54,1,0,2,72,0,1
132,garbage,LOW,1,20,99.16,14.92,0,1,2,72,0,0
133,water_leakage,LOW,1,17,37.08,3.47,0,0,5,24,0,1
134,pothole,LOW,1,19,30.95,24.4,0,0,1,48,0,1
135,other,MEDIUM,2,39,14.73,0.94,0,1,7,72,0,1
136,water_leakage,LOW,1,43,26.57,17.45,3,1,5,24,0,1
137,pothole,LOW,1,30,41.38,16.62,1,1,1,48,0,1
138,pothole,LOW,1,28,12.82,1.62,1,1,1,48,0,0
139,water_leakage,MEDIUM,2,40,19.6,11.87,0,1,5,24,0,0
140,water_leakage,MEDIUM,2,37,9.29,4.19,0,1,5,24,0,1
141,other,LOW,1,22,55.31,36.79,0,0,7,72,0,1
142,pothole,LOW,1,40,8.34,6.16,2,1,1,48,0,0
143,water_leakage,LOW,1,23,5.28,1.87,1,1,5,24,0,0
144,water_leakage,LOW,1,16,4.48,2.27,0,1,5,24,0,0
145,water_leakage,MEDIUM,2,55,32.94,13.78,2,1,5,24,0,1
146,other,MEDIUM,2,42,78.93,47.36,1,0,7,72,0,1
147,drainage,HIGH,3,80,30.33,5.5,0,1,3,48,1,0
148,pothole,MEDIUM,2,35,18.59,7.8,0,1,1,48,0,0
149,water_leakage,MEDIUM,2,39,38.16,3.73,1,0,5,24,0,1
150,other,MEDIUM,2,35,78.68,29.82,0,1,7,72,0,1
151,drainage,MEDIUM,2,39,51.25,25.29,0,0,3,48,0,1
152,garbage,LOW,1,15,27.38,3.76,0,1,2,72,0,0
153,streetlight,LOW,1,20,16.42,11.56,0,1,4,24,0,1
154,other,LOW,1,40,2.43,2.24,2,1,7,72,0,0
155,other,MEDIUM,2,39,14.93,0.31,0,1,7,72,0,0
156,other,HIGH,3,76,11.42,9.65,0,1,7,72,1,0
157,other,LOW,1,23,43.17,7.26,0,0,7,72,0,1
158,drainage,MEDIUM,2,34,82.79,30.98,0,0,3,48,0,1
159,water_leakage,LOW,1,54,32.8,1.81,4,1,5,24,0,0
160,water_leakage,MEDIUM,2,48,39.92,13.55,1,1,5,24,0,1
161,streetlight,LOW,1,23,19.1,5.78,0,0,4,24,0,1
162,streetlight,MEDIUM,2,31,2.46,2.04,0,1,4,24,0,0
163,water_leakage,MEDIUM,2,47,25.07,22.9,1,0,5,24,0,1
164,drainage,MEDIUM,2,35,43.32,41.49,0,1,3,48,0,0
165,pothole,MEDIUM,2,38,14.91,3.69,0,1,1,48,0,0
166,drainage,MEDIUM,2,40,24.44,9.99,0,1,3,48,0,0
167,pothole,LOW,1,24,48.21,18.56,0,1,1,48,0,0
168,drainage,LOW,1,25,57.34,44.0,0,1,3,48,0,1
169,water_leakage,MEDIUM,2,40,3.66,2.05,1,1,5,24,0,0
170,other,CRITICAL,4,97,118.25,6.73,1,1,7,72,1,1
171,garbage,LOW,1,59,99.29,13.82,5,0,2,72,0,1
172,pothole,MEDIUM,2,39,46.64,34.45,0,1,1,48,0,1
173,streetlight,LOW,1,30,7.81,5.41,1,1,4,24,0,1
174,drainage,MEDIUM,2,37,20.52,9.12,0,1,3,48,0,1
175,garbage,LOW,1,40,104.8,33.77,2,1,2,72,0,0
176,streetlight,HIGH,3,79,33.61,12.07,0,0,4,24,1,1
177,drainage,LOW,1,47,41.52,15.41,3,1,3,48,0,0
178,drainage,LOW,1,16,13.85,6.22,0,1,3,48,0,0
179,garbage,HIGH,3,76,114.65,66.99,0,1,2,72,1,0
180,drainage,LOW,1,25,27.53,2.73,1,1,3,48,0,1
181,drainage,HIGH,3,54,40.82,33.93,1,1,3,48,0,1
182,garbage,HIGH,3,74,71.13,51.72,0,0,2,72,1,1
183,garbage,MEDIUM,2,39,102.89,32.91,0,1,2,72,0,1
184,other,MEDIUM,2,33,31.36,4.5,0,1,7,72,0,0
185,garbage,MEDIUM,2,38,11.1,10.81,0,1,2,72,0,0
186,water_leakage,MEDIUM,2,42,16.87,7.93,1,1,5,24,0,0
187,drainage,HIGH,3,58,29.79,21.83,1,1,3,48,0,1
188,drainage,MEDIUM,2,45,70.29,8.4,1,1,3,48,0,1
189,garbage,LOW,1,18,100.59,32.95,0,0,2,72,0,0
190,drainage,CRITICAL,4,63,44.53,44.04,0,0,3,48,0,1
191,pothole,HIGH,3,51,28.68,3.57,0,1,1,48,0,1
192,garbage,MEDIUM,2,36,64.48,59.6,0,1,2,72,0,1
193,water_leakage,CRITICAL,4,92,7.8,2.29,0,1,5,24,1,1
194,streetlight,LOW,1,32,19.18,8.57,1,1,4,24,0,0
195,drainage,MEDIUM,2,46,68.38,2.75,1,1,3,48,0,0
196,other,LOW,1,25,4.04,3.43,1,1,7,72,0,1
197,other,MEDIUM,2,43,49.62,28.15,1,1,7,72,0,1
198,pothole,MEDIUM,2,39,45.75,18.21,1,0,1,48,0,1
199,garbage,MEDIUM,2,37,50.15,28.17,0,0,2,72,0,1
200,water_leakage,LOW,1,22,39.59,11.79,0,1,5,24,0,1
201,other,MEDIUM,2,51,11.38,7.76,2,1,7,72,0,0
202,water_leakage,MEDIUM,2,48,38.51,20.43,1,1,5,24,0,1
203,drainage,MEDIUM,2,30,10.49,2.11,0,1,3,48,0,1
204,water_leakage,MEDIUM,2,42,34.72,13.24,1,0,5,24,0,1
205,other,MEDIUM,2,51,68.13,52.4,2,0,7,72,0,1
206,streetlight,MEDIUM,2,55,22.35,2.87,2,1,4,24,0,1
207,garbage,MEDIUM,2,32,118.03,3.99,0,0,2,72,0,1
208,other,LOW,1,18,122.79,37.36,0,0,7,72,0,1
209,water_leakage,LOW,1,24,27.0,14.75,0,1,5,24,0,0
210,garbage,LOW,1,15,80.93,64.94,0,1,2,72,0,0
211,pothole,LOW,1,24,81.95,37.01,0,0,1,48,0,1
212,other,LOW,1,26,115.21,39.28,1,1,7,72,0,0
213,other,MEDIUM,2,37,58.78,40.48,0,1,7,72,0,1
214,water_leakage,LOW,1,61,37.22,7.66,5,1,5,24,0,1
215,drainage,MEDIUM,2,32,9.17,2.22,0,1,3,48,0,1
216,drainage,CRITICAL,4,100,74.66,20.07,4,1,3,48,0,1
217,garbage,HIGH,3,76,64.58,33.24,0,1,2,72,1,1
218,garbage,LOW,1,25,45.74,2.31,0,1,2,72,0,0
219,drainage,MEDIUM,2,52,73.2,20.68,2,1,3,48,0,1
220,streetlight,LOW,1,22,24.27,8.7,0,1,4,24,0,0
221,drainage,HIGH,3,75,53.85,29.33,0,0,3,48,1,1
222,drainage,HIGH,3,75,17.2,8.76,0,0,3,48,1,1
223,water_leakage,MEDIUM,2,32,26.19,12.37,0,1,5,24,0,1
224,water_leakage,MEDIUM,2,55,12.93,4.35,2,1,5,24,0,1
225,pothole,MEDIUM,2,40,58.22,47.04,0,1,1,48,0,1
226,streetlight,LOW,1,15,28.32,23.33,0,0,4,24,0,1
227,garbage,MEDIUM,2,33,93.47,55.77,0,1,2,72,0,1
228,other,LOW,1,21,2.45,0.77,0,1,7,72,0,0
229,water_leakage,HIGH,3,75,37.71,17.66,0,0,5,24,1,0
230,streetlight,MEDIUM,2,59,13.55,2.35,3,1,4,24,0,0
231,other,MEDIUM,2,34,104.15,19.03,0,1,7,72,0,1
232,garbage,CRITICAL,4,100,127.3,55.52,1,1,2,72,1,1
233,other,LOW,1,20,15.79,10.69,0,1,7,72,0,0
234,garbage,LOW,1,19,37.28,26.62,0,1,2,72,0,0
235,garbage,LOW,1,32,69.8,65.12,1,0,2,72,0,1
236,garbage,LOW,1,29,86.81,38.23,1,0,2,72,0,1
237,streetlight,LOW,1,21,33.3,0.12,0,1,4,24,0,0
238,streetlight,MEDIUM,2,31,8.62,8.31,0,1,4,24,0,0
239,garbage,MEDIUM,2,56,93.72,67.44,3,0,2,72,0,1
240,pothole,CRITICAL,4,84,34.3,16.99,3,1,1,48,0,1
241,water_leakage,MEDIUM,2,38,40.11,8.04,0,1,5,24,0,1
242,garbage,HIGH,3,74,60.66,11.7,0,0,2,72,1,1
243,pothole,MEDIUM,2,48,68.32,27.25,1,0,1,48,0,1
244,streetlight,MEDIUM,2,35,3.75,2.51,0,0,4,24,0,0
245,pothole,LOW,1,56,20.35,15.34,4,1,1,48,0,1
246,other,MEDIUM,2,40,30.62,20.45,0,0,7,72,0,1
247,other,HIGH,3,96,89.46,45.99,3,1,7,72,1,1
248,streetlight,MEDIUM,2,38,26.17,9.98,0,1,4,24,0,0
249,garbage,HIGH,3,83,88.17,42.9,1,1,2,72,1,1
250,water_leakage,LOW,1,17,35.8,21.67,0,1,5,24,0,1
251,water_leakage,MEDIUM,2,37,29.39,17.21,0,1,5,24,0,0
252,streetlight,LOW,1,19,17.95,10.12,0,1,4,24,0,0
253,streetlight,LOW,1,16,0.13,0.03,0,1,4,24,0,0
254,pothole,CRITICAL,4,70,5.96,5.57,0,1,1,48,0,0
255,other,CRITICAL,4,86,48.53,43.26,0,1,7,72,1,1
256,other,HIGH,3,72,17.24,14.83,0,1,7,72,1,1
257,garbage,HIGH,3,76,98.0,70.45,0,1,2,72,1,1
258,garbage,MEDIUM,2,46,20.1,3.79,2,1,2,72,0,0
259,streetlight,MEDIUM,2,39,40.45,21.34,0,0,4,24,0,1
260,water_leakage,MEDIUM,2,38,37.68,5.87,0,1,5,24,0,1
261,pothole,LOW,1,48,85.84,11.24,3,1,1,48,0,1
262,other,HIGH,3,100,30.7,26.9,5,1,7,72,1,1
263,water_leakage,HIGH,3,55,39.38,15.02,0,1,5,24,0,1
264,water_leakage,LOW,1,22,17.99,2.68,0,1,5,24,0,1
265,garbage,LOW,1,45,91.7,58.02,3,1,2,72,0,1
266,garbage,MEDIUM,2,35,33.05,10.91,0,1,2,72,0,1
267,other,HIGH,3,87,6.68,2.52,1,0,7,72,1,1
268,water_leakage,LOW,1,18,9.02,8.19,0,1,5,24,0,0
269,other,LOW,1,18,129.54,34.48,0,1,7,72,0,1
270,garbage,MEDIUM,2,34,100.51,27.41,0,1,2,72,0,1
271,streetlight,MEDIUM,2,41,34.68,17.34,1,1,4,24,0,1
272,streetlight,LOW,1,24,37.33,17.79,0,1,4,24,0,0
273,streetlight,LOW,1,23,8.48,1.95,0,0,4,24,0,0
274,other,LOW,1,30,98.93,35.18,1,1,7,72,0,1
275,drainage,LOW,1,49,62.24,23.44,3,1,3,48,0,0
276,water_leakage,LOW,1,29,36.58,22.68,1,1,5,24,0,1
277,other,LOW,1,24,91.65,0.66,0,1,7,72,0,0
278,water_leakage,HIGH,3,74,28.48,0.38,0,1,5,24,1,1
279,drainage,LOW,1,32,70.26,32.35,2,1,3,48,0,0
280,water_leakage,LOW,1,37,8.29,4.37,2,0,5,24,0,1
281,streetlight,MEDIUM,2,31,10.51,7.33,0,1,4,24,0,0
282,other,HIGH,3,72,12.12,4.6,0,0,7,72,1,1
283,streetlight,MEDIUM,2,62,14.31,13.99,4,1,4,24,0,1
284,other,HIGH,3,54,61.62,2.87,0,1,7,72,0,1
285,garbage,HIGH,3,51,40.76,39.19,0,1,2,72,0,0
286,drainage,LOW,1,20,20.78,17.34,0,1,3,48,0,0
287,other,LOW,1,15,128.11,52.14,0,1,7,72,0,1
288,garbage,HIGH,3,77,44.14,33.94,4,1,2,72,0,1
289,streetlight,MEDIUM,2,40,15.37,14.47,0,1,4,24,0,1
290,water_leakage,LOW,1,25,10.65,0.78,0,1,5,24,0,1
291,streetlight,LOW,1,19,4.6,0.02,0,1,4,24,0,1
292,pothole,LOW,1,20,38.78,21.51,0,0,1,48,0,1
293,water_leakage,MEDIUM,2,31,14.02,5.4,0,1,5,24,0,0
294,water_leakage,HIGH,3,74,42.26,13.73,0,1,5,24,1,1
295,garbage,LOW,1,19,56.33,23.72,0,0,2,72,0,0
296,other,MEDIUM,2,36,76.96,14.08,0,1,7,72,0,1
297,water_leakage,MEDIUM,2,40,37.25,10.57,0,1,5,24,0,0
298,garbage,LOW,1,21,78.18,50.06,0,0,2,72,0,0
299,drainage,MEDIUM,2,42,54.68,46.45,1,1,3,48,0,0
300,streetlight,MEDIUM,2,78,40.27,4.8,5,0,4,24,0,1
301,other,MEDIUM,2,36,91.8,31.57,0,1,7,72,0,1
302,garbage,MEDIUM,2,39,31.37,20.66,1,1,2,72,0,1
303,water_leakage,MEDIUM,2,62,17.31,8.77,3,1,5,24,0,1
304,drainage,MEDIUM,2,57,70.18,28.5,3,0,3,48,0,1
305,drainage,LOW,1,28,52.94,27.03,1,1,3,48,0,0
306,streetlight,LOW,1,32,4.26,0.95,1,1,4,24,0,1
307,drainage,MEDIUM,2,30,66.73,28.25,0,1,3,48,0,1
308,drainage,MEDIUM,2,58,83.09,5.57,3,0,3,48,0,1
309,garbage,MEDIUM,2,39,45.14,4.41,1,1,2,72,0,1
310,other,LOW,1,26,110.05,46.65,1,0,7,72,0,1
311,water_leakage,LOW,1,17,24.19,23.0,0,1,5,24,0,1
312,other,MEDIUM,2,36,3.78,2.32,0,1,7,72,0,1
313,garbage,LOW,1,23,97.5,58.23,0,0,2,72,0,1
314,drainage,LOW,1,20,9.85,6.6,0,1,3,48,0,0
315,water_leakage,MEDIUM,2,40,4.93,1.74,0,0,5,24,0,0
316,drainage,HIGH,3,75,50.99,32.26,0,0,3,48,1,1
317,water_leakage,MEDIUM,2,38,25.77,13.8,0,1,5,24,0,0
318,other,CRITICAL,4,69,22.45,3.75,0,0,7,72,0,1
319,drainage,CRITICAL,4,66,41.87,8.17,0,1,3,48,0,1
320,streetlight,MEDIUM,2,33,19.17,3.21,0,1,4,24,0,1
321,drainage,LOW,1,22,24.94,19.47,0,1,3,48,0,0
322,pothole,MEDIUM,2,70,23.15,12.57,5,1,1,48,0,0
323,streetlight,MEDIUM,2,50,42.76,2.46,2,1,4,24,0,0
324,pothole,MEDIUM,2,33,30.12,24.6,0,1,1,48,0,1
325,other,MEDIUM,2,40,45.44,32.3,1,0,7,72,0,1
326,garbage,HIGH,3,49,73.88,38.32,0,0,2,72,0,1
327,drainage,CRITICAL,4,82,44.45,40.01,2,0,3,48,0,1
328,drainage,HIGH,3,55,10.96,9.49,0,1,3,48,0,1
329,garbage,MEDIUM,2,31,34.83,14.43,0,1,2,72,0,1
330,other,LOW,1,47,121.35,26.57,4,1,7,72,0,0
331,other,LOW,1,31,125.99,45.71,1,1,7,72,0,1
332,streetlight,HIGH,3,77,21.37,6.9,0,1,4,24,1,1
333,other,HIGH,3,63,5.95,3.73,2,0,7,72,0,1
334,pothole,CRITICAL,4,100,36.96,36.8,3,1,1,48,1,1
335,drainage,LOW,1,19,32.13,29.04,0,1,3,48,0,0
336,garbage,MEDIUM,2,39,11.82,1.13,0,0,2,72,0,1
337,other,MEDIUM,2,32,1.04,0.36,0,1,7,72,0,0
338,garbage,MEDIUM,2,32,94.71,7.37,0,1,2,72,0,1
339,garbage,MEDIUM,2,32,87.76,4.93,0,1,2,72,0,1
340,other,LOW,1,26,96.98,66.23,1,1,7,72,0,1
341,pothole,LOW,1,17,10.64,7.77,0,1,1,48,0,0
342,other,LOW,1,23,71.72,43.03,1,1,7,72,0,0
343,other,HIGH,3,48,26.63,16.16,0,1,7,72,0,1
344,pothole,LOW,1,36,55.13,3.41,2,0,1,48,0,0
345,garbage,MEDIUM,2,37,108.73,30.3,0,0,2,72,0,0
346,pothole,LOW,1,21,5.83,1.53,0,0,1,48,0,0
347,other,MEDIUM,2,38,99.42,30.5,0,1,7,72,0,1
348,drainage,LOW,1,52,6.83,6.29,4,0,3,48,0,1
349,other,HIGH,3,48,84.22,46.31,0,1,7,72,0,1
350,pothole,HIGH,3,47,10.02,6.14,0,1,1,48,0,1
351,other,LOW,1,19,1.47,0.73,0,1,7,72,0,0
352,garbage,MEDIUM,2,35,113.2,52.77,0,1,2,72,0,0
353,drainage,MEDIUM,2,46,22.72,22.15,1,1,3,48,0,1
354,streetlight,HIGH,3,54,7.21,1.13,1,1,4,24,0,1
355,water_leakage,LOW,1,17,37.1,0.29,0,1,5,24,0,1
356,pothole,MEDIUM,2,36,78.97,35.55,0,1,1,48,0,0
357,drainage,LOW,1,17,6.73,2.51,0,1,3,48,0,0
358,water_leakage,CRITICAL,4,65,41.22,1.65,0,0,5,24,0,1
359,streetlight,LOW,1,22,8.67,4.89,0,1,4,24,0,0
360,streetlight,CRITICAL,4,91,33.52,17.58,0,1,4,24,1,1
361,water_leakage,LOW,1,57,36.27,21.05,4,0,5,24,0,1
362,other,MEDIUM,2,30,13.47,7.14,0,1,7,72,0,0
363,garbage,MEDIUM,2,51,12.06,11.11,2,1,2,72,0,0
364,other,LOW,1,40,12.39,1.65,2,0,7,72,0,1
365,other,CRITICAL,4,65,30.69,8.01,0,1,7,72,0,1
366,drainage,LOW,1,24,81.52,6.53,1,0,3,48,0,1
367,streetlight,LOW,1,30,5.22,1.87,1,1,4,24,0,0
368,pothole,LOW,1,26,69.78,14.6,1,1,1,48,0,0
369,drainage,LOW,1,19,61.44,46.48,0,0,3,48,0,1
370,garbage,LOW,1,30,52.41,23.7,1,0,2,72,0,1
371,garbage,LOW,1,21,7.99,6.24,0,0,2,72,0,1
372,other,CRITICAL,4,87,10.89,6.38,3,0,7,72,0,1
373,streetlight,HIGH,3,61,3.97,3.37,2,0,4,24,0,1
374,water_leakage,MEDIUM,2,35,31.3,11.91,0,1,5,24,0,1
375,garbage,LOW,1,33,57.8,8.59,1,1,2,72,0,1
376,streetlight,HIGH,3,53,20.69,1.82,0,1,4,24,0,1
377,water_leakage,HIGH,3,79,42.74,18.77,0,1,5,24,1,1
378,streetlight,LOW,1,19,1.13,0.67,0,1,4,24,0,1
379,streetlight,MEDIUM,2,72,33.13,23.99,4,0,4,24,0,1
380,water_leakage,HIGH,3,91,39.63,1.34,5,0,5,24,0,1
381,garbage,LOW,1,23,76.79,58.05,1,1,2,72,0,0
382,drainage,CRITICAL,4,67,48.7,27.03,0,1,3,48,0,1
383,garbage,MEDIUM,2,30,11.7,2.72,0,1,2,72,0,1
384,water_leakage,LOW,1,44,5.64,4.04,3,1,5,24,0,1
385,garbage,MEDIUM,2,47,118.87,55.75,2,1,2,72,0,1
386,other,MEDIUM,2,36,13.09,3.95,0,0,7,72,0,0
387,streetlight,MEDIUM,2,43,7.53,7.29,1,1,4,24,0,1
388,water_leakage,HIGH,3,79,16.35,12.0,0,0,5,24,1,1
389,water_leakage,LOW,1,56,26.02,22.1,4,0,5,24,0,1
390,streetlight,LOW,1,56,32.2,5.71,5,0,4,24,0,1
391,other,MEDIUM,2,31,114.91,32.16,0,0,7,72,0,1
392,pothole,MEDIUM,2,36,4.16,1.82,0,0,1,48,0,1
393,streetlight,MEDIUM,2,48,16.22,13.44,1,1,4,24,0,1
394,streetlight,LOW,1,16,36.54,7.08,0,1,4,24,0,1
395,streetlight,LOW,1,56,3.24,3.05,4,1,4,24,0,0
396,other,LOW,1,32,122.14,11.88,2,0,7,72,0,1
397,garbage,MEDIUM,2,34,71.81,66.47,0,1,2,72,0,1
398,pothole,MEDIUM,2,31,47.49,23.32,0,0,1,48,0,1
399,other,MEDIUM,2,31,62.25,6.04,0,1,7,72,0,1
400,pothole,LOW,1,31,34.34,16.8,1,0,1,48,0,1
401,drainage,HIGH,3,74,31.92,14.23,0,1,3,48,1,1
402,garbage,HIGH,3,54,86.5,6.17,0,1,2,72,0,1
403,pothole,HIGH,3,73,70.71,20.09,0,1,1,48,1,1
404,pothole,MEDIUM,2,39,73.78,1.67,0,1,1,48,0,1
405,water_leakage,LOW,1,42,41.01,10.78,3,0,5,24,0,1
406,garbage,LOW,1,17,10.16,6.94,0,1,2,72,0,0
407,drainage,LOW,1,23,62.82,38.75,0,1,3,48,0,1
408,drainage,MEDIUM,2,44,79.24,0.59,1,1,3,48,0,1
409,garbage,LOW,1,48,76.2,54.6,3,1,2,72,0,0
410,drainage,HIGH,3,77,76.04,42.14,0,1,3,48,1,1
411,drainage,MEDIUM,2,35,53.42,32.68,0,1,3,48,0,0
412,pothole,MEDIUM,2,34,79.56,43.06,0,1,1,48,0,1
413,streetlight,HIGH,3,50,29.59,23.34,0,1,4,24,0,1
414,streetlight,MEDIUM,2,61,3.86,1.7,3,1,4,24,0,0
415,drainage,HIGH,3,78,44.52,7.08,0,1,3,48,1,1
416,pothole,LOW,1,15,75.62,9.63,0,0,1,48,0,0
417,other,LOW,1,25,47.74,22.16,0,1,7,72,0,1
418,drainage,MEDIUM,2,35,38.54,37.02,0,1,3,48,0,1
419,drainage,MEDIUM,2,39,59.52,13.68,0,0,3,48,0,1
420,garbage,HIGH,3,80,83.9,48.79,0,1,2,72,1,1
421,garbage,MEDIUM,2,34,77.91,0.61,0,1,2,72,0,0
422,other,MEDIUM,2,37,54.93,20.68,0,0,7,72,0,1
423,water_leakage,HIGH,3,50,17.16,1.76,0,1,5,24,0,1
424,water_leakage,MEDIUM,2,40,12.89,1.39,0,1,5,24,0,1
425,drainage,LOW,1,18,61.44,42.83,0,0,3,48,0,0
426,water_leakage,MEDIUM,2,34,13.81,1.93,0,1,5,24,0,1
427,streetlight,MEDIUM,2,75,31.83,13.99,5,1,4,24,0,1
428,garbage,MEDIUM,2,58,82.73,34.25,3,1,2,72,0,0
429,other,HIGH,3,47,23.48,2.29,0,0,7,72,0,0
430,drainage,MEDIUM,2,51,19.2,4.29,2,1,3,48,0,1
431,water_leakage,LOW,1,40,36.77,11.29,2,1,5,24,0,1
432,garbage,MEDIUM,2,32,112.43,27.48,0,0,2,72,0,1
433,garbage,LOW,1,57,127.94,64.28,5,0,2,72,0,1
434,streetlight,LOW,1,18,42.62,7.52,0,1,4,24,0,0
435,garbage,MEDIUM,2,44,20.53,16.12,1,0,2,72,0,1
436,streetlight,MEDIUM,2,30,20.62,0.1,0,1,4,24,0,0
437,water_leakage,LOW,1,20,29.24,15.04,0,1,5,24,0,1
438,pothole,MEDIUM,2,50,50.86,8.02,2,0,1,48,0,1
439,water_leakage,MEDIUM,2,77,14.59,12.96,5,1,5,24,0,1
440,garbage,LOW,1,17,117.53,58.46,0,0,2,72,0,1
441,pothole,MEDIUM,2,48,14.6,5.35,1,0,1,48,0,1
442,water_leakage,MEDIUM,2,30,25.66,1.15,0,1,5,24,0,0
443,streetlight,MEDIUM,2,48,5.34,1.35,1,0,4,24,0,1
444,drainage,MEDIUM,2,44,8.72,4.54,1,1,3,48,0,0
445,pothole,MEDIUM,2,47,53.37,13.57,1,1,1,48,0,1
446,drainage,HIGH,3,73,84.08,17.18,0,0,3,48,1,1
447,streetlight,LOW,1,49,0.12,0.08,3,1,4,24,0,0
448,pothole,HIGH,3,98,6.48,4.69,3,1,1,48,1,1
449,pothole,LOW,1,20,15.09,0.6,0,1,1,48,0,0
450,pothole,LOW,1,33,65.51,2.2,2,1,1,48,0,1
451,streetlight,CRITICAL,4,91,11.59,8.5,0,1,4,24,1,1
452,drainage,HIGH,3,72,59.61,22.96,0,1,3,48,1,1
453,pothole,CRITICAL,4,100,72.95,4.98,3,1,1,48,1,1
454,streetlight,HIGH,3,68,26.41,20.7,2,1,4,24,0,1
455,pothole,HIGH,3,61,38.08,2.41,1,0,1,48,0,1
456,water_leakage,MEDIUM,2,55,9.68,9.25,2,1,5,24,0,1
457,other,MEDIUM,2,46,62.46,41.45,1,0,7,72,0,1
458,water_leakage,LOW,1,33,27.79,3.77,2,1,5,24,0,1
459,streetlight,LOW,1,21,14.29,3.98,0,1,4,24,0,0
460,garbage,LOW,1,20,57.57,32.99,0,1,2,72,0,1
461,streetlight,MEDIUM,2,31,0.77,0.31,0,1,4,24,0,0
462,water_leakage,MEDIUM,2,43,38.45,13.5,1,1,5,24,0,1
463,pothole,HIGH,3,58,72.95,15.93,1,1,1,48,0,1
464,pothole,LOW,1,19,56.93,0.11,0,1,1,48,0,0
465,drainage,MEDIUM,2,36,3.96,0.65,0,1,3,48,0,1
466,water_leakage,LOW,1,18,5.22,4.45,0,1,5,24,0,0
467,pothole,HIGH,3,60,4.02,2.54,1,0,1,48,0,1
468,water_leakage,LOW,1,24,21.55,11.43,0,1,5,24,0,0
469,water_leakage,HIGH,3,80,39.32,16.6,0,1,5,24,1,1
470,drainage,MEDIUM,2,58,33.23,32.55,3,1,3,48,0,1
471,drainage,CRITICAL,4,64,39.13,5.22,0,1,3,48,0,1
472,water_leakage,HIGH,3,57,30.75,22.45,1,0,5,24,0,1
473,other,LOW,1,25,92.07,70.21,0,1,7,72,0,1
474,pothole,HIGH,3,77,48.58,27.97,3,1,1,48,0,1
475,streetlight,HIGH,3,72,22.58,0.57,0,1,4,24,1,0
476,other,LOW,1,15,108.78,49.72,0,1,7,72,0,1
477,streetlight,LOW,1,39,37.5,17.75,2,1,4,24,0,1
478,water_leakage,HIGH,3,88,34.51,6.9,1,1,5,24,1,1
479,water_leakage,LOW,1,38,32.13,4.87,2,1,5,24,0,0
480,other,MEDIUM,2,33,83.93,54.37,0,1,7,72,0,1
481,garbage,CRITICAL,4,97,9.65,9.29,1,0,2,72,1,1
482,garbage,LOW,1,15,109.64,0.41,0,1,2,72,0,1
483,drainage,MEDIUM,2,55,66.84,30.02,2,1,3,48,0,1
484,pothole,HIGH,3,76,27.46,6.04,0,0,1,48,1,1
485,streetlight,LOW,1,18,9.56,2.04,0,1,4,24,0,0
486,water_leakage,MEDIUM,2,80,43.05,19.77,5,0,5,24,0,1
487,garbage,HIGH,3,100,79.54,44.72,4,1,2,72,1,1
488,water_leakage,MEDIUM,2,46,1.07,0.55,1,1,5,24,0,0
489,pothole,LOW,1,23,56.29,15.38,0,0,1,48,0,1
490,other,LOW,1,32,86.88,55.7,2,1,7,72,0,1
491,other,HIGH,3,61,96.08,31.34,2,0,7,72,0,1
492,drainage,LOW,1,18,6.33,1.13,0,0,3,48,0,0
493,streetlight,MEDIUM,2,38,27.23,10.39,0,1,4,24,0,1
494,other,MEDIUM,2,46,97.97,42.16,1,0,7,72,0,1
495,other,LOW,1,25,11.21,8.58,0,1,7,72,0,1
496,garbage,MEDIUM,2,48,17.68,6.91,1,1,2,72,0,1
497,other,HIGH,3,86,125.11,62.43,1,1,7,72,1,1
498,pothole,LOW,1,44,51.55,25.78,3,1,1,48,0,1
499,other,HIGH,3,88,18.46,3.4,1,0,7,72,1,1
500,pothole,HIGH,3,71,80.56,47.73,0,1,1,48,1,1
501,garbage,MEDIUM,2,31,63.14,20.89,0,1,2,72,0,1
502,pothole,HIGH,3,87,27.46,12.37,1,1,1,48,1,1
503,drainage,CRITICAL,4,72,14.57,4.56,1,1,3,48,0,1
504,garbage,MEDIUM,2,37,42.97,20.62,0,1,2,72,0,0
505,garbage,MEDIUM,2,49,10.62,2.98,2,1,2,72,0,1
506,other,LOW,1,24,9.77,0.18,0,0,7,72,0,0
507,water_leakage,LOW,1,41,1.58,0.41,2,1,5,24,0,0
508,drainage,MEDIUM,2,54,77.02,28.3,2,0,3,48,0,1
509,streetlight,MEDIUM,2,72,0.46,0.11,4,1,4,24,0,1
510,water_leakage,LOW,1,17,6.88,3.9,0,1,5,24,0,0
511,streetlight,CRITICAL,4,95,1.75,1.33,0,0,4,24,1,1
512,drainage,MEDIUM,2,31,79.31,42.31,0,1,3,48,0,0
513,water_leakage,MEDIUM,2,36,11.81,8.77,0,1,5,24,0,0
514,drainage,MEDIUM,2,33,77.61,3.74,0,1,3,48,0,1
515,drainage,HIGH,3,68,29.81,23.63,2,0,3,48,0,1
516,pothole,MEDIUM,2,31,24.26,3.65,0,1,1,48,0,0
517,streetlight,HIGH,3,76,31.12,11.56,0,0,4,24,1,1
518,pothole,LOW,1,17,51.18,6.47,0,1,1,48,0,1
519,drainage,HIGH,3,87,44.64,18.1,4,1,3,48,0,1
520,pothole,LOW,1,21,52.4,22.63,0,0,1,48,0,1
521,water_leakage,HIGH,3,77,7.86,5.18,0,1,5,24,1,1
522,pothole,LOW,1,23,33.3,3.62,0,1,1,48,0,0
523,garbage,MEDIUM,2,38,22.99,20.73,0,1,2,72,0,0
524,pothole,LOW,1,25,56.97,43.3,0,0,1,48,0,1
525,water_leakage,MEDIUM,2,37,37.79,16.74,0,1,5,24,0,0
526,streetlight,MEDIUM,2,52,34.76,21.79,2,1,4,24,0,1
527,streetlight,HIGH,3,70,39.32,2.01,0,1,4,24,1,1
528,pothole,MEDIUM,2,43,10.18,0.07,1,1,1,48,0,0
529,pothole,LOW,1,36,56.3,12.17,2,1,1,48,0,0
530,other,MEDIUM,2,38,26.4,14.57,0,0,7,72,0,1
531,drainage,CRITICAL,4,61,49.91,37.16,0,0,3,48,0,1
532,streetlight,HIGH,3,54,41.01,2.41,0,1,4,24,0,1
533,other,LOW,1,38,50.43,32.07,2,1,7,72,0,0
534,streetlight,LOW,1,29,11.37,4.21,1,1,4,24,0,0
535,water_leakage,LOW,1,30,41.62,1.38,1,0,5,24,0,1
536,garbage,HIGH,3,73,120.63,37.31,0,1,2,72,1,1
537,other,LOW,1,21,31.01,0.01,0,1,7,72,0,0
538,streetlight,MEDIUM,2,46,8.65,0.13,1,1,4,24,0,1
539,water_leakage,HIGH,3,76,15.04,14.49,0,1,5,24,1,1
540,drainage,LOW,1,16,43.74,24.43,0,1,3,48,0,0
541,drainage,HIGH,3,81,70.26,27.59,1,1,3,48,1,1
542,streetlight,MEDIUM,2,36,38.73,20.69,0,0,4,24,0,1
543,garbage,MEDIUM,2,62,29.8,9.41,4,1,2,72,0,0
544,drainage,LOW,1,33,8.04,5.41,2,0,3,48,0,1
545,drainage,LOW,1,26,49.57,8.77,1,1,3,48,0,1
546,garbage,LOW,1,24,31.37,8.33,0,1,2,72,0,0
547,pothole,LOW,1,23,6.78,6.48,0,0,1,48,0,0
548,streetlight,MEDIUM,2,50,13.63,12.24,2,1,4,24,0,1
549,water_leakage,LOW,1,22,9.59,5.53,0,1,5,24,0,0
550,pothole,MEDIUM,2,38,34.02,23.35,0,1,1,48,0,1
551,other,LOW,1,19,87.36,27.32,0,1,7,72,0,1
552,drainage,LOW,1,18,40.72,24.97,0,1,3,48,0,1
553,drainage,MEDIUM,2,40,34.61,15.6,0,1,3,48,0,1
554,pothole,MEDIUM,2,48,69.47,26.66,2,0,1,48,0,1
555,pothole,LOW,1,36,43.17,42.97,2,1,1,48,0,0
556,drainage,LOW,1,18,74.17,2.29,0,0,3,48,0,0
557,streetlight,HIGH,3,74,4.16,3.1,0,1,4,24,1,1
558,streetlight,LOW,1,25,37.47,23.11,0,1,4,24,0,0
559,drainage,MEDIUM,2,44,58.16,23.4,1,1,3,48,0,1
560,streetlight,MEDIUM,2,56,6.26,1.05,2,1,4,24,0,0
561,streetlight,HIGH,3,74,3.08,0.5,0,1,4,24,1,1
562,streetlight,LOW,1,22,19.22,16.58,0,1,4,24,0,1
563,garbage,HIGH,3,48,16.21,3.8,0,1,2,72,0,1
564,pothole,LOW,1,23,80.94,22.71,0,1,1,48,0,0
565,pothole,LOW,1,42,53.4,4.05,3,1,1,48,0,1
566,drainage,MEDIUM,2,35,10.92,5.75,0,0,3,48,0,0
567,drainage,HIGH,3,100,40.37,35.15,3,1,3,48,1,1
568,water_leakage,MEDIUM,2,38,32.35,21.06,0,1,5,24,0,1
569,drainage,MEDIUM,2,32,19.62,1.76,0,1,3,48,0,1
570,pothole,MEDIUM,2,37,65.52,6.54,0,1,1,48,0,0
571,streetlight,LOW,1,23,33.09,19.15,0,1,4,24,0,1
572,streetlight,HIGH,3,56,18.88,4.72,1,1,4,24,0,1
573,streetlight,MEDIUM,2,42,22.32,17.85,1,1,4,24,0,1
574,other,MEDIUM,2,31,34.84,6.55,0,0,7,72,0,1
575,water_leakage,MEDIUM,2,38,30.26,11.81,0,0,5,24,0,1
576,pothole,LOW,1,15,10.8,4.74,0,0,1,48,0,0
577,drainage,MEDIUM,2,30,67.89,23.92,0,1,3,48,0,1
578,garbage,LOW,1,19,100.52,5.14,0,0,2,72,0,0
579,pothole,LOW,1,23,66.37,11.95,1,1,1,48,0,1
580,other,HIGH,3,75,67.54,66.33,0,1,7,72,1,1
581,other,LOW,1,18,121.49,37.51,0,1,7,72,0,1
582,pothole,HIGH,3,82,18.82,2.12,1,1,1,48,1,1
583,streetlight,HIGH,3,83,0.39,0.02,1,1,4,24,1,0
584,garbage,LOW,1,49,11.85,7.33,3,1,2,72,0,1
585,drainage,MEDIUM,2,38,60.59,37.99,0,0,3,48,0,1
586,drainage,HIGH,3,78,37.91,7.31,1,1,3,48,1,1
587,streetlight,MEDIUM,2,35,23.45,11.49,0,1,4,24,0,0
588,drainage,HIGH,3,74,51.73,41.31,0,1,3,48,1,1
589,streetlight,LOW,1,20,27.56,9.1,0,0,4,24,0,0
590,garbage,LOW,1,41,8.21,7.94,2,0,2,72,0,0
591,water_leakage,LOW,1,25,12.23,5.01,0,0,5,24,0,1
592,garbage,LOW,1,25,4.05,0.43,0,0,2,72,0,0
593,other,MEDIUM,2,31,80.87,42.5,0,0,7,72,0,1
594,garbage,MEDIUM,2,35,120.32,59.91,0,1,2,72,0,1
595,streetlight,HIGH,3,57,34.31,1.4,1,1,4,24,0,1
596,garbage,CRITICAL,4,88,12.59,9.13,0,0,2,72,1,1
597,garbage,MEDIUM,2,48,72.34,53.72,1,1,2,72,0,1
598,other,MEDIUM,2,40,13.49,10.69,0,1,7,72,0,1
599,water_leakage,MEDIUM,2,75,15.22,4.8,5,1,5,24,0,1
600,other,MEDIUM,2,38,94.07,43.81,0,0,7,72,0,1
601,drainage,MEDIUM,2,34,39.09,37.52,0,0,3,48,0,1
602,water_leakage,LOW,1,60,38.46,0.16,5,0,5,24,0,1
603,other,HIGH,3,77,119.12,36.81,0,1,7,72,1,1
604,garbage,LOW,1,24,115.3,17.99,0,1,2,72,0,1
605,garbage,MEDIUM,2,39,93.78,57.09,0,1,2,72,0,0
606,pothole,MEDIUM,2,30,25.95,18.97,0,0,1,48,0,0
607,drainage,LOW,1,34,70.6,19.99,2,1,3,48,0,0
608,water_leakage,HIGH,3,79,27.38,15.17,0,1,5,24,1,1
609,water_leakage,MEDIUM,2,79,6.62,4.46,5,1,5,24,0,1
610,pothole,LOW,1,24,25.04,9.87,0,0,1,48,0,0
611,water_leakage,MEDIUM,2,40,3.68,1.84,1,0,5,24,0,1
612,garbage,MEDIUM,2,41,84.53,14.12,1,1,2,72,0,1
613,drainage,HIGH,3,75,27.94,25.82,0,1,3,48,1,1
614,drainage,MEDIUM,2,77,2.09,0.64,5,1,3,48,0,0
615,streetlight,LOW,1,16,35.35,4.79,0,1,4,24,0,1
616,pothole,LOW,1,36,53.65,7.09,2,0,1,48,0,1
617,pothole,LOW,1,31,40.71,13.51,1,0,1,48,0,1
618,drainage,MEDIUM,2,44,53.83,47.63,1,1,3,48,0,1
619,other,MEDIUM,2,34,33.11,1.99,0,1,7,72,0,1
620,other,CRITICAL,4,94,8.63,5.7,1,1,7,72,1,1
621,other,MEDIUM,2,45,126.98,36.61,1,1,7,72,0,0
622,water_leakage,LOW,1,15,8.59,8.31,0,1,5,24,0,1
623,water_leakage,LOW,1,20,21.17,15.76,0,1,5,24,0,0
624,garbage,CRITICAL,4,85,126.82,19.86,0,0,2,72,1,1
625,drainage,LOW,1,23,29.53,11.6,0,1,3,48,0,0
626,water_leakage,HIGH,3,79,29.66,10.02,0,1,5,24,1,1
627,water_leakage,LOW,1,25,28.19,13.94,1,0,5,24,0,1
628,other,HIGH,3,78,117.88,30.96,3,1,7,72,0,1
629,drainage,LOW,1,17,46.05,33.13,0,1,3,48,0,0
630,drainage,HIGH,3,49,35.77,14.71,0,1,3,48,0,1
631,garbage,LOW,1,32,23.94,18.26,1,0,2,72,0,0
632,water_leakage,LOW,1,31,29.69,8.62,1,1,5,24,0,0
633,streetlight,MEDIUM,2,33,16.16,13.77,0,0,4,24,0,1
634,streetlight,HIGH,3,48,0.65,0.18,0,1,4,24,0,1
635,streetlight,HIGH,3,70,21.17,6.88,0,0,4,24,1,1
636,streetlight,MEDIUM,2,40,17.03,15.99,0,1,4,24,0,0
637,pothole,MEDIUM,2,38,39.02,32.27,0,1,1,48,0,1
638,other,LOW,1,54,50.21,38.42,4,0,7,72,0,1
639,drainage,HIGH,3,47,24.7,4.11,0,1,3,48,0,1
640,other,MEDIUM,2,46,93.66,8.15,1,1,7,72,0,1
641,streetlight,LOW,1,38,1.08,0.49,2,1,4,24,0,1
642,drainage,MEDIUM,2,39,78.38,38.23,1,0,3,48,0,1
643,other,MEDIUM,2,40,67.89,26.07,1,1,7,72,0,1
644,streetlight,LOW,1,33,7.38,2.47,2,1,4,24,0,0
645,garbage,HIGH,3,80,6.65,2.05,1,1,2,72,1,1
646,garbage,CRITICAL,4,85,0.46,0.35,0,1,2,72,1,1
647,streetlight,LOW,1,24,25.44,11.42,0,0,4,24,0,1
648,water_leakage,LOW,1,15,27.16,19.68,0,0,5,24,0,1
649,pothole,LOW,1,24,2.8,1.62,1,1,1,48,0,1
650,streetlight,CRITICAL,4,100,6.97,1.98,1,1,4,24,1,1
651,streetlight,MEDIUM,2,44,15.56,0.56,1,1,4,24,0,0
652,streetlight,HIGH,3,76,2.8,1.32,0,1,4,24,1,1
653,other,LOW,1,48,7.54,4.31,4,1,7,72,0,0
654,other,MEDIUM,2,34,102.15,50.89,0,1,7,72,0,1
655,water_leakage,MEDIUM,2,37,5.6,3.15,0,1,5,24,0,0
656,water_leakage,LOW,1,16,12.55,2.43,0,1,5,24,0,0
657,garbage,HIGH,3,45,129.47,29.81,0,1,2,72,0,1
658,other,LOW,1,15,102.41,22.16,0,1,7,72,0,1
659,drainage,LOW,1,20,62.59,29.57,0,0,3,48,0,0
660,other,MEDIUM,2,37,61.5,2.19,0,0,7,72,0,0
661,water_leakage,HIGH,3,100,19.98,16.27,3,0,5,24,1,1
662,drainage,MEDIUM,2,35,1.62,0.93,0,1,3,48,0,1
663,garbage,LOW,1,32,4.04,3.97,1,1,2,72,0,0
664,garbage,MEDIUM,2,38,112.05,54.11,1,1,2,72,0,1
665,pothole,MEDIUM,2,66,20.53,9.28,4,0,1,48,0,1
666,drainage,HIGH,3,78,67.2,43.84,0,0,3,48,1,1
667,drainage,HIGH,3,61,63.28,25.13,1,0,3,48,0,1
668,garbage,LOW,1,35,4.74,1.84,2,0,2,72,0,0
669,other,HIGH,3,65,113.0,24.0,2,0,7,72,0,1
670,drainage,MEDIUM,2,37,18.13,3.64,0,1,3,48,0,0
671,drainage,LOW,1,26,23.64,0.36,1,1,3,48,0,0
672,water_leakage,LOW,1,16,6.12,4.31,0,0,5,24,0,1
673,drainage,MEDIUM,2,60,4.38,0.13,3,0,3,48,0,1
674,streetlight,MEDIUM,2,45,30.44,21.39,1,1,4,24,0,1
675,drainage,LOW,1,38,17.12,12.98,2,0,3,48,0,1
676,pothole,HIGH,3,52,79.46,22.48,0,1,1,48,0,1
677,garbage,LOW,1,25,116.08,18.58,0,0,2,72,0,1
678,drainage,MEDIUM,2,32,2.61,1.24,0,1,3,48,0,1
679,drainage,MEDIUM,2,51,11.01,1.13,2,1,3,48,0,0
680,pothole,HIGH,3,77,46.03,18.45,0,1,1,48,1,1
681,drainage,LOW,1,60,59.97,20.7,5,1,3,48,0,1
682,garbage,LOW,1,24,86.78,53.23,1,1,2,72,0,0
683,streetlight,LOW,1,24,4.22,1.88,0,1,4,24,0,1
684,water_leakage,HIGH,3,62,16.37,8.09,1,0,5,24,0,1
685,other,HIGH,3,52,98.12,47.58,0,0,7,72,0,1
686,other,HIGH,3,58,38.85,30.86,1,1,7,72,0,0
687,water_leakage,LOW,1,20,42.61,9.7,0,0,5,24,0,0
688,pothole,LOW,1,15,48.39,46.98,0,0,1,48,0,1
689,other,MEDIUM,2,33,81.03,51.25,0,1,7,72,0,1
690,streetlight,LOW,1,19,23.99,20.23,0,1,4,24,0,0
691,other,LOW,1,25,1.5,0.97,0,1,7,72,0,0
692,garbage,LOW,1,24,83.23,29.94,0,1,2,72,0,0
693,water_leakage,LOW,1,17,22.01,12.15,0,1,5,24,0,1
694,pothole,MEDIUM,2,38,73.16,11.36,0,1,1,48,0,1
695,pothole,CRITICAL,4,62,49.09,33.83,0,1,1,48,0,1
696,water_leakage,CRITICAL,4,61,42.49,18.69,0,0,5,24,0,1
697,other,MEDIUM,2,42,124.47,5.62,1,1,7,72,0,1
698,drainage,MEDIUM,2,59,0.93,0.42,3,1,3,48,0,0
699,drainage,LOW,1,32,3.05,2.82,1,1,3,48,0,0
700,other,MEDIUM,2,79,21.91,1.13,5,1,7,72,0,1
701,streetlight,LOW,1,19,21.84,18.6,0,0,4,24,0,1
702,drainage,LOW,1,22,9.64,1.68,0,0,3,48,0,1
703,garbage,LOW,1,28,90.82,34.91,1,1,2,72,0,0
704,garbage,MEDIUM,2,44,106.5,60.31,1,1,2,72,0,1
705,streetlight,MEDIUM,2,50,7.23,4.18,2,0,4,24,0,0
706,pothole,LOW,1,23,40.09,19.09,0,1,1,48,0,1
707,other,MEDIUM,2,53,61.51,8.93,2,0,7,72,0,1
708,drainage,CRITICAL,4,90,59.0,1.97,3,1,3,48,0,1
709,other,HIGH,3,80,43.41,11.59,0,1,7,72,1,1
710,other,MEDIUM,2,43,99.86,37.44,1,1,7,72,0,1
711,other,LOW,1,20,8.81,3.62,0,1,7,72,0,0
712,drainage,LOW,1,18,2.94,1.82,0,1,3,48,0,0
713,other,LOW,1,33,124.13,6.22,1,1,7,72,0,0
714,garbage,HIGH,3,49,90.16,18.24,0,1,2,72,0,1
715,other,HIGH,3,51,99.78,23.29,0,0,7,72,0,1
716,pothole,LOW,1,18,70.23,8.54,0,1,1,48,0,0
717,garbage,MEDIUM,2,31,14.05,7.6,0,1,2,72,0,0
718,other,LOW,1,23,4.52,0.32,1,1,7,72,0,0
719,garbage,MEDIUM,2,35,0.11,0.0,0,0,2,72,0,0
720,water_leakage,LOW,1,16,30.57,18.5,0,1,5,24,0,0
721,pothole,MEDIUM,2,35,59.55,37.43,0,1,1,48,0,1
722,drainage,MEDIUM,2,35,54.63,46.02,0,1,3,48,0,1
723,streetlight,HIGH,3,49,12.53,2.54,0,1,4,24,0,1
724,pothole,MEDIUM,2,40,31.04,2.63,1,1,1,48,0,1
725,pothole,MEDIUM,2,34,51.23,23.48,0,1,1,48,0,1
726,streetlight,CRITICAL,4,88,0.71,0.24,0,1,4,24,1,1
727,other,MEDIUM,2,33,121.84,62.65,0,1,7,72,0,0
728,pothole,MEDIUM,2,57,42.24,0.81,3,1,1,48,0,1
729,garbage,LOW,1,40,81.99,65.14,2,0,2,72,0,1
730,water_leakage,LOW,1,16,35.31,2.74,0,1,5,24,0,0
731,streetlight,LOW,1,25,36.11,17.71,0,0,4,24,0,1
732,garbage,LOW,1,16,125.02,15.35,0,0,2,72,0,1
733,garbage,HIGH,3,72,21.78,8.06,0,0,2,72,1,1
734,other,MEDIUM,2,32,100.78,1.13,0,0,7,72,0,1
735,other,MEDIUM,2,48,114.94,29.97,2,1,7,72,0,1
736,other,LOW,1,24,58.37,13.97,0,1,7,72,0,1
737,streetlight,MEDIUM,2,38,3.8,3.14,0,1,4,24,0,1
738,pothole,CRITICAL,4,100,84.39,29.71,2,1,1,48,1,1
739,other,LOW,1,22,6.88,0.77,0,1,7,72,0,0
740,garbage,MEDIUM,2,35,5.59,3.6,0,1,2,72,0,0
741,streetlight,LOW,1,22,31.99,22.2,0,1,4,24,0,1
742,pothole,HIGH,3,50,62.33,28.45,0,0,1,48,0,1
743,pothole,LOW,1,34,8.47,6.25,2,1,1,48,0,1
744,water_leakage,MEDIUM,2,60,38.47,3.48,3,1,5,24,0,1
745,streetlight,MEDIUM,2,39,27.3,23.41,0,0,4,24,0,1
746,garbage,LOW,1,27,60.33,25.23,1,0,2,72,0,1
747,other,CRITICAL,4,93,117.36,41.62,0,0,7,72,1,1
748,garbage,MEDIUM,2,41,108.47,20.1,1,1,2,72,0,1
749,streetlight,MEDIUM,2,30,38.53,14.2,0,1,4,24,0,1
750,pothole,LOW,1,22,40.66,31.25,0,1,1,48,0,0
751,other,HIGH,3,48,58.64,14.1,0,0,7,72,0,1
752,drainage,LOW,1,30,86.31,0.76,1,0,3,48,0,0
753,other,MEDIUM,2,32,126.54,33.39,0,1,7,72,0,0
754,drainage,MEDIUM,2,43,60.82,0.07,1,1,3,48,0,1
755,drainage,MEDIUM,2,40,23.31,22.05,0,1,3,48,0,1
756,drainage,MEDIUM,2,39,4.74,4.48,1,1,3,48,0,0
757,streetlight,MEDIUM,2,33,15.79,2.77,0,0,4,24,0,1
758,drainage,LOW,1,42,9.81,4.69,3,1,3,48,0,0
759,garbage,LOW,1,20,116.37,36.26,0,0,2,72,0,1
760,streetlight,MEDIUM,2,34,35.84,11.28,0,1,4,24,0,1
761,drainage,HIGH,3,76,81.68,38.82,3,0,3,48,0,1
762,streetlight,HIGH,3,52,12.46,11.92,0,0,4,24,0,1
763,garbage,MEDIUM,2,64,81.29,21.11,4,1,2,72,0,1
764,streetlight,MEDIUM,2,33,27.85,7.0,0,1,4,24,0,0
765,water_leakage,MEDIUM,2,47,17.79,6.1,1,1,5,24,0,0
766,water_leakage,HIGH,3,74,19.24,5.85,0,1,5,24,1,1
767,drainage,CRITICAL,4,87,66.51,2.27,0,1,3,48,1,1
768,drainage,LOW,1,41,15.15,10.73,3,1,3,48,0,1
769,pothole,CRITICAL,4,70,49.64,21.16,0,0,1,48,0,1
770,drainage,LOW,1,15,38.74,37.79,0,0,3,48,0,1
771,streetlight,HIGH,3,78,40.94,22.27,0,1,4,24,1,1
772,other,LOW,1,33,116.12,69.81,1,1,7,72,0,1
773,water_leakage,MEDIUM,2,30,39.84,8.13,0,1,5,24,0,1
774,water_leakage,LOW,1,20,1.07,0.66,0,1,5,24,0,1
775,other,LOW,1,24,68.23,53.3,1,0,7,72,0,1
776,streetlight,MEDIUM,2,39,41.37,23.42,0,1,4,24,0,1
777,pothole,HIGH,3,90,31.2,4.62,2,1,1,48,1,1
778,drainage,CRITICAL,4,75,75.54,4.2,1,1,3,48,0,1
779,other,CRITICAL,4,88,54.93,49.24,0,1,7,72,1,1
780,water_leakage,CRITICAL,4,97,2.86,2.74,1,0,5,24,1,1
781,water_leakage,MEDIUM,2,34,24.53,21.96,0,1,5,24,0,1
782,pothole,HIGH,3,70,26.09,15.27,0,1,1,48,1,1
783,drainage,CRITICAL,4,100,72.08,22.68,1,1,3,48,1,1
784,other,LOW,1,60,15.47,4.29,5,0,7,72,0,1
785,water_leakage,MEDIUM,2,67,11.14,7.64,4,1,5,24,0,1
786,water_leakage,LOW,1,17,11.21,6.52,0,1,5,24,0,0
787,pothole,LOW,1,23,36.25,33.06,0,0,1,48,0,1
788,pothole,MEDIUM,2,38,66.22,8.8,0,1,1,48,0,1
789,drainage,HIGH,3,87,59.18,14.45,1,1,3,48,1,1
790,garbage,LOW,1,17,67.15,25.05,0,1,2,72,0,1
791,garbage,MEDIUM,2,38,107.77,57.25,0,1,2,72,0,0
792,other,MEDIUM,2,32,98.02,8.21,0,0,7,72,0,1
793,streetlight,LOW,1,23,29.85,3.34,0,1,4,24,0,0
794,drainage,LOW,1,17,26.32,19.6,0,0,3,48,0,0
795,drainage,LOW,1,24,11.25,0.88,1,1,3,48,0,1
796,streetlight,HIGH,3,79,1.84,0.2,1,1,4,24,1,0
797,pothole,LOW,1,26,57.68,36.22,1,1,1,48,0,0
798,garbage,LOW,1,40,45.56,4.14,2,1,2,72,0,1
799,garbage,HIGH,3,45,101.19,44.13,0,0,2,72,0,1
800,other,LOW,1,16,36.53,32.94,0,1,7,72,0,0
801,water_leakage,HIGH,3,75,20.51,14.32,0,1,5,24,1,0
802,streetlight,LOW,1,56,9.83,1.11,5,0,4,24,0,1
803,streetlight,HIGH,3,74,30.44,13.37,0,1,4,24,1,1
804,other,LOW,1,21,126.51,31.96,0,0,7,72,0,1
805,pothole,HIGH,3,55,69.33,45.08,0,0,1,48,0,1
806,streetlight,MEDIUM,2,31,29.23,2.86,0,1,4,24,0,0
807,garbage,LOW,1,16,126.39,24.38,0,1,2,72,0,1
808,streetlight,MEDIUM,2,40,12.03,8.58,0,0,4,24,0,0
809,drainage,MEDIUM,2,37,52.11,19.41,0,0,3,48,0,1
810,drainage,MEDIUM,2,31,19.94,18.79,0,1,3,48,0,0
811,pothole,CRITICAL,4,86,33.06,22.45,0,1,1,48,1,1
812,water_leakage,HIGH,3,83,34.25,4.85,1,1,5,24,1,1
813,water_leakage,MEDIUM,2,36,41.15,0.76,0,1,5,24,0,1
814,streetlight,MEDIUM,2,40,1.55,0.27,1,1,4,24,0,0
815,garbage,LOW,1,23,50.42,38.53,0,1,2,72,0,0
816,water_leakage,MEDIUM,2,39,24.29,3.75,0,0,5,24,0,0
817,water_leakage,MEDIUM,2,32,33.11,6.83,0,1,5,24,0,0
818,drainage,HIGH,3,83,50.45,36.73,1,1,3,48,1,1
819,pothole,MEDIUM,2,31,21.39,13.86,0,1,1,48,0,0
820,pothole,LOW,1,24,1.7,0.56,0,1,1,48,0,0
821,streetlight,LOW,1,61,30.07,14.11,5,1,4,24,0,1
822,pothole,HIGH,3,50,8.64,5.84,0,1,1,48,0,1
823,drainage,MEDIUM,2,54,37.67,18.72,2,1,3,48,0,1
824,drainage,LOW,1,16,86.07,19.3,0,1,3,48,0,0
825,water_leakage,LOW,1,34,14.55,0.98,2,1,5,24,0,1
826,pothole,MEDIUM,2,33,26.08,20.97,0,1,1,48,0,1
827,drainage,MEDIUM,2,38,39.16,29.9,0,0,3,48,0,0
828,water_leakage,MEDIUM,2,64,28.55,19.77,3,0,5,24,0,1
829,water_leakage,HIGH,3,85,39.18,22.43,1,0,5,24,1,1
830,garbage,MEDIUM,2,31,99.21,60.78,0,1,2,72,0,1
831,streetlight,LOW,1,26,12.4,1.99,1,0,4,24,0,1
832,garbage,LOW,1,21,103.3,22.36,0,1,2,72,0,0
833,pothole,LOW,1,31,23.56,0.69,1,0,1,48,0,1
834,pothole,CRITICAL,4,77,41.98,0.84,2,0,1,48,0,1
835,streetlight,HIGH,3,48,29.02,21.26,0,1,4,24,0,1
836,other,MEDIUM,2,38,15.64,10.39,0,1,7,72,0,1
837,pothole,LOW,1,21,10.56,8.52,0,1,1,48,0,0
838,other,LOW,1,22,54.8,7.91,0,1,7,72,0,1
839,water_leakage,LOW,1,22,23.05,16.12,0,1,5,24,0,0
840,drainage,HIGH,3,87,80.95,17.42,1,1,3,48,1,1
841,other,MEDIUM,2,46,121.93,49.73,1,0,7,72,0,1
842,other,CRITICAL,4,66,47.03,38.2,0,1,7,72,0,1
843,streetlight,HIGH,3,96,39.65,7.22,3,1,4,24,1,1
844,other,LOW,1,24,105.27,46.4,1,0,7,72,0,0
845,streetlight,MEDIUM,2,39,17.84,15.01,1,1,4,24,0,0
846,other,LOW,1,28,8.6,3.62,1,1,7,72,0,0
847,pothole,HIGH,3,73,55.41,8.82,0,1,1,48,1,1
848,drainage,MEDIUM,2,48,9.58,2.39,1,1,3,48,0,0
849,water_leakage,MEDIUM,2,34,34.24,7.67,0,1,5,24,0,1
850,water_leakage,HIGH,3,54,34.54,4.77,0,0,5,24,0,1
851,pothole,HIGH,3,96,55.91,30.08,3,1,1,48,1,1
852,water_leakage,MEDIUM,2,31,11.24,1.0,0,1,5,24,0,1
853,water_leakage,MEDIUM,2,41,39.74,10.89,1,0,5,24,0,1
854,drainage,LOW,1,35,42.7,5.56,2,1,3,48,0,0
855,garbage,MEDIUM,2,39,52.94,7.73,0,0,2,72,0,1
856,garbage,MEDIUM,2,35,88.68,32.99,0,0,2,72,0,0
857,streetlight,MEDIUM,2,39,30.82,17.0,1,0,4,24,0,1
858,pothole,LOW,1,64,20.29,18.43,5,1,1,48,0,0
859,pothole,LOW,1,49,43.59,16.61,4,1,1,48,0,0
860,water_leakage,LOW,1,22,7.75,1.32,0,1,5,24,0,1
861,drainage,MEDIUM,2,37,37.41,9.74,0,1,3,48,0,0
862,drainage,MEDIUM,2,50,80.03,13.58,2,1,3,48,0,1
863,streetlight,HIGH,3,63,13.63,13.56,1,0,4,24,0,1
864,streetlight,LOW,1,22,6.42,1.48,0,0,4,24,0,1
865,streetlight,LOW,1,17,15.4,10.92,0,1,4,24,0,1
866,pothole,LOW,1,32,24.55,20.5,1,1,1,48,0,0
867,water_leakage,LOW,1,24,43.11,0.1,1,0,5,24,0,1
868,streetlight,MEDIUM,2,44,38.33,0.62,1,1,4,24,0,1
869,pothole,HIGH,3,90,13.29,1.08,2,1,1,48,1,1
870,pothole,LOW,1,24,3.79,2.36,0,1,1,48,0,1
871,pothole,HIGH,3,54,24.45,19.51,1,1,1,48,0,1
872,garbage,LOW,1,21,99.91,28.72,0,0,2,72,0,0
873,drainage,MEDIUM,2,34,82.46,7.4,0,1,3,48,0,0
874,water_leakage,LOW,1,21,28.75,19.97,0,1,5,24,0,1
875,water_leakage,MEDIUM,2,40,3.9,1.65,0,0,5,24,0,1
876,pothole,MEDIUM,2,45,84.09,32.47,1,1,1,48,0,1
877,other,MEDIUM,2,56,37.68,16.48,3,1,7,72,0,0
878,other,HIGH,3,70,109.06,37.66,0,0,7,72,1,1
879,water_leakage,MEDIUM,2,34,4.08,2.7,0,0,5,24,0,1
880,water_leakage,LOW,1,23,31.99,11.11,1,1,5,24,0,1
881,other,LOW,1,27,76.1,32.76,1,1,7,72,0,1
882,garbage,LOW,1,21,10.14,9.96,0,1,2,72,0,0
883,pothole,MEDIUM,2,40,1.15,0.75,0,1,1,48,0,0
884,water_leakage,MEDIUM,2,48,13.08,10.64,1,1,5,24,0,1
885,drainage,LOW,1,34,11.67,2.23,2,1,3,48,0,0
886,garbage,MEDIUM,2,54,18.81,4.55,2,1,2,72,0,1
887,drainage,HIGH,3,52,12.8,5.4,0,1,3,48,0,0
888,streetlight,LOW,1,21,19.42,4.71,0,1,4,24,0,1
889,pothole,LOW,1,24,73.24,20.73,0,1,1,48,0,0
890,water_leakage,CRITICAL,4,67,1.6,0.64,0,1,5,24,0,1
891,pothole,MEDIUM,2,36,36.46,11.52,0,1,1,48,0,0
892,pothole,MEDIUM,2,42,81.13,16.64,1,0,1,48,0,1
893,streetlight,LOW,1,48,10.03,2.2,3,1,4,24,0,0
894,other,MEDIUM,2,48,17.0,4.99,1,1,7,72,0,0
895,drainage,HIGH,3,63,69.1,40.54,1,0,3,48,0,1
896,garbage,LOW,1,19,78.51,7.27,0,1,2,72,0,1
897,water_leakage,LOW,1,23,0.78,0.69,0,0,5,24,0,1
898,pothole,LOW,1,20,9.85,2.23,0,1,1,48,0,0
899,pothole,HIGH,3,62,48.13,43.02,2,1,1,48,0,1
900,streetlight,HIGH,3,78,41.59,18.14,4,1,4,24,0,1
901,pothole,MEDIUM,2,34,14.43,1.7,0,1,1,48,0,0
902,water_leakage,MEDIUM,2,31,37.61,3.7,0,1,5,24,0,0
903,streetlight,CRITICAL,4,100,33.23,0.16,2,1,4,24,1,1
904,drainage,MEDIUM,2,38,35.86,22.57,0,1,3,48,0,1
905,garbage,LOW,1,39,55.58,51.02,2,1,2,72,0,0
906,drainage,CRITICAL,4,98,38.24,29.45,1,1,3,48,1,1
907,garbage,MEDIUM,2,63,50.97,1.89,3,0,2,72,0,1
908,other,CRITICAL,4,100,103.56,63.06,4,1,7,72,0,1
909,other,MEDIUM,2,32,117.84,0.57,0,1,7,72,0,0
910,streetlight,MEDIUM,2,43,38.34,14.98,1,1,4,24,0,0
911,other,MEDIUM,2,32,25.57,7.71,0,1,7,72,0,0
912,water_leakage,LOW,1,17,4.01,2.21,0,1,5,24,0,1
913,water_leakage,MEDIUM,2,39,10.43,8.07,1,1,5,24,0,0
914,drainage,LOW,1,30,43.85,5.43,1,1,3,48,0,1
915,other,LOW,1,33,43.93,10.37,1,1,7,72,0,0
916,water_leakage,LOW,1,33,12.93,8.62,2,1,5,24,0,0
917,water_leakage,MEDIUM,2,37,4.55,2.35,0,1,5,24,0,1
918,other,MEDIUM,2,33,53.4,4.93,0,0,7,72,0,1
919,drainage,MEDIUM,2,47,34.8,19.45,1,1,3,48,0,1
920,streetlight,CRITICAL,4,100,29.77,22.75,1,1,4,24,1,1
921,other,MEDIUM,2,37,125.46,36.95,0,1,7,72,0,1
922,other,LOW,1,16,72.45,66.36,0,1,7,72,0,1
923,water_leakage,LOW,1,19,22.58,2.66,0,1,5,24,0,1
924,garbage,LOW,1,34,76.42,3.5,2,1,2,72,0,1
925,other,MEDIUM,2,55,15.85,5.53,2,1,7,72,0,1
926,streetlight,HIGH,3,61,33.75,11.41,1,1,4,24,0,1
927,streetlight,MEDIUM,2,39,6.44,4.68,0,1,4,24,0,0
928,garbage,HIGH,3,79,43.93,2.01,1,1,2,72,1,1
929,other,LOW,1,25,81.66,55.55,0,1,7,72,0,0
930,garbage,CRITICAL,4,100,70.22,53.2,4,1,2,72,0,1
931,pothole,MEDIUM,2,39,45.95,44.22,0,0,1,48,0,1
932,water_leakage,MEDIUM,2,52,17.36,0.78,2,0,5,24,0,1
933,pothole,HIGH,3,72,27.42,7.05,0,0,1,48,1,1
934,pothole,LOW,1,17,82.27,32.57,0,1,1,48,0,1
935,pothole,LOW,1,32,8.53,1.22,2,0,1,48,0,1
936,garbage,HIGH,3,78,75.95,35.49,1,1,2,72,1,1
937,water_leakage,MEDIUM,2,34,20.92,8.52,0,1,5,24,0,1
938,water_leakage,MEDIUM,2,44,10.64,5.9,1,1,5,24,0,1
939,other,MEDIUM,2,33,101.46,10.25,0,0,7,72,0,1
940,streetlight,CRITICAL,4,86,23.98,1.0,2,1,4,24,0,0
941,pothole,LOW,1,20,79.64,13.12,0,1,1,48,0,0
942,garbage,MEDIUM,2,42,66.14,3.01,1,1,2,72,0,1
943,other,LOW,1,24,18.1,10.07,0,1,7,72,0,0
944,drainage,HIGH,3,100,81.68,30.49,4,1,3,48,1,0
945,drainage,LOW,1,39,82.86,15.77,3,0,3,48,0,1
946,pothole,HIGH,3,69,58.12,19.83,2,1,1,48,0,1
947,other,MEDIUM,2,47,69.81,62.31,2,1,7,72,0,1
948,streetlight,HIGH,3,85,15.46,2.74,1,1,4,24,1,1
949,garbage,MEDIUM,2,35,28.71,0.57,0,1,2,72,0,1
950,water_leakage,MEDIUM,2,70,34.92,5.31,5,1,5,24,0,1
951,other,MEDIUM,2,50,27.1,5.31,2,1,7,72,0,0
952,streetlight,LOW,1,25,8.37,6.18,1,1,4,24,0,1
953,garbage,MEDIUM,2,50,16.52,15.42,2,1,2,72,0,1
954,other,LOW,1,30,125.69,48.8,1,1,7,72,0,1
955,streetlight,MEDIUM,2,60,40.74,1.24,3,1,4,24,0,1
956,other,MEDIUM,2,30,64.23,33.22,0,1,7,72,0,1
957,streetlight,MEDIUM,2,30,13.66,5.35,0,1,4,24,0,0
958,garbage,CRITICAL,4,95,54.93,4.09,0,0,2,72,1,1
959,pothole,MEDIUM,2,42,69.82,28.44,1,1,1,48,0,1
960,streetlight,LOW,1,16,14.72,0.8,0,1,4,24,0,0
961,water_leakage,MEDIUM,2,30,4.13,1.85,0,1,5,24,0,0
962,other,LOW,1,25,16.53,15.19,0,1,7,72,0,0
963,pothole,MEDIUM,2,36,48.32,14.16,0,0,1,48,0,1
964,water_leakage,HIGH,3,46,26.96,10.88,0,1,5,24,0,1
965,other,HIGH,3,71,58.85,19.31,0,0,7,72,1,1
966,garbage,HIGH,3,47,16.33,8.31,0,1,2,72,0,1
967,pothole,LOW,1,51,26.93,11.74,4,1,1,48,0,0
968,water_leakage,HIGH,3,79,6.37,1.97,0,1,5,24,1,1
969,garbage,LOW,1,34,65.72,54.89,2,1,2,72,0,0
970,other,HIGH,3,62,101.77,24.59,1,1,7,72,0,1
971,water_leakage,MEDIUM,2,30,14.5,4.34,0,0,5,24,0,1
972,pothole,MEDIUM,2,35,59.89,22.39,0,1,1,48,0,0
973,streetlight,LOW,1,15,7.96,7.88,0,0,4,24,0,0
974,garbage,LOW,1,23,25.19,14.76,1,0,2,72,0,1
975,drainage,LOW,1,17,76.5,34.5,0,1,3,48,0,1
976,garbage,HIGH,3,54,118.02,1.51,1,1,2,72,0,1
977,garbage,LOW,1,32,31.12,25.19,1,1,2,72,0,0
978,other,LOW,1,29,18.72,17.3,1,0,7,72,0,0
979,drainage,MEDIUM,2,33,84.41,11.74,0,1,3,48,0,0
980,drainage,HIGH,3,62,28.31,1.51,1,1,3,48,0,0
981,garbage,MEDIUM,2,44,101.69,56.95,1,0,2,72,0,1
982,other,HIGH,3,77,48.5,25.17,0,1,7,72,1,1
983,streetlight,MEDIUM,2,41,25.11,15.31,1,1,4,24,0,1
984,garbage,MEDIUM,2,32,30.38,6.64,0,1,2,72,0,0
985,drainage,LOW,1,18,7.32,5.5,0,1,3,48,0,0
986,streetlight,MEDIUM,2,37,14.53,6.56,0,1,4,24,0,1
987,streetlight,LOW,1,19,19.08,5.07,0,1,4,24,0,0
988,water_leakage,MEDIUM,2,35,3.38,0.93,0,0,5,24,0,1
989,garbage,LOW,1,27,87.49,18.0,1,1,2,72,0,1
990,water_leakage,CRITICAL,4,97,43.13,18.06,1,1,5,24,1,1
991,drainage,HIGH,3,78,34.89,14.16,0,1,3,48,1,0
992,garbage,HIGH,3,78,29.49,21.33,0,0,2,72,1,1
993,other,HIGH,3,67,44.15,3.79,2,1,7,72,0,1
994,streetlight,HIGH,3,68,1.3,0.18,2,1,4,24,0,0
995,drainage,LOW,1,23,36.21,24.83,0,1,3,48,0,1
996,water_leakage,LOW,1,20,33.93,22.13,0,1,5,24,0,0
997,water_leakage,HIGH,3,76,24.79,9.38,0,1,5,24,1,1
998,pothole,LOW,1,25,83.11,30.67,0,0,1,48,0,1
999,pothole,HIGH,3,73,52.13,1.29,0,1,1,48,1,1
1000,other,MEDIUM,2,36,58.92,21.72,0,1,7,72,0,1
1001,pothole,LOW,1,18,36.15,26.87,0,1,1,48,0,1
1002,garbage,LOW,1,19,106.0,47.87,0,1,2,72,0,0
1003,water_leakage,MEDIUM,2,76,19.83,4.0,5,1,5,24,0,1
1004,garbage,MEDIUM,2,31,117.98,63.31,0,1,2,72,0,1
1005,streetlight,LOW,1,17,36.4,19.02,0,1,4,24,0,1
1006,garbage,HIGH,3,100,95.03,32.96,3,0,2,72,1,1
1007,pothole,LOW,1,24,75.21,13.14,1,0,1,48,0,1
1008,other,HIGH,3,79,117.77,29.61,1,0,7,72,1,1
1009,drainage,MEDIUM,2,40,14.24,2.95,0,0,3,48,0,0
1010,other,MEDIUM,2,34,44.54,17.79,0,0,7,72,0,1
1011,garbage,LOW,1,18,97.03,34.9,0,1,2,72,0,0
1012,streetlight,LOW,1,16,35.44,20.2,0,0,4,24,0,1
1013,pothole,MEDIUM,2,40,33.77,2.62,1,1,1,48,0,1
1014,garbage,LOW,1,25,4.46,3.01,0,1,2,72,0,0
1015,other,MEDIUM,2,47,85.54,7.4,1,1,7,72,0,1
1016,streetlight,HIGH,3,70,40.13,8.99,0,0,4,24,1,1
1017,garbage,MEDIUM,2,40,8.19,7.85,0,1,2,72,0,1
1018,garbage,LOW,1,24,66.42,54.17,0,1,2,72,0,1
1019,water_leakage,MEDIUM,2,30,18.48,4.3,0,1,5,24,0,1
1020,drainage,LOW,1,32,18.38,4.05,1,0,3,48,0,1
1021,pothole,HIGH,3,54,35.52,27.26,0,1,1,48,0,1
1022,pothole,MEDIUM,2,40,84.79,33.42,1,1,1,48,0,1
1023,other,HIGH,3,87,89.12,70.42,1,0,7,72,1,1
1024,water_leakage,MEDIUM,2,79,10.04,5.9,5,0,5,24,0,1
1025,pothole,LOW,1,28,63.76,36.35,1,0,1,48,0,1
1026,garbage,LOW,1,46,26.49,1.0,3,1,2,72,0,0
1027,drainage,LOW,1,21,27.44,21.59,0,1,3,48,0,0
1028,drainage,HIGH,3,80,19.79,14.5,0,0,3,48,1,0
1029,other,MEDIUM,2,40,28.83,25.16,0,0,7,72,0,1
1030,streetlight,LOW,1,16,8.31,5.27,0,0,4,24,0,1
1031,water_leakage,HIGH,3,73,40.25,5.67,0,1,5,24,1,1
1032,garbage,MEDIUM,2,69,39.28,22.64,4,0,2,72,0,1
1033,drainage,MEDIUM,2,32,14.49,6.4,0,1,3,48,0,0
1034,streetlight,LOW,1,32,16.48,14.07,1,1,4,24,0,0
1035,water_leakage,MEDIUM,2,39,11.12,5.15,0,1,5,24,0,0
1036,drainage,LOW,1,23,40.54,6.27,0,0,3,48,0,0
1037,drainage,MEDIUM,2,69,79.98,45.13,4,1,3,48,0,1
1038,water_leakage,LOW,1,17,38.23,23.82,0,1,5,24,0,1
1039,streetlight,CRITICAL,4,65,33.32,18.04,0,1,4,24,0,1
1040,other,MEDIUM,2,35,54.96,13.56,0,1,7,72,0,0
1041,other,LOW,1,25,86.27,10.65,1,1,7,72,0,1
1042,water_leakage,MEDIUM,2,36,28.62,3.87,0,0,5,24,0,1
1043,water_leakage,CRITICAL,4,100,3.47,3.16,2,0,5,24,1,1
1044,water_leakage,MEDIUM,2,31,16.54,5.09,0,1,5,24,0,1
1045,water_leakage,HIGH,3,82,14.88,2.12,1,1,5,24,1,1
1046,garbage,HIGH,3,59,0.2,0.01,1,1,2,72,0,1
1047,drainage,LOW,1,24,11.61,5.65,0,0,3,48,0,0
1048,garbage,LOW,1,21,97.19,58.26,0,1,2,72,0,1
1049,water_leakage,LOW,1,16,27.49,1.92,0,0,5,24,0,1
1050,water_leakage,LOW,1,15,20.96,15.94,0,0,5,24,0,1
1051,pothole,LOW,1,27,45.13,0.33,1,1,1,48,0,0
1052,streetlight,HIGH,3,81,26.11,8.08,1,1,4,24,1,1
1053,other,MEDIUM,2,46,79.16,70.22,2,1,7,72,0,1
1054,other,MEDIUM,2,38,108.27,66.6,0,0,7,72,0,1
1055,other,HIGH,3,88,32.21,14.56,1,1,7,72,1,1
1056,other,CRITICAL,4,65,105.32,1.2,0,0,7,72,0,1
1057,garbage,MEDIUM,2,37,51.86,31.77,0,1,2,72,0,0
1058,other,HIGH,3,79,95.16,21.16,0,0,7,72,1,1
1059,other,MEDIUM,2,38,16.57,13.2,0,1,7,72,0,0
1060,streetlight,LOW,1,26,19.28,2.23,1,0,4,24,0,1
1061,other,MEDIUM,2,35,13.67,13.58,0,1,7,72,0,0
1062,drainage,LOW,1,33,22.26,10.6,2,0,3,48,0,0
1063,other,MEDIUM,2,55,11.72,8.11,2,1,7,72,0,1
1064,drainage,MEDIUM,2,38,61.99,35.33,0,1,3,48,0,0
1065,streetlight,HIGH,3,48,9.66,1.12,0,0,4,24,0,1
1066,pothole,MEDIUM,2,34,11.01,3.45,0,1,1,48,0,1
1067,water_leakage,LOW,1,25,16.77,7.1,1,1,5,24,0,0
1068,water_leakage,MEDIUM,2,50,4.6,0.04,2,1,5,24,0,0
1069,streetlight,MEDIUM,2,38,6.37,1.8,1,1,4,24,0,0
1070,drainage,MEDIUM,2,56,59.5,13.13,2,1,3,48,0,0
1071,streetlight,LOW,1,34,41.75,1.41,2,0,4,24,0,1
1072,garbage,MEDIUM,2,36,6.81,5.9,0,1,2,72,0,1
1073,other,HIGH,3,75,20.63,0.44,0,1,7,72,1,1
1074,streetlight,LOW,1,47,31.4,6.78,3,1,4,24,0,1
1075,garbage,LOW,1,19,102.55,62.34,0,1,2,72,0,1
1076,garbage,MEDIUM,2,49,57.27,27.63,2,0,2,72,0,1
1077,pothole,MEDIUM,2,44,73.97,4.89,1,1,1,48,0,0
1078,streetlight,MEDIUM,2,30,7.27,0.41,0,1,4,24,0,1
1079,water_leakage,MEDIUM,2,38,25.63,23.27,1,1,5,24,0,1
1080,streetlight,MEDIUM,2,48,29.72,22.91,1,1,4,24,0,1
1081,streetlight,HIGH,3,79,28.09,6.61,1,1,4,24,1,1
1082,other,MEDIUM,2,34,66.06,1.52,0,1,7,72,0,0
1083,pothole,HIGH,3,79,15.65,7.58,1,1,1,48,1,1
1084,other,HIGH,3,94,103.06,13.31,2,0,7,72,1,1
1085,water_leakage,MEDIUM,2,39,22.42,13.11,1,1,5,24,0,0
1086,garbage,CRITICAL,4,90,116.33,13.01,0,0,2,72,1,1
1087,garbage,MEDIUM,2,31,84.58,6.32,0,1,2,72,0,0
1088,water_leakage,LOW,1,50,41.74,4.12,4,1,5,24,0,1
1089,water_leakage,HIGH,3,75,12.67,6.77,0,1,5,24,1,1
1090,water_leakage,LOW,1,19,4.28,3.51,0,0,5,24,0,0
1091,garbage,CRITICAL,4,61,78.04,15.55,0,0,2,72,0,1
1092,drainage,MEDIUM,2,36,78.08,19.2,0,0,3,48,0,0
1093,garbage,MEDIUM,2,73,9.14,6.7,5,1,2,72,0,0
1094,water_leakage,MEDIUM,2,36,35.45,14.52,0,0,5,24,0,1
1095,water_leakage,LOW,1,28,11.67,6.2,1,1,5,24,0,0
1096,drainage,HIGH,3,81,67.23,7.02,1,0,3,48,1,1
1097,pothole,HIGH,3,62,10.67,5.62,2,1,1,48,0,1
1098,other,MEDIUM,2,35,36.55,9.91,0,0,7,72,0,0
1099,streetlight,LOW,1,29,34.82,16.27,1,1,4,24,0,1
1100,garbage,LOW,1,32,88.99,51.35,1,0,2,72,0,1
1101,pothole,HIGH,3,85,55.23,17.77,1,1,1,48,1,1
1102,drainage,HIGH,3,48,43.39,11.97,0,1,3,48,0,1
1103,pothole,CRITICAL,4,61,35.12,10.98,0,0,1,48,0,1
1104,pothole,LOW,1,37,24.7,22.96,2,0,1,48,0,0
1105,other,LOW,1,24,64.52,44.2,1,1,7,72,0,1
1106,water_leakage,LOW,1,20,35.92,0.17,0,1,5,24,0,1
1107,other,MEDIUM,2,54,119.29,71.94,3,1,7,72,0,1
1108,garbage,MEDIUM,2,32,114.3,37.69,0,0,2,72,0,1
1109,pothole,MEDIUM,2,33,32.75,12.23,0,1,1,48,0,0
1110,pothole,LOW,1,21,41.74,11.05,0,1,1,48,0,1
1111,drainage,HIGH,3,68,82.87,24.75,2,1,3,48,0,1
1112,pothole,MEDIUM,2,32,28.39,10.05,0,1,1,48,0,1
1113,pothole,LOW,1,16,42.51,3.6,0,0,1,48,0,0
1114,pothole,LOW,1,21,56.73,10.85,0,0,1,48,0,0
1115,water_leakage,HIGH,3,92,4.7,2.06,2,0,5,24,1,1
1116,other,LOW,1,15,24.57,0.99,0,1,7,72,0,1
1117,garbage,CRITICAL,4,95,124.38,70.77,0,1,2,72,1,1
1118,drainage,HIGH,3,55,67.42,19.19,1,1,3,48,0,1
1119,pothole,HIGH,3,75,10.9,3.75,0,1,1,48,1,1
1120,water_leakage,MEDIUM,2,33,18.76,5.43,0,1,5,24,0,0
1121,other,MEDIUM,2,49,32.33,24.79,2,1,7,72,0,0
1122,streetlight,LOW,1,25,30.52,19.44,1,1,4,24,0,1
1123,water_leakage,MEDIUM,2,33,6.42,0.77,0,0,5,24,0,0
1124,streetlight,LOW,1,25,8.62,7.45,0,1,4,24,0,0
1125,garbage,LOW,1,27,62.1,31.66,1,1,2,72,0,1
1126,drainage,MEDIUM,2,40,21.34,19.1,0,0,3,48,0,0
1127,garbage,LOW,1,22,36.31,22.02,0,0,2,72,0,1
1128,drainage,LOW,1,28,57.8,32.78,1,0,3,48,0,1
1129,drainage,MEDIUM,2,39,50.88,29.03,0,0,3,48,0,1
1130,pothole,LOW,1,25,64.16,5.78,0,1,1,48,0,0
1131,garbage,MEDIUM,2,37,119.94,5.39,0,1,2,72,0,0
1132,garbage,MEDIUM,2,38,19.92,2.55,0,1,2,72,0,0
1133,drainage,MEDIUM,2,38,61.98,43.72,0,1,3,48,0,0
1134,garbage,MEDIUM,2,33,90.29,9.28,0,1,2,72,0,0
1135,streetlight,MEDIUM,2,38,23.0,11.81,0,1,4,24,0,1
1136,streetlight,MEDIUM,2,30,11.73,2.16,0,0,4,24,0,0
1137,water_leakage,MEDIUM,2,34,30.57,12.6,0,0,5,24,0,1
1138,garbage,LOW,1,27,69.15,20.18,1,1,2,72,0,0
1139,drainage,HIGH,3,100,4.45,4.36,5,0,3,48,1,1
1140,water_leakage,CRITICAL,4,100,14.02,13.27,2,0,5,24,1,1
1141,pothole,MEDIUM,2,42,0.9,0.32,1,0,1,48,0,0
1142,water_leakage,MEDIUM,2,36,37.5,22.54,0,1,5,24,0,0
1143,drainage,HIGH,3,95,54.8,26.44,2,0,3,48,1,1
1144,streetlight,LOW,1,16,10.01,7.27,0,1,4,24,0,0
1145,streetlight,LOW,1,25,37.25,4.53,0,1,4,24,0,1
1146,drainage,LOW,1,24,15.36,6.05,1,0,3,48,0,1
1147,streetlight,HIGH,3,54,41.92,2.41,0,1,4,24,0,1
1148,streetlight,LOW,1,26,35.71,18.32,1,0,4,24,0,1
1149,drainage,LOW,1,48,54.21,0.65,4,1,3,48,0,1
1150,drainage,HIGH,3,57,7.34,1.02,1,1,3,48,0,1
1151,garbage,LOW,1,15,70.44,18.84,0,0,2,72,0,1
1152,drainage,LOW,1,18,76.59,19.93,0,0,3,48,0,1
1153,garbage,MEDIUM,2,39,37.18,34.26,1,1,2,72,0,1
1154,pothole,LOW,1,20,82.64,13.53,0,1,1,48,0,0
1155,pothole,HIGH,3,47,52.23,8.55,0,1,1,48,0,1
1156,other,LOW,1,25,105.96,25.08,0,1,7,72,0,1
1157,drainage,HIGH,3,80,61.46,3.67,0,1,3,48,1,1
1158,garbage,MEDIUM,2,39,93.49,56.56,0,0,2,72,0,1
1159,other,LOW,1,20,11.72,11.66,0,1,7,72,0,0
1160,streetlight,MEDIUM,2,40,17.88,14.19,0,1,4,24,0,0
1161,streetlight,MEDIUM,2,36,21.47,11.46,0,1,4,24,0,1
1162,other,MEDIUM,2,41,74.89,49.93,1,1,7,72,0,1
1163,garbage,CRITICAL,4,100,2.22,1.24,4,1,2,72,1,1
1164,garbage,LOW,1,50,18.68,15.94,4,1,2,72,0,1
1165,garbage,LOW,1,23,17.86,17.18,1,1,2,72,0,0
1166,streetlight,MEDIUM,2,32,30.3,15.91,0,1,4,24,0,1
1167,drainage,LOW,1,33,21.17,0.26,2,1,3,48,0,0
1168,garbage,MEDIUM,2,40,90.53,21.56,0,1,2,72,0,0
1169,drainage,LOW,1,25,5.18,3.33,1,0,3,48,0,1
1170,streetlight,MEDIUM,2,54,37.84,13.3,2,1,4,24,0,1
1171,garbage,MEDIUM,2,32,20.32,19.78,0,1,2,72,0,0
1172,streetlight,MEDIUM,2,39,9.46,1.74,1,1,4,24,0,0
1173,streetlight,MEDIUM,2,35,28.2,9.72,0,0,4,24,0,1
1174,garbage,LOW,1,26,13.53,4.91,1,1,2,72,0,0
1175,water_leakage,LOW,1,42,9.15,0.1,3,0,5,24,0,1
1176,pothole,LOW,1,22,7.35,4.19,0,1,1,48,0,1
1177,drainage,LOW,1,31,26.66,26.14,1,1,3,48,0,1
1178,streetlight,MEDIUM,2,38,42.07,16.86,0,1,4,24,0,1
1179,garbage,LOW,1,33,103.17,34.34,2,0,2,72,0,1
1180,streetlight,LOW,1,25,27.04,22.87,0,0,4,24,0,1
1181,other,LOW,1,28,124.89,37.17,1,1,7,72,0,1
1182,garbage,LOW,1,25,46.7,39.97,0,1,2,72,0,0
1183,garbage,CRITICAL,4,85,78.65,68.98,0,1,2,72,1,1
1184,drainage,MEDIUM,2,35,83.72,37.51,0,0,3,48,0,1
1185,drainage,LOW,1,22,24.2,8.79,0,0,3,48,0,1
1186,streetlight,CRITICAL,4,91,32.97,10.61,3,1,4,24,0,1
1187,drainage,MEDIUM,2,39,74.04,44.02,0,1,3,48,0,0
1188,drainage,LOW,1,31,35.7,16.07,2,1,3,48,0,0
1189,other,LOW,1,16,102.46,50.38,0,0,7,72,0,1
1190,garbage,MEDIUM,2,51,110.66,16.06,2,1,2,72,0,1
1191,other,MEDIUM,2,36,106.05,7.86,0,0,7,72,0,1
1192,garbage,MEDIUM,2,45,8.36,2.86,1,0,2,72,0,1
1193,streetlight,LOW,1,23,6.73,3.16,1,1,4,24,0,0
1194,streetlight,LOW,1,50,34.93,18.95,4,0,4,24,0,1
1195,other,MEDIUM,2,31,32.67,5.75,0,0,7,72,0,1
1196,other,MEDIUM,2,46,54.4,11.65,2,0,7,72,0,1
1197,streetlight,LOW,1,22,32.54,3.95,0,1,4,24,0,0
1198,garbage,CRITICAL,4,94,56.61,51.66,0,1,2,72,1,1
1199,other,MEDIUM,2,75,79.9,23.31,5,1,7,72,0,1
1200,streetlight,CRITICAL,4,93,21.58,6.83,1,1,4,24,1,0
1201,garbage,MEDIUM,2,33,82.8,41.64,0,1,2,72,0,1
1202,water_leakage,HIGH,3,45,25.96,5.19,0,0,5,24,0,1
1203,drainage,LOW,1,41,77.47,24.1,2,1,3,48,0,0
1204,streetlight,MEDIUM,2,31,15.22,8.25,0,1,4,24,0,0
1205,streetlight,MEDIUM,2,40,7.64,4.55,0,1,4,24,0,0
1206,streetlight,MEDIUM,2,55,30.33,22.51,3,0,4,24,0,1
1207,pothole,LOW,1,24,1.42,1.32,0,1,1,48,0,0
1208,pothole,MEDIUM,2,41,43.49,35.05,1,1,1,48,0,1
1209,streetlight,MEDIUM,2,69,4.95,4.24,4,1,4,24,0,1
1210,other,MEDIUM,2,34,96.05,0.55,0,0,7,72,0,1
1211,other,LOW,1,21,108.67,57.25,0,0,7,72,0,1
1212,pothole,LOW,1,36,32.35,26.42,2,1,1,48,0,1
1213,water_leakage,CRITICAL,4,69,10.45,10.17,0,1,5,24,0,1
1214,other,MEDIUM,2,33,94.36,29.02,0,0,7,72,0,1
1215,garbage,MEDIUM,2,50,81.83,56.47,2,1,2,72,0,0
1216,garbage,CRITICAL,4,85,26.41,2.46,0,1,2,72,1,1
1217,water_leakage,HIGH,3,88,3.4,1.3,1,0,5,24,1,1
1218,garbage,LOW,1,21,116.37,21.38,0,0,2,72,0,0
1219,other,LOW,1,16,10.75,1.55,0,1,7,72,0,1
1220,water_leakage,LOW,1,20,6.13,1.61,0,0,5,24,0,0
1221,garbage,MEDIUM,2,31,63.64,1.4,0,1,2,72,0,1
1222,streetlight,MEDIUM,2,46,13.55,12.3,2,0,4,24,0,0
1223,other,MEDIUM,2,69,78.62,2.26,4,1,7,72,0,0
1224,water_leakage,MEDIUM,2,54,6.84,5.07,3,0,5,24,0,1
1225,water_leakage,MEDIUM,2,35,6.58,5.71,0,0,5,24,0,1
1226,pothole,MEDIUM,2,35,81.2,12.84,0,1,1,48,0,0
1227,other,LOW,1,18,96.58,35.7,0,1,7,72,0,1
1228,garbage,MEDIUM,2,39,115.0,20.24,0,1,2,72,0,1
1229,garbage,CRITICAL,4,69,63.22,55.82,0,1,2,72,0,1
1230,streetlight,MEDIUM,2,40,24.5,8.98,1,0,4,24,0,1
1231,water_leakage,LOW,1,39,17.7,10.69,2,1,5,24,0,1
1232,pothole,LOW,1,18,69.9,20.61,0,0,1,48,0,1
1233,drainage,LOW,1,26,27.17,0.26,1,1,3,48,0,0
1234,drainage,HIGH,3,82,48.53,18.51,1,1,3,48,1,1
1235,other,LOW,1,28,115.69,30.37,1,1,7,72,0,1
1236,pothole,HIGH,3,75,43.08,42.66,0,0,1,48,1,1
1237,garbage,MEDIUM,2,53,36.94,23.78,2,1,2,72,0,1
1238,streetlight,LOW,1,22,23.05,12.16,0,0,4,24,0,1
1239,streetlight,MEDIUM,2,35,11.87,8.94,0,1,4,24,0,0
1240,pothole,MEDIUM,2,47,60.17,21.82,2,1,1,48,0,0
1241,water_leakage,LOW,1,21,9.68,7.99,0,1,5,24,0,1
1242,pothole,LOW,1,39,77.96,17.71,3,1,1,48,0,1
1243,pothole,LOW,1,21,81.83,3.6,0,1,1,48,0,1
1244,garbage,HIGH,3,76,75.62,8.63,0,0,2,72,1,1
1245,other,LOW,1,28,68.38,39.51,1,1,7,72,0,0
1246,streetlight,LOW,1,18,11.4,3.38,0,1,4,24,0,0
1247,other,HIGH,3,52,90.07,5.41,0,0,7,72,0,1
1248,garbage,MEDIUM,2,43,44.12,35.92,1,1,2,72,0,0
1249,drainage,MEDIUM,2,35,56.62,40.69,0,0,3,48,0,1
1250,streetlight,HIGH,3,74,22.18,17.3,0,0,4,24,1,1
1251,water_leakage,MEDIUM,2,45,6.36,5.58,1,0,5,24,0,1
1252,pothole,MEDIUM,2,35,45.87,16.14,0,1,1,48,0,1
1253,garbage,MEDIUM,2,30,55.84,18.64,0,1,2,72,0,0
1254,other,HIGH,3,53,25.13,4.76,0,0,7,72,0,1
1255,other,LOW,1,24,32.26,3.58,0,1,7,72,0,1
1256,pothole,MEDIUM,2,44,23.8,21.01,1,1,1,48,0,1
1257,other,HIGH,3,54,89.64,35.65,0,0,7,72,0,1
1258,pothole,LOW,1,18,43.48,30.46,0,1,1,48,0,1
1259,other,LOW,1,22,24.28,21.85,0,0,7,72,0,1
1260,pothole,LOW,1,32,22.8,1.75,1,1,1,48,0,0
1261,streetlight,MEDIUM,2,39,21.09,5.22,0,1,4,24,0,0
1262,drainage,HIGH,3,75,45.38,7.59,0,0,3,48,1,1
1263,other,MEDIUM,2,35,70.72,46.92,0,1,7,72,0,1
1264,drainage,HIGH,3,100,66.92,41.13,3,1,3,48,1,1
1265,other,LOW,1,30,126.83,61.65,1,0,7,72,0,1
1266,water_leakage,MEDIUM,2,44,42.05,8.63,1,0,5,24,0,1
1267,drainage,HIGH,3,74,58.65,43.16,0,1,3,48,1,1
1268,drainage,HIGH,3,100,33.78,14.1,5,1,3,48,1,1
1269,water_leakage,LOW,1,24,34.36,13.6,1,1,5,24,0,0
1270,streetlight,HIGH,3,72,6.36,4.33,0,0,4,24,1,1
1271,drainage,LOW,1,16,25.46,11.56,0,1,3,48,0,1
1272,drainage,LOW,1,19,30.43,25.39,0,0,3,48,0,0
1273,water_leakage,MEDIUM,2,33,33.22,3.72,0,0,5,24,0,1
1274,pothole,LOW,1,21,2.78,2.59,0,1,1,48,0,0
1275,pothole,HIGH,3,54,79.5,28.66,0,1,1,48,0,1
1276,garbage,LOW,1,25,53.95,10.77,0,0,2,72,0,1
1277,garbage,MEDIUM,2,35,113.52,31.46,0,1,2,72,0,1
1278,other,MEDIUM,2,30,60.7,25.96,0,1,7,72,0,0
1279,pothole,CRITICAL,4,100,36.37,27.49,1,1,1,48,1,1
1280,water_leakage,MEDIUM,2,44,24.43,7.04,1,1,5,24,0,1
1281,streetlight,HIGH,3,55,37.8,11.05,0,0,4,24,0,1
1282,water_leakage,LOW,1,24,12.55,6.04,0,0,5,24,0,0
1283,other,MEDIUM,2,32,90.92,37.17,0,1,7,72,0,1
1284,other,MEDIUM,2,45,20.06,12.6,1,1,7,72,0,0
1285,garbage,LOW,1,18,0.0,0.0,0,0,2,72,0,1
1286,pothole,HIGH,3,48,38.35,2.13,0,1,1,48,0,0
1287,water_leakage,LOW,1,25,26.47,10.54,1,0,5,24,0,1
1288,garbage,LOW,1,18,96.5,17.33,0,1,2,72,0,1
1289,drainage,LOW,1,21,8.64,5.09,0,0,3,48,0,0
1290,pothole,MEDIUM,2,36,70.29,7.11,0,0,1,48,0,1
1291,drainage,LOW,1,20,56.2,31.55,0,1,3,48,0,0
1292,streetlight,HIGH,3,48,19.8,0.18,0,1,4,24,0,1
1293,other,MEDIUM,2,39,66.49,11.6,0,1,7,72,0,1
1294,other,HIGH,3,88,18.15,14.25,1,1,7,72,1,1
1295,streetlight,MEDIUM,2,34,7.79,5.52,0,1,4,24,0,1
1296,drainage,MEDIUM,2,46,50.17,28.06,2,0,3,48,0,1
1297,garbage,LOW,1,26,86.22,35.96,1,1,2,72,0,0
1298,other,HIGH,3,54,13.66,12.03,1,1,7,72,0,1
1299,drainage,LOW,1,23,73.16,3.5,1,1,3,48,0,0
1300,drainage,LOW,1,26,38.84,5.17,1,1,3,48,0,1
1301,streetlight,MEDIUM,2,33,9.74,7.23,0,1,4,24,0,1
1302,pothole,MEDIUM,2,51,57.77,9.77,2,1,1,48,0,0
1303,water_leakage,MEDIUM,2,48,3.11,0.58,1,1,5,24,0,0
1304,garbage,HIGH,3,72,73.92,34.11,0,1,2,72,1,1
1305,streetlight,MEDIUM,2,34,16.25,1.15,0,1,4,24,0,1
1306,streetlight,LOW,1,19,25.98,7.94,0,1,4,24,0,1
1307,drainage,LOW,1,23,75.3,46.47,0,1,3,48,0,0
1308,water_leakage,LOW,1,35,26.73,13.1,2,1,5,24,0,0
1309,pothole,LOW,1,31,22.54,7.54,1,0,1,48,0,0
1310,drainage,HIGH,3,54,57.31,42.16,0,0,3,48,0,1
1311,pothole,LOW,1,31,6.11,2.54,1,1,1,48,0,0
1312,garbage,LOW,1,21,5.41,0.19,0,1,2,72,0,0
1313,garbage,LOW,1,37,7.17,5.55,2,1,2,72,0,0
1314,other,LOW,1,21,62.49,24.19,0,0,7,72,0,1
1315,pothole,MEDIUM,2,36,77.51,47.16,0,0,1,48,0,1
1316,garbage,LOW,1,31,76.28,16.35,1,1,2,72,0,0
1317,pothole,HIGH,3,75,21.59,1.23,0,1,1,48,1,1
1318,other,HIGH,3,46,129.35,9.34,0,1,7,72,0,1
1319,water_leakage,LOW,1,38,30.47,19.52,2,1,5,24,0,0
1320,drainage,HIGH,3,53,25.29,16.53,0,0,3,48,0,1
1321,drainage,HIGH,3,78,60.96,29.85,0,0,3,48,1,1
1322,other,MEDIUM,2,41,15.91,11.53,1,0,7,72,0,0
1323,other,HIGH,3,90,123.51,1.53,2,0,7,72,1,1
1324,pothole,LOW,1,22,73.84,18.43,0,1,1,48,0,1
1325,garbage,MEDIUM,2,43,85.53,38.34,1,0,2,72,0,1
1326,water_leakage,HIGH,3,70,14.52,12.03,0,1,5,24,1,1
1327,water_leakage,MEDIUM,2,39,18.47,13.47,1,0,5,24,0,1
1328,other,CRITICAL,4,68,37.25,36.91,0,1,7,72,0,1
1329,streetlight,MEDIUM,2,64,42.88,5.72,3,0,4,24,0,1
1330,pothole,CRITICAL,4,89,66.64,14.2,0,0,1,48,1,1
1331,other,HIGH,3,72,78.8,8.95,0,1,7,72,1,1
1332,pothole,MEDIUM,2,33,40.3,38.93,0,1,1,48,0,1
1333,water_leakage,CRITICAL,4,89,11.94,7.29,0,0,5,24,1,1
1334,streetlight,LOW,1,24,27.23,3.53,1,0,4,24,0,1
1335,garbage,MEDIUM,2,30,111.53,41.75,0,1,2,72,0,0
1336,drainage,CRITICAL,4,100,1.39,1.18,2,1,3,48,1,1
1337,pothole,MEDIUM,2,40,9.78,0.76,0,1,1,48,0,0
1338,other,MEDIUM,2,44,36.69,0.91,1,1,7,72,0,0
1339,drainage,MEDIUM,2,32,84.11,29.85,0,0,3,48,0,1
1340,pothole,LOW,1,32,18.27,5.72,1,1,1,48,0,0
1341,garbage,MEDIUM,2,40,75.52,47.31,0,1,2,72,0,1
1342,pothole,CRITICAL,4,100,85.74,27.14,5,1,1,48,0,1
1343,water_leakage,HIGH,3,79,26.23,15.82,0,1,5,24,1,1
1344,garbage,LOW,1,16,103.55,70.38,0,1,2,72,0,0
1345,streetlight,MEDIUM,2,35,38.03,8.69,0,1,4,24,0,1
1346,water_leakage,LOW,1,39,33.97,5.51,2,1,5,24,0,1
1347,streetlight,MEDIUM,2,39,28.77,14.53,1,1,4,24,0,1
1348,streetlight,MEDIUM,2,48,6.41,3.17,2,0,4,24,0,0
1349,pothole,LOW,1,24,36.17,27.69,1,1,1,48,0,1
1350,pothole,HIGH,3,76,2.07,0.35,0,1,1,48,1,0
1351,drainage,LOW,1,20,60.21,11.59,0,1,3,48,0,0
1352,water_leakage,LOW,1,45,31.2,1.77,3,1,5,24,0,1
1353,other,HIGH,3,53,37.49,17.89,0,0,7,72,0,1
1354,pothole,MEDIUM,2,38,31.96,20.75,0,1,1,48,0,0
1355,drainage,CRITICAL,4,69,8.37,2.49,0,1,3,48,0,1
1356,streetlight,LOW,1,50,16.59,12.56,4,0,4,24,0,1
1357,drainage,MEDIUM,2,34,53.18,4.77,0,0,3,48,0,1
1358,garbage,HIGH,3,95,37.39,34.31,5,1,2,72,0,1
1359,pothole,LOW,1,23,72.47,36.23,0,1,1,48,0,0
1360,garbage,LOW,1,24,107.89,1.86,0,1,2,72,0,1
1361,streetlight,MEDIUM,2,31,35.9,7.08,0,1,4,24,0,1
1362,streetlight,MEDIUM,2,35,3.75,0.51,0,1,4,24,0,0
1363,other,HIGH,3,53,94.27,23.55,0,0,7,72,0,1
1364,pothole,MEDIUM,2,38,27.2,25.15,0,1,1,48,0,1
1365,water_leakage,MEDIUM,2,40,37.91,0.86,1,0,5,24,0,1
1366,garbage,MEDIUM,2,50,34.38,5.21,2,1,2,72,0,1
1367,other,HIGH,3,86,123.23,61.72,1,0,7,72,1,1
1368,other,LOW,1,25,54.19,14.26,0,1,7,72,0,1
1369,water_leakage,MEDIUM,2,37,7.78,2.33,0,0,5,24,0,1
1370,other,MEDIUM,2,34,46.28,22.26,0,0,7,72,0,1
1371,streetlight,LOW,1,16,28.62,2.78,0,1,4,24,0,1
1372,streetlight,MEDIUM,2,52,33.42,11.61,2,1,4,24,0,1
1373,pothole,LOW,1,28,43.85,39.02,1,0,1,48,0,1
1374,drainage,MEDIUM,2,37,69.9,20.41,0,0,3,48,0,1
1375,drainage,MEDIUM,2,38,3.94,1.76,0,1,3,48,0,1
1376,other,LOW,1,15,125.49,43.97,0,1,7,72,0,0
1377,pothole,HIGH,3,81,28.8,10.16,1,0,1,48,1,1
1378,garbage,CRITICAL,4,98,108.62,28.48,1,0,2,72,1,1
1379,garbage,MEDIUM,2,54,32.23,0.44,2,1,2,72,0,1
1380,streetlight,HIGH,3,45,1.83,0.52,0,1,4,24,0,1
1381,pothole,HIGH,3,62,32.65,13.08,2,1,1,48,0,1
1382,other,MEDIUM,2,40,94.95,1.45,1,1,7,72,0,1
1383,water_leakage,HIGH,3,70,8.39,5.08,0,1,5,24,1,1
1384,streetlight,LOW,1,16,11.42,7.49,0,0,4,24,0,1
1385,streetlight,MEDIUM,2,30,20.88,18.95,0,0,4,24,0,0
1386,other,MEDIUM,2,30,48.31,26.4,0,0,7,72,0,1
1387,garbage,MEDIUM,2,40,61.79,6.73,0,0,2,72,0,0
1388,pothole,MEDIUM,2,36,17.94,16.9,0,0,1,48,0,1
1389,streetlight,MEDIUM,2,36,36.27,18.25,0,1,4,24,0,1
1390,drainage,HIGH,3,73,3.15,2.17,0,1,3,48,1,0
1391,streetlight,MEDIUM,2,38,13.52,8.82,0,1,4,24,0,0
1392,other,CRITICAL,4,70,10.55,1.11,1,1,7,72,0,1
1393,pothole,LOW,1,17,37.81,36.75,0,1,1,48,0,0
1394,water_leakage,MEDIUM,2,36,32.36,13.13,0,0,5,24,0,0
1395,other,HIGH,3,55,87.7,37.62,1,1,7,72,0,1
1396,other,LOW,1,22,79.57,51.44,0,0,7,72,0,1
1397,drainage,HIGH,3,45,62.22,40.92,0,1,3,48,0,1
1398,garbage,LOW,1,16,8.69,8.49,0,0,2,72,0,0
1399,drainage,LOW,1,18,54.0,28.53,0,1,3,48,0,1
1400,pothole,HIGH,3,95,23.72,19.47,2,1,1,48,1,1
1401,drainage,MEDIUM,2,33,55.43,9.72,0,0,3,48,0,1
1402,drainage,MEDIUM,2,47,10.95,5.72,1,1,3,48,0,0
1403,water_leakage,MEDIUM,2,41,41.76,17.69,1,1,5,24,0,1
1404,garbage,CRITICAL,4,65,11.84,9.51,0,0,2,72,0,1
1405,pothole,LOW,1,16,69.75,20.42,0,1,1,48,0,1
1406,streetlight,MEDIUM,2,38,16.65,7.9,0,1,4,24,0,1
1407,water_leakage,HIGH,3,69,41.27,22.69,2,1,5,24,0,1
1408,other,HIGH,3,75,88.82,40.17,0,1,7,72,1,1
1409,other,LOW,1,34,54.96,33.91,2,1,7,72,0,1
1410,garbage,CRITICAL,4,90,129.01,14.1,0,0,2,72,1,1
1411,drainage,HIGH,3,51,43.44,0.56,0,1,3,48,0,1
1412,other,MEDIUM,2,37,35.53,2.03,0,0,7,72,0,0
1413,other,MEDIUM,2,39,22.52,16.89,1,1,7,72,0,1
1414,pothole,MEDIUM,2,31,61.63,33.87,0,1,1,48,0,1
1415,pothole,LOW,1,18,55.08,2.99,0,1,1,48,0,0
1416,other,LOW,1,24,108.51,61.07,0,1,7,72,0,0
1417,drainage,MEDIUM,2,47,81.26,19.35,2,1,3,48,0,1
1418,water_leakage,LOW,1,23,11.52,1.99,0,1,5,24,0,0
1419,other,MEDIUM,2,35,108.59,0.23,0,1,7,72,0,1
1420,other,LOW,1,40,120.56,6.35,3,0,7,72,0,1
1421,water_leakage,MEDIUM,2,37,0.87,0.15,0,1,5,24,0,1
1422,other,CRITICAL,4,86,39.89,27.16,3,1,7,72,0,1
1423,streetlight,MEDIUM,2,33,7.69,1.08,0,0,4,24,0,1
1424,garbage,LOW,1,24,38.22,26.66,0,1,2,72,0,0
1425,other,MEDIUM,2,39,107.5,49.47,0,1,7,72,0,1
1426,water_leakage,MEDIUM,2,42,42.93,10.41,1,1,5,24,0,1
1427,other,CRITICAL,4,88,71.49,53.13,0,1,7,72,1,1
1428,pothole,HIGH,3,79,44.67,28.19,0,1,1,48,1,1
1429,water_leakage,HIGH,3,77,13.93,1.46,0,1,5,24,1,1
1430,other,HIGH,3,52,24.25,8.68,0,1,7,72,0,0
1431,streetlight,MEDIUM,2,35,30.0,17.54,0,0,4,24,0,1
1432,streetlight,MEDIUM,2,54,12.97,12.59,2,1,4,24,0,1
1433,streetlight,HIGH,3,54,41.21,9.62,0,1,4,24,0,0
1434,water_leakage,LOW,1,15,42.01,18.04,0,1,5,24,0,0
1435,drainage,HIGH,3,48,12.22,4.23,0,1,3,48,0,0
1436,drainage,LOW,1,17,15.95,13.68,0,1,3,48,0,0
1437,drainage,LOW,1,18,13.77,1.38,0,1,3,48,0,0
1438,other,MEDIUM,2,59,60.07,14.58,3,1,7,72,0,0
1439,garbage,MEDIUM,2,47,42.39,12.01,1,1,2,72,0,1
1440,pothole,LOW,1,17,57.88,46.57,0,1,1,48,0,0
1441,drainage,MEDIUM,2,31,43.33,0.07,0,1,3,48,0,0
1442,garbage,MEDIUM,2,32,5.73,1.73,0,1,2,72,0,0
1443,drainage,LOW,1,17,58.34,23.07,0,1,3,48,0,1
1444,other,MEDIUM,2,40,13.79,11.12,0,1,7,72,0,0
1445,pothole,LOW,1,33,11.12,5.64,1,0,1,48,0,0
1446,streetlight,MEDIUM,2,45,2.35,1.0,1,0,4,24,0,1
1447,streetlight,MEDIUM,2,36,36.47,23.32,0,0,4,24,0,1
1448,streetlight,HIGH,3,100,3.46,0.02,3,1,4,24,1,1
1449,other,HIGH,3,70,56.36,26.19,0,1,7,72,1,1
1450,other,MEDIUM,2,42,55.17,37.24,1,0,7,72,0,1
1451,drainage,MEDIUM,2,30,38.6,11.49,0,0,3,48,0,1
1452,streetlight,LOW,1,29,3.63,0.34,1,1,4,24,0,0
1453,drainage,CRITICAL,4,84,59.53,11.72,2,1,3,48,0,1
1454,pothole,LOW,1,48,32.21,4.73,4,1,1,48,0,1
1455,other,LOW,1,19,120.2,53.95,0,0,7,72,0,1
1456,other,HIGH,3,74,108.46,31.21,0,0,7,72,1,1
1457,water_leakage,HIGH,3,51,10.53,8.41,0,1,5,24,0,1
1458,other,HIGH,3,57,35.88,24.09,1,1,7,72,0,1
1459,garbage,LOW,1,25,53.7,6.97,0,1,2,72,0,1
1460,garbage,LOW,1,32,91.89,15.92,1,1,2,72,0,0
1461,water_leakage,MEDIUM,2,35,25.71,12.99,0,1,5,24,0,1
1462,drainage,HIGH,3,76,13.11,11.2,0,1,3,48,1,1
1463,pothole,MEDIUM,2,31,49.36,3.77,0,1,1,48,0,1
1464,water_leakage,MEDIUM,2,47,12.61,3.98,1,0,5,24,0,1
1465,water_leakage,MEDIUM,2,38,18.64,18.56,0,1,5,24,0,0
1466,garbage,MEDIUM,2,60,69.67,26.37,3,0,2,72,0,1
1467,pothole,MEDIUM,2,44,15.43,2.46,1,1,1,48,0,0
1468,drainage,HIGH,3,80,36.13,21.65,0,1,3,48,1,1
1469,other,LOW,1,38,69.42,27.22,2,1,7,72,0,1
1470,streetlight,LOW,1,22,37.73,9.6,0,1,4,24,0,0
1471,other,HIGH,3,86,49.68,32.45,4,1,7,72,0,1
1472,water_leakage,MEDIUM,2,43,43.15,14.39,1,1,5,24,0,1
1473,garbage,MEDIUM,2,40,61.16,5.56,0,1,2,72,0,1
1474,water_leakage,HIGH,3,73,36.73,3.87,0,1,5,24,1,1
1475,drainage,LOW,1,22,2.67,1.54,0,1,3,48,0,0
1476,garbage,CRITICAL,4,70,64.83,7.21,1,1,2,72,0,1
1477,other,CRITICAL,4,74,0.89,0.03,1,1,7,72,0,1
1478,streetlight,CRITICAL,4,68,38.16,12.9,1,1,4,24,0,1
1479,other,LOW,1,29,105.19,59.64,1,0,7,72,0,1
1480,water_leakage,MEDIUM,2,39,19.01,14.97,0,1,5,24,0,0
1481,pothole,MEDIUM,2,37,31.66,20.79,0,0,1,48,0,1
1482,pothole,LOW,1,27,59.94,22.0,1,1,1,48,0,1
1483,other,MEDIUM,2,32,102.04,50.37,0,1,7,72,0,1
1484,drainage,LOW,1,25,76.05,27.05,1,1,3,48,0,0
1485,drainage,MEDIUM,2,40,38.0,11.21,1,1,3,48,0,1
1486,streetlight,LOW,1,15,9.85,8.38,0,0,4,24,0,1
1487,other,MEDIUM,2,35,112.78,37.21,0,1,7,72,0,1
1488,water_leakage,HIGH,3,94,13.58,5.08,2,1,5,24,1,1
1489,streetlight,HIGH,3,74,0.61,0.58,0,1,4,24,1,1
1490,other,HIGH,3,53,84.24,25.67,0,1,7,72,0,1
1491,other,LOW,1,16,86.09,28.69,0,1,7,72,0,1
1492,water_leakage,HIGH,3,81,23.23,1.85,1,1,5,24,1,1
1493,other,LOW,1,17,121.35,61.74,0,1,7,72,0,1
1494,water_leakage,LOW,1,25,11.99,8.91,1,1,5,24,0,0
1495,pothole,LOW,1,15,21.08,16.05,0,0,1,48,0,1
1496,other,LOW,1,24,61.99,27.39,0,0,7,72,0,1
1497,streetlight,LOW,1,46,0.41,0.18,3,1,4,24,0,0
1498,garbage,MEDIUM,2,76,82.29,54.4,5,0,2,72,0,1
1499,streetlight,MEDIUM,2,34,14.2,6.86,0,1,4,24,0,0
1500,garbage,LOW,1,25,87.85,36.22,1,0,2,72,0,1
1501,drainage,HIGH,3,46,44.02,21.83,0,1,3,48,0,0
1502,streetlight,LOW,1,18,29.68,19.74,0,0,4,24,0,1
1503,water_leakage,LOW,1,26,33.11,11.33,1,1,5,24,0,0
1504,garbage,LOW,1,25,24.87,9.85,0,0,2,72,0,1
1505,water_leakage,CRITICAL,4,75,28.23,18.93,1,0,5,24,0,1
1506,drainage,MEDIUM,2,50,26.46,19.23,2,1,3,48,0,1
1507,streetlight,HIGH,3,47,0.25,0.23,0,1,4,24,0,0
1508,drainage,LOW,1,28,60.85,10.01,1,0,3,48,0,1
1509,streetlight,HIGH,3,74,14.07,7.88,0,0,4,24,1,1
1510,garbage,LOW,1,15,93.68,67.79,0,1,2,72,0,0
1511,streetlight,MEDIUM,2,36,39.26,11.69,0,1,4,24,0,1
1512,pothole,MEDIUM,2,56,23.85,8.81,3,0,1,48,0,0
1513,pothole,LOW,1,19,66.98,19.86,0,0,1,48,0,1
1514,water_leakage,LOW,1,31,10.59,6.07,1,0,5,24,0,0
1515,other,LOW,1,28,100.06,4.9,1,1,7,72,0,0
1516,drainage,HIGH,3,75,38.52,34.07,0,1,3,48,1,1
1517,other,LOW,1,21,78.23,67.15,0,1,7,72,0,1
1518,streetlight,HIGH,3,100,35.93,1.45,5,1,4,24,1,1
1519,drainage,HIGH,3,86,42.51,24.44,1,1,3,48,1,1
1520,water_leakage,LOW,1,25,22.18,18.89,0,1,5,24,0,0
1521,pothole,HIGH,3,55,37.23,10.31,0,1,1,48,0,1
1522,garbage,MEDIUM,2,44,44.04,23.24,1,1,2,72,0,0
1523,streetlight,MEDIUM,2,36,0.27,0.23,0,0,4,24,0,1
1524,garbage,MEDIUM,2,47,99.5,38.33,1,0,2,72,0,1
1525,other,HIGH,3,79,19.78,15.29,0,0,7,72,1,1
1526,pothole,HIGH,3,73,46.66,44.55,0,1,1,48,1,1
1527,garbage,MEDIUM,2,32,35.13,32.89,0,1,2,72,0,0
1528,streetlight,LOW,1,34,40.95,0.61,2,1,4,24,0,1
1529,streetlight,MEDIUM,2,32,8.58,6.62,0,0,4,24,0,1
1530,water_leakage,MEDIUM,2,39,5.26,3.98,0,1,5,24,0,1
1531,drainage,MEDIUM,2,38,18.17,1.65,0,1,3,48,0,1
1532,streetlight,LOW,1,52,16.42,6.9,4,0,4,24,0,0
1533,pothole,MEDIUM,2,80,73.25,14.43,5,0,1,48,0,1
1534,streetlight,LOW,1,34,41.65,17.51,2,0,4,24,0,1
1535,pothole,LOW,1,26,13.46,9.35,1,0,1,48,0,0
1536,other,LOW,1,23,80.04,59.27,0,0,7,72,0,0
1537,other,HIGH,3,97,86.66,26.28,3,1,7,72,1,1
1538,other,MEDIUM,2,30,109.05,44.78,0,0,7,72,0,1
1539,pothole,MEDIUM,2,38,12.47,5.08,0,1,1,48,0,1
1540,pothole,LOW,1,62,77.52,4.42,5,0,1,48,0,1
1541,streetlight,HIGH,3,85,23.19,3.12,1,1,4,24,1,1
1542,drainage,LOW,1,30,56.71,17.55,1,1,3,48,0,1
1543,water_leakage,LOW,1,40,9.47,1.23,3,0,5,24,0,0
1544,other,MEDIUM,2,40,114.94,7.58,0,0,7,72,0,1
1545,other,CRITICAL,4,62,86.62,37.43,0,1,7,72,0,1
1546,drainage,MEDIUM,2,36,50.06,44.86,0,1,3,48,0,1
1547,garbage,CRITICAL,4,100,1.86,1.18,2,0,2,72,1,1
1548,streetlight,HIGH,3,84,8.11,7.05,4,1,4,24,0,1
1549,water_leakage,MEDIUM,2,32,32.18,15.73,0,1,5,24,0,1
1550,streetlight,HIGH,3,91,19.71,1.9,2,1,4,24,1,1
1551,pothole,CRITICAL,4,89,10.91,2.48,0,0,1,48,1,1
1552,drainage,LOW,1,23,37.68,37.09,0,1,3,48,0,1
1553,water_leakage,LOW,1,20,36.29,5.32,0,1,5,24,0,0
1554,garbage,MEDIUM,2,38,68.76,3.23,0,1,2,72,0,1
1555,garbage,LOW,1,25,21.47,13.62,1,1,2,72,0,0
1556,water_leakage,MEDIUM,2,68,8.73,0.43,4,1,5,24,0,0
1557,streetlight,HIGH,3,100,20.22,2.75,3,0,4,24,1,1
1558,garbage,HIGH,3,72,79.46,69.07,0,1,2,72,1,1
1559,garbage,MEDIUM,2,35,20.66,8.66,0,0,2,72,0,1
1560,drainage,LOW,1,18,34.68,25.18,0,1,3,48,0,0
1561,other,LOW,1,25,42.44,27.02,0,1,7,72,0,0
1562,garbage,MEDIUM,2,39,38.73,4.84,1,1,2,72,0,0
1563,other,LOW,1,16,35.26,34.84,0,1,7,72,0,0
1564,streetlight,MEDIUM,2,41,37.85,16.59,1,1,4,24,0,1
1565,pothole,CRITICAL,4,66,52.13,28.75,0,1,1,48,0,1
1566,other,LOW,1,33,99.78,60.65,1,1,7,72,0,1
1567,streetlight,MEDIUM,2,37,10.85,3.87,0,1,4,24,0,1
1568,streetlight,LOW,1,62,18.74,4.98,5,1,4,24,0,1
1569,water_leakage,MEDIUM,2,39,22.42,20.74,0,1,5,24,0,0
1570,other,CRITICAL,4,77,74.6,8.46,1,1,7,72,0,1
1571,streetlight,MEDIUM,2,38,1.72,1.11,0,1,4,24,0,1
1572,streetlight,HIGH,3,78,27.13,18.66,1,0,4,24,1,1
1573,drainage,LOW,1,27,79.55,38.49,1,1,3,48,0,1
1574,other,LOW,1,22,126.18,17.91,0,0,7,72,0,1
1575,other,LOW,1,28,102.86,15.08,1,1,7,72,0,0
1576,drainage,HIGH,3,73,14.87,7.43,0,1,3,48,1,1
1577,drainage,LOW,1,17,62.38,30.69,0,1,3,48,0,0
1578,garbage,LOW,1,33,91.68,25.24,2,1,2,72,0,0
1579,drainage,LOW,1,19,16.4,5.09,0,1,3,48,0,0
1580,water_leakage,LOW,1,25,26.72,1.82,0,1,5,24,0,1
1581,drainage,LOW,1,19,29.39,10.4,0,1,3,48,0,0
1582,pothole,LOW,1,19,19.42,16.05,0,0,1,48,0,1
1583,garbage,HIGH,3,70,127.43,17.67,0,1,2,72,1,1
1584,pothole,HIGH,3,72,41.75,18.33,0,1,1,48,1,1
1585,water_leakage,MEDIUM,2,35,24.86,21.66,0,0,5,24,0,1
1586,drainage,MEDIUM,2,31,31.49,29.15,0,1,3,48,0,0
1587,garbage,LOW,1,24,107.24,50.58,1,1,2,72,0,0
1588,water_leakage,MEDIUM,2,51,23.13,2.42,2,0,5,24,0,1
1589,other,CRITICAL,4,92,106.41,16.13,0,1,7,72,1,1
1590,streetlight,LOW,1,20,43.02,0.53,0,1,4,24,0,1
1591,other,LOW,1,23,88.39,4.71,1,1,7,72,0,0
1592,streetlight,MEDIUM,2,34,33.02,3.2,0,1,4,24,0,1
1593,other,LOW,1,23,30.14,24.06,0,1,7,72,0,0
1594,water_leakage,LOW,1,24,0.29,0.18,1,1,5,24,0,0
1595,pothole,MEDIUM,2,47,45.77,33.43,1,0,1,48,0,1
1596,garbage,HIGH,3,84,3.82,3.55,1,1,2,72,1,1
1597,other,MEDIUM,2,31,52.82,36.79,0,1,7,72,0,1
1598,garbage,MEDIUM,2,33,113.93,35.98,0,1,2,72,0,1
1599,other,MEDIUM,2,39,44.03,33.1,0,0,7,72,0,1
1600,water_leakage,LOW,1,47,16.12,2.72,4,1,5,24,0,1
1601,drainage,LOW,1,34,78.2,27.04,2,1,3,48,0,0
1602,streetlight,LOW,1,40,9.43,3.26,2,1,4,24,0,0
1603,garbage,HIGH,3,45,91.55,63.34,0,0,2,72,0,1
1604,water_leakage,HIGH,3,100,34.29,2.89,3,1,5,24,1,1
1605,water_leakage,LOW,1,20,4.31,0.83,0,1,5,24,0,0
1606,other,MEDIUM,2,35,50.39,22.57,0,1,7,72,0,1
1607,garbage,LOW,1,22,105.96,13.56,0,1,2,72,0,0
1608,other,MEDIUM,2,35,108.74,7.11,0,1,7,72,0,0
1609,water_leakage,MEDIUM,2,35,22.98,9.06,0,0,5,24,0,1
1610,garbage,LOW,1,22,81.17,29.11,0,1,2,72,0,1
1611,water_leakage,MEDIUM,2,48,16.8,8.36,1,0,5,24,0,1
1612,water_leakage,HIGH,3,88,8.13,0.72,2,1,5,24,1,1
1613,other,LOW,1,23,3.62,3.5,0,1,7,72,0,1
1614,other,HIGH,3,48,95.71,37.73,0,1,7,72,0,1
1615,garbage,HIGH,3,45,92.33,5.25,0,0,2,72,0,1
1616,streetlight,LOW,1,20,29.78,22.18,0,0,4,24,0,0
1617,streetlight,HIGH,3,80,16.06,13.46,0,0,4,24,1,1
1618,streetlight,MEDIUM,2,40,30.68,21.65,0,1,4,24,0,0
1619,drainage,MEDIUM,2,33,0.88,0.73,0,1,3,48,0,0
1620,streetlight,LOW,1,17,0.45,0.31,0,1,4,24,0,0
1621,garbage,LOW,1,31,14.82,2.36,1,0,2,72,0,1
1622,other,LOW,1,19,88.25,67.0,0,1,7,72,0,0
1623,drainage,LOW,1,39,10.32,8.49,2,1,3,48,0,0
1624,garbage,LOW,1,21,129.02,33.76,0,0,2,72,0,1
1625,other,HIGH,3,70,31.33,19.28,0,0,7,72,1,1
1626,water_leakage,HIGH,3,50,8.16,1.72,0,1,5,24,0,0
1627,drainage,HIGH,3,82,30.25,6.07,1,1,3,48,1,1
1628,garbage,LOW,1,16,25.19,16.57,0,1,2,72,0,0
1629,water_leakage,MEDIUM,2,72,24.06,3.44,4,0,5,24,0,1
1630,water_leakage,MEDIUM,2,56,26.72,4.08,3,1,5,24,0,0
1631,other,LOW,1,32,49.41,27.8,2,1,7,72,0,0
1632,other,LOW,1,40,70.71,1.4,2,1,7,72,0,0
1633,drainage,MEDIUM,2,34,33.42,30.42,0,1,3,48,0,1
1634,other,MEDIUM,2,32,119.16,11.03,0,1,7,72,0,1
1635,other,LOW,1,31,125.37,71.94,2,1,7,72,0,1
1636,drainage,LOW,1,21,39.74,28.24,0,0,3,48,0,1
1637,other,MEDIUM,2,37,122.07,30.32,0,1,7,72,0,0
1638,streetlight,MEDIUM,2,41,14.08,5.62,1,0,4,24,0,1
1639,water_leakage,LOW,1,31,37.74,15.82,1,1,5,24,0,0
1640,streetlight,MEDIUM,2,37,13.26,5.21,0,1,4,24,0,1
1641,water_leakage,MEDIUM,2,54,8.61,2.91,2,1,5,24,0,1
1642,streetlight,LOW,1,25,8.92,5.06,0,1,4,24,0,0
1643,garbage,MEDIUM,2,33,74.53,57.66,0,1,2,72,0,0
1644,garbage,HIGH,3,53,63.07,38.5,1,1,2,72,0,1
1645,pothole,LOW,1,20,0.75,0.65,0,1,1,48,0,0
1646,drainage,LOW,1,36,13.01,2.77,2,1,3,48,0,0
1647,streetlight,MEDIUM,2,32,30.4,6.95,0,1,4,24,0,1
1648,pothole,MEDIUM,2,34,53.42,7.6,0,1,1,48,0,0
1649,garbage,CRITICAL,4,91,86.04,10.56,0,1,2,72,1,1
1650,streetlight,LOW,1,40,0.86,0.59,2,1,4,24,0,0
1651,streetlight,HIGH,3,50,41.92,22.72,0,1,4,24,0,1
1652,garbage,MEDIUM,2,40,87.79,66.01,0,1,2,72,0,1
1653,other,LOW,1,22,92.2,68.31,0,1,7,72,0,1
1654,water_leakage,MEDIUM,2,38,7.3,6.22,0,0,5,24,0,0
1655,pothole,MEDIUM,2,37,78.26,2.5,0,1,1,48,0,0
1656,drainage,LOW,1,23,64.8,36.47,0,0,3,48,0,1
1657,water_leakage,LOW,1,21,24.78,7.27,0,1,5,24,0,1
1658,other,LOW,1,21,48.62,17.83,0,1,7,72,0,0
1659,drainage,LOW,1,16,29.92,7.83,0,0,3,48,0,0
1660,other,LOW,1,17,86.34,22.94,0,0,7,72,0,0
1661,pothole,LOW,1,16,15.3,0.99,0,0,1,48,0,0
1662,pothole,MEDIUM,2,63,63.63,16.37,3,0,1,48,0,1
1663,streetlight,MEDIUM,2,40,14.29,9.51,1,0,4,24,0,1
1664,other,HIGH,3,48,24.05,17.27,0,1,7,72,0,1
1665,pothole,MEDIUM,2,53,54.04,9.25,2,1,1,48,0,1
1666,garbage,MEDIUM,2,54,94.81,42.61,2,1,2,72,0,1
1667,garbage,CRITICAL,4,86,34.12,29.96,0,0,2,72,1,1
1668,drainage,HIGH,3,96,19.67,7.76,2,0,3,48,1,1
1669,streetlight,LOW,1,25,14.89,3.59,0,1,4,24,0,1
1670,garbage,LOW,1,29,8.14,2.8,1,1,2,72,0,1
1671,other,MEDIUM,2,35,126.64,48.56,0,1,7,72,0,0
1672,water_leakage,MEDIUM,2,53,2.85,0.75,2,1,5,24,0,1
1673,drainage,HIGH,3,75,27.08,27.06,0,1,3,48,1,1
1674,streetlight,LOW,1,22,34.4,22.69,0,1,4,24,0,1
1675,garbage,MEDIUM,2,52,49.97,47.45,2,1,2,72,0,0
1676,other,LOW,1,33,47.4,20.59,2,1,7,72,0,0
1677,garbage,LOW,1,22,2.12,1.0,0,0,2,72,0,0
1678,drainage,HIGH,3,76,73.77,13.33,0,1,3,48,1,1
1679,garbage,MEDIUM,2,37,86.29,25.44,0,1,2,72,0,1
1680,garbage,LOW,1,19,122.26,57.86,0,0,2,72,0,1
1681,drainage,MEDIUM,2,34,59.1,20.59,0,0,3,48,0,1
1682,drainage,HIGH,3,100,74.66,17.74,4,0,3,48,1,1
1683,drainage,MEDIUM,2,45,78.64,43.32,1,1,3,48,0,0
1684,water_leakage,LOW,1,49,34.29,16.76,3,1,5,24,0,1
1685,garbage,MEDIUM,2,30,78.98,58.56,0,1,2,72,0,1
1686,pothole,MEDIUM,2,34,12.82,4.12,0,1,1,48,0,1
1687,streetlight,HIGH,3,73,34.18,6.63,0,1,4,24,1,1
1688,pothole,LOW,1,20,71.27,23.16,0,0,1,48,0,1
1689,drainage,MEDIUM,2,47,46.34,38.19,1,1,3,48,0,1
1690,drainage,MEDIUM,2,44,63.55,9.36,1,0,3,48,0,1
1691,pothole,LOW,1,21,17.65,5.23,0,1,1,48,0,1
1692,streetlight,HIGH,3,75,42.9,10.72,0,0,4,24,1,1
1693,drainage,MEDIUM,2,35,17.09,10.36,0,1,3,48,0,0
1694,pothole,LOW,1,21,28.21,13.46,0,1,1,48,0,0
1695,other,MEDIUM,2,48,41.98,7.47,1,1,7,72,0,1
1696,water_leakage,HIGH,3,79,1.7,0.87,1,1,5,24,1,1
1697,pothole,MEDIUM,2,43,81.23,11.28,1,1,1,48,0,1
1698,drainage,HIGH,3,72,42.55,23.19,0,1,3,48,1,1
1699,pothole,HIGH,3,100,38.75,4.47,3,0,1,48,1,1
1700,pothole,LOW,1,18,72.83,10.82,0,0,1,48,0,0
1701,garbage,MEDIUM,2,42,41.85,31.64,1,0,2,72,0,1
1702,other,MEDIUM,2,33,53.78,3.65,0,0,7,72,0,1
1703,pothole,LOW,1,21,6.97,6.14,0,1,1,48,0,0
1704,water_leakage,LOW,1,21,27.12,14.95,0,1,5,24,0,1
1705,garbage,HIGH,3,68,33.21,6.5,2,1,2,72,0,1
1706,water_leakage,CRITICAL,4,86,29.02,18.48,0,0,5,24,1,1
1707,garbage,LOW,1,40,73.9,53.8,2,1,2,72,0,0
1708,drainage,MEDIUM,2,49,55.97,11.03,2,1,3,48,0,1
1709,drainage,LOW,1,21,71.68,41.3,0,1,3,48,0,0
1710,streetlight,CRITICAL,4,95,26.0,3.97,0,1,4,24,1,1
1711,garbage,LOW,1,15,13.9,0.0,0,0,2,72,0,0
1712,pothole,LOW,1,18,32.95,18.72,0,0,1,48,0,0
1713,streetlight,MEDIUM,2,38,16.11,4.51,1,0,4,24,0,0
1714,drainage,LOW,1,56,39.48,36.8,5,1,3,48,0,0
1715,other,CRITICAL,4,100,102.74,63.38,3,0,7,72,1,1
1716,water_leakage,MEDIUM,2,32,11.8,0.27,0,0,5,24,0,1
1717,streetlight,MEDIUM,2,46,1.29,0.64,2,1,4,24,0,0
1718,pothole,MEDIUM,2,41,82.89,42.07,1,1,1,48,0,0
1719,pothole,MEDIUM,2,48,83.22,9.03,1,1,1,48,0,1
1720,water_leakage,HIGH,3,45,18.81,17.91,0,0,5,24,0,1
1721,pothole,MEDIUM,2,35,39.42,18.63,0,1,1,48,0,0
1722,water_leakage,LOW,1,22,31.76,8.32,0,1,5,24,0,0
1723,drainage,LOW,1,29,58.12,42.69,1,1,3,48,0,1
1724,drainage,HIGH,3,47,28.75,10.31,0,1,3,48,0,0
1725,drainage,MEDIUM,2,32,74.28,30.0,0,1,3,48,0,0
1726,water_leakage,LOW,1,29,35.26,4.94,1,0,5,24,0,0
1727,water_leakage,MEDIUM,2,32,22.45,12.92,0,1,5,24,0,0
1728,other,MEDIUM,2,46,43.4,5.07,1,1,7,72,0,0
1729,water_leakage,MEDIUM,2,39,16.97,9.79,1,1,5,24,0,1
1730,other,MEDIUM,2,38,108.13,64.46,0,0,7,72,0,1
1731,streetlight,LOW,1,18,3.12,2.96,0,1,4,24,0,0
1732,pothole,CRITICAL,4,70,16.5,0.27,0,0,1,48,0,1
1733,drainage,MEDIUM,2,47,10.28,9.71,1,0,3,48,0,1
1734,streetlight,MEDIUM,2,63,13.12,8.13,3,1,4,24,0,1
1735,streetlight,CRITICAL,4,68,21.6,7.59,0,1,4,24,0,1
1736,streetlight,MEDIUM,2,62,26.79,8.43,4,1,4,24,0,1
1737,streetlight,HIGH,3,55,3.75,0.95,0,0,4,24,0,0
1738,streetlight,MEDIUM,2,38,14.57,8.8,0,1,4,24,0,0
1739,streetlight,LOW,1,15,17.74,0.18,0,1,4,24,0,0
1740,streetlight,LOW,1,23,7.83,2.15,0,1,4,24,0,0
1741,pothole,LOW,1,17,10.17,5.25,0,1,1,48,0,1
1742,water_leakage,LOW,1,38,4.74,0.73,2,0,5,24,0,1
1743,streetlight,HIGH,3,83,34.85,21.73,1,0,4,24,1,1
1744,water_leakage,HIGH,3,80,9.88,4.39,1,1,5,24,1,1
1745,water_leakage,MEDIUM,2,46,18.93,6.94,1,0,5,24,0,0
1746,drainage,MEDIUM,2,36,9.19,4.35,0,1,3,48,0,1
1747,pothole,LOW,1,17,81.96,17.17,0,1,1,48,0,1
1748,garbage,LOW,1,31,24.21,4.76,1,1,2,72,0,1
1749,pothole,CRITICAL,4,89,56.7,27.94,0,0,1,48,1,1
1750,other,MEDIUM,2,34,48.19,24.59,0,1,7,72,0,0
1751,pothole,LOW,1,18,70.11,15.34,0,1,1,48,0,1
1752,streetlight,MEDIUM,2,31,9.25,1.59,0,1,4,24,0,1
1753,garbage,HIGH,3,72,18.84,14.33,0,1,2,72,1,1
1754,streetlight,HIGH,3,75,15.63,3.52,0,0,4,24,1,1
1755,pothole,LOW,1,18,62.77,17.94,0,1,1,48,0,0
1756,garbage,MEDIUM,2,40,123.04,36.69,0,1,2,72,0,1
1757,water_leakage,MEDIUM,2,38,21.48,1.61,0,1,5,24,0,1
1758,garbage,HIGH,3,50,5.18,1.44,0,1,2,72,0,1
1759,water_leakage,MEDIUM,2,39,39.71,20.53,0,1,5,24,0,0
1760,other,MEDIUM,2,37,85.67,41.33,0,0,7,72,0,0
1761,water_leakage,MEDIUM,2,34,27.28,6.04,0,0,5,24,0,1
1762,garbage,LOW,1,19,117.39,65.32,0,1,2,72,0,1
1763,drainage,MEDIUM,2,39,35.56,9.38,0,1,3,48,0,0
1764,garbage,HIGH,3,81,89.21,13.68,1,1,2,72,1,1
1765,water_leakage,MEDIUM,2,39,5.06,3.66,0,0,5,24,0,0
1766,drainage,LOW,1,19,55.94,23.85,0,1,3,48,0,0
1767,streetlight,MEDIUM,2,38,6.32,3.83,0,1,4,24,0,0
1768,pothole,LOW,1,23,70.16,12.23,0,1,1,48,0,0
1769,drainage,MEDIUM,2,77,36.33,9.65,5,1,3,48,0,1
1770,streetlight,MEDIUM,2,30,13.53,1.89,0,1,4,24,0,1
1771,pothole,LOW,1,33,47.39,12.72,1,1,1,48,0,1
1772,pothole,HIGH,3,76,48.95,0.47,0,1,1,48,1,1
1773,garbage,MEDIUM,2,32,73.95,19.2,0,1,2,72,0,1
1774,water_leakage,LOW,1,40,9.5,7.65,2,0,5,24,0,1
1775,garbage,LOW,1,16,95.96,70.46,0,1,2,72,0,1
1776,streetlight,LOW,1,16,19.85,3.29,0,0,4,24,0,1
1777,other,LOW,1,16,75.12,43.18,0,0,7,72,0,0
1778,streetlight,MEDIUM,2,36,19.12,14.13,0,1,4,24,0,1
1779,drainage,LOW,1,31,58.17,20.96,2,1,3,48,0,1
1780,water_leakage,MEDIUM,2,40,19.1,3.93,0,0,5,24,0,1
1781,streetlight,LOW,1,18,13.57,5.5,0,0,4,24,0,1
1782,streetlight,CRITICAL,4,68,29.66,13.52,1,0,4,24,0,1
1783,drainage,MEDIUM,2,36,1.77,0.77,0,1,3,48,0,1
1784,garbage,LOW,1,24,118.14,18.71,0,0,2,72,0,1
1785,water_leakage,MEDIUM,2,33,8.45,0.31,0,0,5,24,0,1
1786,garbage,LOW,1,22,90.11,3.6,0,1,2,72,0,1
1787,garbage,HIGH,3,73,36.1,33.06,0,1,2,72,1,0
1788,water_leakage,LOW,1,49,28.28,18.82,4,1,5,24,0,1
1789,streetlight,CRITICAL,4,77,38.66,5.67,2,0,4,24,0,1
1790,drainage,HIGH,3,47,15.44,1.92,0,1,3,48,0,1
1791,garbage,LOW,1,23,1.13,0.97,1,1,2,72,0,0
1792,pothole,MEDIUM,2,55,14.43,6.77,2,0,1,48,0,0
1793,water_leakage,HIGH,3,87,19.98,9.09,1,1,5,24,1,1
1794,pothole,CRITICAL,4,68,11.74,3.37,0,1,1,48,0,1
1795,streetlight,HIGH,3,76,20.16,13.05,0,1,4,24,1,1
1796,water_leakage,CRITICAL,4,90,7.21,6.19,0,0,5,24,1,1
1797,pothole,MEDIUM,2,33,35.63,13.4,0,1,1,48,0,0
1798,garbage,MEDIUM,2,48,82.74,10.6,2,1,2,72,0,1
1799,drainage,MEDIUM,2,60,12.3,11.07,3,0,3,48,0,1
1800,streetlight,MEDIUM,2,64,8.84,1.15,4,0,4,24,0,0
1801,pothole,LOW,1,21,4.59,2.13,0,1,1,48,0,1
1802,drainage,MEDIUM,2,61,44.29,21.13,3,1,3,48,0,1
1803,drainage,LOW,1,63,79.66,7.97,5,0,3,48,0,1
1804,pothole,MEDIUM,2,39,54.49,17.82,0,1,1,48,0,1
1805,water_leakage,LOW,1,22,15.9,12.74,0,1,5,24,0,0
1806,water_leakage,LOW,1,17,33.67,17.49,0,0,5,24,0,0
1807,streetlight,LOW,1,26,30.86,17.55,1,0,4,24,0,1
1808,streetlight,LOW,1,21,9.51,0.42,0,0,4,24,0,0
1809,streetlight,HIGH,3,71,38.15,10.25,0,1,4,24,1,1
1810,pothole,LOW,1,25,41.7,2.76,0,1,1,48,0,0
1811,pothole,MEDIUM,2,45,70.13,16.45,1,1,1,48,0,0
1812,drainage,MEDIUM,2,43,47.34,42.67,1,1,3,48,0,1
1813,other,MEDIUM,2,33,92.87,37.44,0,1,7,72,0,1
1814,pothole,MEDIUM,2,36,23.52,22.1,0,1,1,48,0,1
1815,water_leakage,LOW,1,18,37.29,2.56,0,0,5,24,0,0
1816,garbage,MEDIUM,2,36,19.86,1.96,0,1,2,72,0,0
1817,drainage,LOW,1,44,20.95,13.05,3,1,3,48,0,0
1818,pothole,MEDIUM,2,35,70.42,7.39,0,0,1,48,0,1
1819,garbage,MEDIUM,2,36,129.31,66.8,0,0,2,72,0,1
1820,drainage,LOW,1,16,69.51,16.13,0,1,3,48,0,1
1821,pothole,HIGH,3,55,0.73,0.4,0,0,1,48,0,1
1822,pothole,LOW,1,65,15.34,2.05,5,1,1,48,0,0
1823,other,MEDIUM,2,46,74.13,2.91,2,1,7,72,0,0
1824,pothole,CRITICAL,4,92,53.08,39.43,0,0,1,48,1,1
1825,water_leakage,LOW,1,30,36.15,1.72,1,0,5,24,0,1
1826,drainage,LOW,1,19,67.05,24.71,0,0,3,48,0,1
1827,drainage,MEDIUM,2,34,60.04,38.89,0,1,3,48,0,1
1828,streetlight,MEDIUM,2,49,40.2,19.06,2,1,4,24,0,1
1829,garbage,MEDIUM,2,53,4.77,0.28,2,0,2,72,0,1
1830,other,LOW,1,21,99.84,49.52,0,1,7,72,0,1
1831,other,MEDIUM,2,37,87.04,52.52,0,1,7,72,0,1
1832,drainage,LOW,1,19,16.54,1.09,0,1,3,48,0,0
1833,streetlight,MEDIUM,2,51,41.76,18.81,2,1,4,24,0,1
1834,other,MEDIUM,2,30,40.8,37.35,0,1,7,72,0,0
1835,garbage,CRITICAL,4,100,53.89,26.24,5,0,2,72,0,1
1836,streetlight,CRITICAL,4,65,39.2,17.3,0,1,4,24,0,1
1837,drainage,LOW,1,49,9.04,6.97,4,0,3,48,0,1
1838,other,HIGH,3,79,96.43,19.69,0,1,7,72,1,1
1839,other,HIGH,3,45,58.96,42.4,0,1,7,72,0,1
1840,pothole,MEDIUM,2,37,54.18,38.01,0,1,1,48,0,0
1841,water_leakage,MEDIUM,2,40,39.88,20.04,0,0,5,24,0,1
1842,garbage,MEDIUM,2,33,75.11,28.43,0,0,2,72,0,0
1843,streetlight,LOW,1,23,0.1,0.0,0,1,4,24,0,0
1844,water_leakage,CRITICAL,4,77,0.71,0.61,1,1,5,24,0,1
1845,streetlight,CRITICAL,4,91,9.22,6.1,0,0,4,24,1,1
1846,drainage,LOW,1,18,56.69,0.68,0,1,3,48,0,0
1847,pothole,LOW,1,19,80.45,35.09,0,0,1,48,0,1
1848,streetlight,LOW,1,47,7.08,0.69,3,1,4,24,0,0
1849,other,LOW,1,34,127.37,62.87,2,0,7,72,0,1
1850,drainage,CRITICAL,4,67,9.8,4.42,0,1,3,48,0,1
1851,streetlight,MEDIUM,2,44,12.02,1.0,1,1,4,24,0,0
1852,water_leakage,CRITICAL,4,69,31.33,21.86,1,1,5,24,0,1
1853,drainage,LOW,1,25,70.43,25.67,0,1,3,48,0,1
1854,drainage,HIGH,3,88,68.49,20.76,2,1,3,48,1,1
1855,other,MEDIUM,2,72,75.99,50.21,4,1,7,72,0,0
1856,streetlight,MEDIUM,2,30,19.78,6.37,0,1,4,24,0,1
1857,pothole,MEDIUM,2,30,1.48,0.98,0,1,1,48,0,0
1858,streetlight,LOW,1,17,36.42,14.27,0,0,4,24,0,1
1859,water_leakage,CRITICAL,4,73,31.36,8.18,1,0,5,24,0,1
1860,water_leakage,HIGH,3,47,12.68,10.89,0,1,5,24,0,1
1861,streetlight,CRITICAL,4,100,12.12,10.3,5,1,4,24,1,1
1862,drainage,MEDIUM,2,32,2.26,0.64,0,0,3,48,0,0
1863,water_leakage,MEDIUM,2,67,4.33,0.49,4,1,5,24,0,0
1864,garbage,MEDIUM,2,38,75.46,5.68,0,1,2,72,0,0
1865,pothole,HIGH,3,82,47.43,27.38,1,0,1,48,1,1
1866,streetlight,HIGH,3,70,1.76,1.62,0,1,4,24,1,1
1867,pothole,CRITICAL,4,93,50.83,5.13,0,1,1,48,1,1
1868,garbage,MEDIUM,2,40,72.73,57.18,0,0,2,72,0,1
1869,other,HIGH,3,80,81.76,1.21,0,1,7,72,1,1
1870,streetlight,LOW,1,26,22.59,6.17,1,1,4,24,0,1
1871,garbage,LOW,1,20,27.35,18.24,0,1,2,72,0,1
1872,water_leakage,MEDIUM,2,44,24.98,6.46,1,1,5,24,0,1
1873,water_leakage,MEDIUM,2,32,42.24,9.73,0,0,5,24,0,1
1874,other,MEDIUM,2,41,125.35,17.91,1,0,7,72,0,1
1875,other,LOW,1,15,51.16,49.38,0,0,7,72,0,1
1876,other,LOW,1,17,90.23,29.76,0,1,7,72,0,0
1877,pothole,HIGH,3,81,28.09,11.55,1,1,1,48,1,1
1878,garbage,LOW,1,38,45.77,39.82,2,1,2,72,0,0
1879,drainage,MEDIUM,2,30,21.78,9.44,0,1,3,48,0,0
1880,water_leakage,LOW,1,21,17.86,15.74,0,0,5,24,0,0
1881,streetlight,HIGH,3,74,22.88,13.42,0,1,4,24,1,1
1882,streetlight,LOW,1,25,20.75,9.09,0,1,4,24,0,0
1883,garbage,CRITICAL,4,89,71.51,45.9,0,0,2,72,1,1
1884,drainage,HIGH,3,46,44.62,13.84,0,0,3,48,0,1
1885,drainage,LOW,1,48,21.11,20.21,3,1,3,48,0,0
1886,water_leakage,HIGH,3,78,27.11,23.46,0,1,5,24,1,1
1887,drainage,LOW,1,19,16.71,1.81,0,1,3,48,0,0
1888,drainage,MEDIUM,2,67,54.33,32.15,4,1,3,48,0,1
1889,streetlight,MEDIUM,2,49,38.46,7.79,2,1,4,24,0,1
1890,streetlight,LOW,1,17,41.36,0.39,0,1,4,24,0,1
1891,pothole,LOW,1,23,35.63,35.48,0,1,1,48,0,0
1892,garbage,LOW,1,24,27.8,10.31,0,0,2,72,0,1
1893,drainage,MEDIUM,2,39,76.88,42.87,0,1,3,48,0,1
1894,drainage,HIGH,3,61,46.39,29.18,1,0,3,48,0,1
1895,other,MEDIUM,2,75,120.04,35.25,5,1,7,72,0,1
1896,water_leakage,MEDIUM,2,35,39.95,6.66,0,1,5,24,0,0
1897,water_leakage,MEDIUM,2,42,1.16,0.11,1,0,5,24,0,1
1898,garbage,LOW,1,35,5.86,1.05,2,0,2,72,0,1
1899,other,MEDIUM,2,43,80.18,2.27,1,1,7,72,0,1
1900,drainage,HIGH,3,88,37.31,25.67,2,0,3,48,1,1
1901,water_leakage,LOW,1,16,36.41,10.09,0,0,5,24,0,1
1902,pothole,MEDIUM,2,48,60.45,7.98,1,1,1,48,0,1
1903,water_leakage,HIGH,3,69,39.62,23.63,2,0,5,24,0,1
1904,garbage,CRITICAL,4,96,55.07,33.64,1,0,2,72,1,1
1905,pothole,LOW,1,24,25.53,19.73,0,0,1,48,0,1
1906,other,LOW,1,23,6.97,5.14,0,1,7,72,0,0
1907,other,MEDIUM,2,33,95.59,9.74,0,1,7,72,0,0
1908,garbage,HIGH,3,91,65.89,39.99,2,0,2,72,1,1
1909,pothole,LOW,1,18,28.69,3.91,0,1,1,48,0,1
1910,garbage,MEDIUM,2,40,11.58,1.71,0,1,2,72,0,0
1911,other,HIGH,3,100,59.73,40.7,5,1,7,72,1,1
1912,other,MEDIUM,2,40,111.83,52.06,0,0,7,72,0,1
1913,pothole,MEDIUM,2,40,41.54,33.45,0,1,1,48,0,1
1914,other,MEDIUM,2,80,78.39,51.78,5,1,7,72,0,1
1915,water_leakage,MEDIUM,2,39,32.51,6.26,0,1,5,24,0,1
1916,water_leakage,MEDIUM,2,34,21.22,19.31,0,0,5,24,0,1
1917,pothole,LOW,1,15,40.51,20.54,0,0,1,48,0,1
1918,drainage,HIGH,3,72,32.65,20.79,0,1,3,48,1,1
1919,water_leakage,LOW,1,20,17.84,14.23,0,1,5,24,0,0
1920,drainage,LOW,1,23,14.71,8.48,1,1,3,48,0,0
1921,pothole,MEDIUM,2,43,20.77,12.51,1,1,1,48,0,0
1922,pothole,HIGH,3,86,67.27,45.75,2,1,1,48,1,1
1923,pothole,HIGH,3,45,74.76,12.14,0,1,1,48,0,1
1924,other,LOW,1,42,111.06,12.78,3,1,7,72,0,1
1925,streetlight,MEDIUM,2,40,8.11,5.25,0,0,4,24,0,1
1926,other,MEDIUM,2,40,87.86,52.27,0,1,7,72,0,0
1927,streetlight,LOW,1,31,0.89,0.79,1,0,4,24,0,0
1928,pothole,LOW,1,35,67.24,3.94,2,1,1,48,0,0
1929,other,MEDIUM,2,38,45.97,34.49,1,1,7,72,0,1
1930,garbage,MEDIUM,2,30,47.83,25.99,0,0,2,72,0,1
1931,streetlight,MEDIUM,2,38,17.76,4.97,0,1,4,24,0,1
1932,pothole,HIGH,3,74,63.14,17.68,0,1,1,48,1,1
1933,garbage,MEDIUM,2,48,107.8,4.43,1,0,2,72,0,1
1934,drainage,LOW,1,31,79.18,10.03,1,1,3,48,0,1
1935,drainage,HIGH,3,95,10.56,7.69,2,1,3,48,1,1
1936,streetlight,MEDIUM,2,47,34.01,13.07,1,0,4,24,0,1
1937,other,LOW,1,21,28.09,11.38,0,0,7,72,0,0
1938,other,LOW,1,28,10.87,8.15,1,1,7,72,0,0
1939,pothole,MEDIUM,2,30,43.26,17.61,0,1,1,48,0,1
1940,garbage,LOW,1,21,3.44,2.79,0,1,2,72,0,1
1941,garbage,HIGH,3,60,67.89,0.89,1,1,2,72,0,1
1942,drainage,HIGH,3,79,51.5,46.1,3,1,3,48,0,1
1943,drainage,MEDIUM,2,31,29.88,26.47,0,1,3,48,0,0
1944,other,HIGH,3,70,37.17,20.05,0,1,7,72,1,1
1945,streetlight,LOW,1,17,35.21,3.78,0,1,4,24,0,1
1946,streetlight,LOW,1,19,14.59,1.12,0,0,4,24,0,1
1947,water_leakage,MEDIUM,2,43,32.28,19.91,1,1,5,24,0,1
1948,streetlight,MEDIUM,2,32,41.74,17.85,0,0,4,24,0,1
1949,pothole,CRITICAL,4,91,81.55,41.99,0,1,1,48,1,1
1950,pothole,HIGH,3,56,65.9,18.54,1,0,1,48,0,1
1951,garbage,HIGH,3,76,32.92,11.21,0,1,2,72,1,1
1952,streetlight,MEDIUM,2,41,20.96,16.0,1,0,4,24,0,0
1953,drainage,LOW,1,23,83.21,5.56,0,1,3,48,0,0
1954,garbage,LOW,1,47,30.77,26.55,3,1,2,72,0,1
1955,pothole,LOW,1,20,55.74,29.5,0,0,1,48,0,1
1956,other,LOW,1,56,106.56,36.53,5,1,7,72,0,0
1957,drainage,MEDIUM,2,32,80.78,34.3,0,0,3,48,0,1
1958,water_leakage,MEDIUM,2,44,26.95,15.02,1,1,5,24,0,0
1959,other,LOW,1,33,71.63,43.31,1,1,7,72,0,0
1960,streetlight,LOW,1,33,22.56,3.28,1,1,4,24,0,0
1961,garbage,LOW,1,32,73.27,21.2,1,1,2,72,0,0
1962,garbage,CRITICAL,4,100,115.41,7.8,2,1,2,72,1,1
1963,streetlight,MEDIUM,2,38,24.19,22.5,0,1,4,24,0,1
1964,streetlight,MEDIUM,2,48,19.75,8.25,2,1,4,24,0,0
1965,drainage,MEDIUM,2,48,85.94,10.95,1,1,3,48,0,1
1966,drainage,MEDIUM,2,38,77.63,24.97,1,1,3,48,0,0
1967,drainage,HIGH,3,95,77.52,46.08,2,0,3,48,1,1
1968,drainage,LOW,1,23,69.52,37.64,0,1,3,48,0,0
1969,streetlight,MEDIUM,2,40,4.04,2.22,0,1,4,24,0,1
1970,garbage,LOW,1,25,62.46,26.6,1,1,2,72,0,0
1971,water_leakage,LOW,1,19,14.55,13.44,0,1,5,24,0,0
1972,garbage,LOW,1,15,103.2,22.37,0,1,2,72,0,0
1973,garbage,MEDIUM,2,52,29.0,0.19,2,1,2,72,0,0
1974,streetlight,LOW,1,24,2.38,1.99,1,1,4,24,0,1
1975,garbage,HIGH,3,94,43.4,42.07,2,0,2,72,1,1
1976,other,LOW,1,38,37.98,23.03,2,1,7,72,0,1
1977,garbage,HIGH,3,69,67.63,58.96,3,1,2,72,0,1
1978,garbage,MEDIUM,2,36,35.01,31.36,0,1,2,72,0,1
1979,other,CRITICAL,4,95,114.75,52.27,1,1,7,72,1,1
1980,water_leakage,HIGH,3,78,32.22,11.81,1,1,5,24,1,0
1981,water_leakage,MEDIUM,2,38,26.0,18.46,0,1,5,24,0,1
1982,drainage,LOW,1,20,16.87,3.42,0,1,3,48,0,0
1983,garbage,LOW,1,22,118.69,28.89,0,1,2,72,0,1
1984,garbage,MEDIUM,2,36,10.19,1.66,0,0,2,72,0,1
1985,water_leakage,CRITICAL,4,88,13.73,6.42,0,1,5,24,1,1
1986,pothole,HIGH,3,79,47.1,14.47,0,1,1,48,1,1
1987,garbage,HIGH,3,86,38.1,1.64,2,1,2,72,1,1
1988,garbage,MEDIUM,2,37,107.83,28.68,0,1,2,72,0,0
1989,streetlight,MEDIUM,2,31,7.36,1.37,0,0,4,24,0,0
1990,water_leakage,MEDIUM,2,36,7.88,4.95,0,1,5,24,0,1
1991,water_leakage,LOW,1,29,35.85,18.83,1,1,5,24,0,0
1992,garbage,HIGH,3,66,69.9,61.28,2,0,2,72,0,1
1993,drainage,LOW,1,24,64.82,46.07,0,1,3,48,0,0
1994,other,MEDIUM,2,36,88.22,71.6,0,1,7,72,0,0
1995,streetlight,LOW,1,20,17.5,13.65,0,1,4,24,0,0
1996,streetlight,MEDIUM,2,35,3.64,3.06,0,1,4,24,0,0
1997,pothole,CRITICAL,4,61,58.64,31.66,0,1,1,48,0,1
1998,streetlight,MEDIUM,2,47,31.64,12.55,1,0,4,24,0,1
1999,water_leakage,MEDIUM,2,40,19.73,11.72,0,1,5,24,0,1
2000,streetlight,MEDIUM,2,48,23.41,18.34,2,1,4,24,0,0
2001,pothole,HIGH,3,59,68.98,45.67,1,0,1,48,0,0
2002,water_leakage,MEDIUM,2,47,10.83,10.5,1,0,5,24,0,1
2003,other,MEDIUM,2,40,71.74,4.74,0,1,7,72,0,1
2004,streetlight,CRITICAL,4,71,32.45,0.86,1,0,4,24,0,1
2005,streetlight,MEDIUM,2,71,20.63,11.13,4,0,4,24,0,1
2006,streetlight,HIGH,3,86,41.62,1.52,1,1,4,24,1,1
2007,water_leakage,LOW,1,17,26.94,21.97,0,1,5,24,0,0
2008,garbage,LOW,1,31,74.75,35.56,1,1,2,72,0,1
2009,water_leakage,LOW,1,27,27.8,16.38,1,1,5,24,0,0
2010,other,HIGH,3,54,46.7,46.44,0,1,7,72,0,1
2011,other,LOW,1,28,36.24,19.63,1,1,7,72,0,1
2012,garbage,CRITICAL,4,64,50.96,30.25,0,1,2,72,0,1
2013,garbage,MEDIUM,2,36,17.25,9.19,0,0,2,72,0,0
2014,garbage,HIGH,3,96,25.22,24.22,3,1,2,72,1,1
2015,other,MEDIUM,2,37,42.49,22.65,0,1,7,72,0,1
2016,drainage,MEDIUM,2,57,83.69,8.25,3,0,3,48,0,1
2017,water_leakage,HIGH,3,100,15.99,3.57,5,1,5,24,1,1
2018,pothole,CRITICAL,4,94,42.3,11.12,0,1,1,48,1,1
2019,streetlight,HIGH,3,55,12.41,3.25,0,1,4,24,0,0
2020,water_leakage,LOW,1,18,35.96,21.93,0,0,5,24,0,1
2021,other,LOW,1,21,30.59,24.27,0,1,7,72,0,0
2022,drainage,LOW,1,17,9.29,7.69,0,0,3,48,0,1
2023,garbage,HIGH,3,75,61.67,52.17,0,0,2,72,1,1
2024,water_leakage,LOW,1,24,36.57,16.73,1,0,5,24,0,1
2025,drainage,LOW,1,63,33.09,17.51,5,1,3,48,0,1
2026,pothole,MEDIUM,2,33,72.14,36.37,0,1,1,48,0,0
2027,water_leakage,MEDIUM,2,54,33.13,9.65,2,1,5,24,0,0
2028,streetlight,MEDIUM,2,37,41.28,20.74,0,1,4,24,0,1
2029,drainage,LOW,1,25,14.48,7.13,0,1,3,48,0,0
2030,other,LOW,1,32,76.25,69.45,1,1,7,72,0,1
2031,water_leakage,LOW,1,53,41.39,21.85,4,1,5,24,0,0
2032,pothole,LOW,1,20,73.53,42.36,0,1,1,48,0,0
2033,water_leakage,MEDIUM,2,31,10.03,9.61,0,1,5,24,0,0
2034,drainage,LOW,1,25,0.48,0.16,0,0,3,48,0,0
2035,other,LOW,1,37,13.01,3.94,2,1,7,72,0,0
2036,water_leakage,CRITICAL,4,100,21.2,10.59,2,1,5,24,1,1
2037,streetlight,MEDIUM,2,46,12.64,5.23,1,0,4,24,0,0
2038,other,LOW,1,49,47.8,10.0,4,1,7,72,0,0
2039,pothole,MEDIUM,2,40,16.45,1.04,0,0,1,48,0,1
2040,drainage,MEDIUM,2,52,5.1,3.76,2,1,3,48,0,1
2041,garbage,LOW,1,21,71.64,24.71,0,1,2,72,0,0
2042,pothole,MEDIUM,2,34,15.29,2.76,0,1,1,48,0,0
2043,drainage,MEDIUM,2,30,22.95,3.11,0,1,3,48,0,1
2044,water_leakage,LOW,1,33,35.28,20.52,1,1,5,24,0,1
2045,other,LOW,1,33,6.88,5.98,1,1,7,72,0,0
2046,pothole,MEDIUM,2,47,18.58,8.23,1,0,1,48,0,1
2047,garbage,CRITICAL,4,94,120.02,23.46,0,1,2,72,1,1
2048,streetlight,HIGH,3,88,41.27,17.59,1,1,4,24,1,1
2049,water_leakage,MEDIUM,2,41,10.21,1.7,1,1,5,24,0,0
2050,water_leakage,LOW,1,25,24.02,7.39,0,1,5,24,0,1
2051,other,HIGH,3,74,28.37,22.93,0,1,7,72,1,0
2052,water_leakage,HIGH,3,87,33.48,14.67,1,0,5,24,1,1
2053,garbage,MEDIUM,2,39,57.04,9.25,0,1,2,72,0,1
2054,water_leakage,HIGH,3,86,31.05,5.14,1,1,5,24,1,1
2055,water_leakage,LOW,1,28,6.45,5.24,1,0,5,24,0,1
2056,other,HIGH,3,95,71.02,12.31,2,0,7,72,1,1
2057,other,HIGH,3,75,67.21,34.0,0,1,7,72,1,1
2058,drainage,LOW,1,15,55.07,18.93,0,1,3,48,0,1
2059,drainage,CRITICAL,4,65,20.42,7.92,0,1,3,48,0,1
2060,pothole,LOW,1,32,75.33,45.8,2,1,1,48,0,1
2061,garbage,MEDIUM,2,64,21.71,20.12,3,1,2,72,0,1
2062,drainage,LOW,1,18,23.95,20.78,0,0,3,48,0,0
2063,water_leakage,MEDIUM,2,31,20.31,4.27,0,0,5,24,0,1
2064,pothole,MEDIUM,2,37,63.22,5.55,0,1,1,48,0,1
2065,other,LOW,1,29,14.93,11.51,1,0,7,72,0,1
2066,garbage,HIGH,3,78,5.42,3.35,0,0,2,72,1,1
2067,garbage,LOW,1,21,80.74,52.54,0,1,2,72,0,1
2068,garbage,MEDIUM,2,54,85.58,32.78,2,1,2,72,0,1
2069,drainage,LOW,1,23,7.78,0.18,0,1,3,48,0,1
2070,drainage,HIGH,3,70,49.8,15.68,0,1,3,48,1,1
2071,water_leakage,LOW,1,16,36.58,23.87,0,1,5,24,0,0
2072,other,MEDIUM,2,40,104.37,15.45,1,1,7,72,0,0
2073,water_leakage,MEDIUM,2,66,0.74,0.07,4,0,5,24,0,1
2074,drainage,MEDIUM,2,38,46.62,18.06,1,0,3,48,0,1
2075,pothole,HIGH,3,100,67.26,1.23,5,1,1,48,1,1
2076,streetlight,LOW,1,16,21.38,1.29,0,0,4,24,0,1
2077,water_leakage,LOW,1,16,9.86,1.25,0,1,5,24,0,0
2078,drainage,CRITICAL,4,72,13.7,12.04,1,0,3,48,0,1
2079,pothole,LOW,1,25,53.23,43.58,0,1,1,48,0,1
2080,streetlight,HIGH,3,50,13.32,0.86,0,1,4,24,0,1
2081,garbage,CRITICAL,4,85,32.57,27.41,0,1,2,72,1,1
2082,water_leakage,LOW,1,21,5.12,4.01,0,0,5,24,0,0
2083,pothole,MEDIUM,2,30,23.86,22.51,0,1,1,48,0,0
2084,water_leakage,LOW,1,16,31.4,8.79,0,1,5,24,0,0
2085,other,LOW,1,15,10.94,5.56,0,0,7,72,0,0
2086,garbage,LOW,1,19,125.55,58.54,0,1,2,72,0,1
2087,garbage,HIGH,3,78,22.68,15.97,0,1,2,72,1,0
2088,other,MEDIUM,2,31,55.2,23.71,0,0,7,72,0,1
2089,drainage,LOW,1,22,57.98,41.86,0,1,3,48,0,0
2090,streetlight,HIGH,3,72,18.87,2.81,0,0,4,24,1,1
2091,streetlight,LOW,1,20,2.49,0.66,0,0,4,24,0,0
2092,pothole,HIGH,3,74,68.7,2.43,0,1,1,48,1,1
2093,other,MEDIUM,2,63,75.89,39.16,3,0,7,72,0,1
2094,other,MEDIUM,2,31,34.93,0.11,0,1,7,72,0,1
2095,garbage,LOW,1,40,79.13,36.13,2,0,2,72,0,1
2096,streetlight,HIGH,3,77,22.86,11.27,0,0,4,24,1,1
2097,streetlight,MEDIUM,2,31,24.04,7.02,0,1,4,24,0,1
2098,streetlight,LOW,1,17,2.12,1.02,0,0,4,24,0,0
2099,streetlight,LOW,1,32,31.84,23.21,1,1,4,24,0,0
2100,pothole,CRITICAL,4,99,38.54,0.57,1,1,1,48,1,1
2101,other,LOW,1,17,27.78,1.42,0,1,7,72,0,1
2102,streetlight,LOW,1,25,6.84,4.55,0,1,4,24,0,0
2103,water_leakage,CRITICAL,4,100,34.52,5.65,1,1,5,24,1,1
2104,water_leakage,MEDIUM,2,70,6.33,0.71,4,1,5,24,0,1
2105,water_leakage,CRITICAL,4,82,40.08,12.2,2,1,5,24,0,1
2106,drainage,MEDIUM,2,62,13.89,1.67,3,1,3,48,0,1
2107,garbage,MEDIUM,2,32,57.07,28.93,0,0,2,72,0,1
2108,pothole,LOW,1,17,4.05,1.92,0,0,1,48,0,0
2109,streetlight,MEDIUM,2,40,12.94,5.22,1,1,4,24,0,1
2110,streetlight,MEDIUM,2,38,25.51,19.0,0,1,4,24,0,1
2111,other,HIGH,3,73,74.99,71.93,3,1,7,72,0,1
2112,drainage,LOW,1,16,10.19,9.22,0,1,3,48,0,0
2113,pothole,MEDIUM,2,38,47.68,11.83,0,1,1,48,0,1
2114,drainage,MEDIUM,2,40,30.59,23.83,0,1,3,48,0,0
2115,streetlight,LOW,1,43,27.65,21.23,3,1,4,24,0,0
2116,streetlight,MEDIUM,2,45,10.74,2.84,1,0,4,24,0,1
2117,garbage,LOW,1,20,1.51,0.84,0,0,2,72,0,0
2118,garbage,HIGH,3,73,52.7,28.6,0,1,2,72,1,1
2119,streetlight,MEDIUM,2,50,21.68,13.31,2,0,4,24,0,1
2120,garbage,CRITICAL,4,61,97.58,32.05,0,1,2,72,0,1
2121,pothole,LOW,1,28,71.69,28.15,1,1,1,48,0,0
2122,water_leakage,MEDIUM,2,33,7.05,5.79,0,1,5,24,0,1
2123,other,MEDIUM,2,35,0.06,0.01,0,1,7,72,0,0
2124,pothole,MEDIUM,2,58,67.37,33.62,3,1,1,48,0,1
2125,streetlight,LOW,1,18,5.38,0.52,0,0,4,24,0,0
2126,drainage,LOW,1,22,49.01,19.3,0,1,3,48,0,0
2127,other,LOW,1,23,66.85,46.81,0,1,7,72,0,0
2128,water_leakage,MEDIUM,2,32,39.21,0.07,0,1,5,24,0,1
2129,pothole,MEDIUM,2,35,35.74,30.3,0,0,1,48,0,1
2130,streetlight,MEDIUM,2,41,40.92,13.1,1,1,4,24,0,1
2131,water_leakage,MEDIUM,2,58,26.72,10.57,3,1,5,24,0,1
2132,pothole,LOW,1,32,50.83,46.99,2,0,1,48,0,1
2133,other,MEDIUM,2,41,23.4,19.77,1,1,7,72,0,0
2134,streetlight,HIGH,3,48,1.92,0.22,0,1,4,24,0,0
2135,water_leakage,HIGH,3,55,23.99,9.47,0,0,5,24,0,1
2136,water_leakage,MEDIUM,2,30,14.15,8.49,0,0,5,24,0,1
2137,other,MEDIUM,2,62,104.59,21.51,4,0,7,72,0,1
2138,streetlight,CRITICAL,4,90,29.48,6.58,3,1,4,24,0,1
2139,pothole,LOW,1,36,37.65,6.09,2,1,1,48,0,1
2140,drainage,MEDIUM,2,34,38.28,20.58,0,1,3,48,0,0
2141,garbage,LOW,1,20,65.63,39.94,0,0,2,72,0,1
2142,streetlight,HIGH,3,45,33.84,20.5,0,1,4,24,0,1
2143,other,LOW,1,25,78.83,16.48,0,1,7,72,0,1
2144,garbage,LOW,1,30,19.72,3.57,1,1,2,72,0,0
2145,streetlight,LOW,1,16,5.8,1.83,0,0,4,24,0,1
2146,other,CRITICAL,4,100,11.96,10.89,2,1,7,72,1,1
2147,pothole,LOW,1,21,78.14,25.77,0,1,1,48,0,1
2148,streetlight,CRITICAL,4,67,5.52,4.83,0,1,4,24,0,0
2149,pothole,CRITICAL,4,78,23.6,3.18,1,1,1,48,0,1
2150,pothole,LOW,1,22,9.58,1.58,0,0,1,48,0,1
2151,streetlight,LOW,1,31,25.43,9.26,1,0,4,24,0,1
2152,other,LOW,1,25,127.45,68.26,0,0,7,72,0,1
2153,garbage,MEDIUM,2,38,113.87,26.07,1,1,2,72,0,1
2154,streetlight,LOW,1,18,28.2,6.84,0,1,4,24,0,0
2155,pothole,LOW,1,31,81.6,7.4,1,1,1,48,0,0
2156,other,MEDIUM,2,45,63.67,59.85,1,1,7,72,0,1
2157,streetlight,HIGH,3,78,10.49,3.08,1,1,4,24,1,1
2158,water_leakage,MEDIUM,2,46,29.6,19.67,2,1,5,24,0,1
2159,pothole,HIGH,3,100,5.81,4.56,4,1,1,48,1,1
2160,streetlight,MEDIUM,2,40,34.25,5.51,1,1,4,24,0,1
2161,garbage,LOW,1,25,29.75,9.09,0,1,2,72,0,0
2162,water_leakage,LOW,1,16,37.7,10.57,0,1,5,24,0,0
2163,drainage,CRITICAL,4,93,24.09,6.13,1,1,3,48,1,1
2164,garbage,HIGH,3,78,113.92,49.57,0,1,2,72,1,1
2165,other,MEDIUM,2,47,97.93,57.63,1,0,7,72,0,1
2166,water_leakage,MEDIUM,2,55,21.7,14.35,2,1,5,24,0,1
2167,streetlight,CRITICAL,4,100,22.8,17.7,2,1,4,24,1,0
2168,drainage,MEDIUM,2,40,60.75,40.2,0,1,3,48,0,1
2169,streetlight,LOW,1,61,35.0,20.68,5,1,4,24,0,1
2170,garbage,LOW,1,25,117.23,59.88,1,1,2,72,0,1
2171,garbage,MEDIUM,2,77,13.38,13.05,5,1,2,72,0,1
2172,garbage,CRITICAL,4,94,73.43,70.81,0,1,2,72,1,1
2173,garbage,LOW,1,15,15.7,12.81,0,0,2,72,0,1
2174,other,MEDIUM,2,40,59.79,22.68,0,0,7,72,0,1
2175,water_leakage,HIGH,3,48,29.23,17.16,0,1,5,24,0,1
2176,pothole,LOW,1,25,79.25,11.29,0,1,1,48,0,1
2177,pothole,MEDIUM,2,38,65.24,37.74,0,1,1,48,0,1
2178,garbage,LOW,1,16,52.96,52.03,0,1,2,72,0,1
2179,garbage,MEDIUM,2,38,128.9,32.91,1,1,2,72,0,1
2180,drainage,CRITICAL,4,85,82.3,28.24,0,0,3,48,1,1
2181,other,MEDIUM,2,59,34.82,2.57,3,1,7,72,0,1
2182,pothole,MEDIUM,2,54,60.83,42.81,3,1,1,48,0,0
2183,water_leakage,LOW,1,48,17.23,14.09,3,0,5,24,0,1
2184,water_leakage,MEDIUM,2,33,15.87,8.91,0,1,5,24,0,1
2185,garbage,MEDIUM,2,37,94.04,40.65,0,1,2,72,0,0
2186,water_leakage,LOW,1,38,18.72,10.4,2,1,5,24,0,0
2187,other,MEDIUM,2,39,62.89,38.64,0,1,7,72,0,1
2188,drainage,MEDIUM,2,33,6.7,3.04,0,1,3,48,0,1
2189,pothole,LOW,1,25,76.13,36.67,0,1,1,48,0,0
2190,water_leakage,HIGH,3,100,8.07,0.12,4,1,5,24,1,1
2191,garbage,CRITICAL,4,92,101.6,26.01,0,1,2,72,1,1
2192,other,LOW,1,16,96.93,35.16,0,0,7,72,0,1
2193,other,HIGH,3,72,83.59,10.42,0,1,7,72,1,1
2194,garbage,LOW,1,15,78.17,34.38,0,0,2,72,0,0
2195,drainage,MEDIUM,2,40,31.66,29.01,0,1,3,48,0,1
2196,streetlight,HIGH,3,72,1.96,0.85,0,0,4,24,1,1
2197,drainage,MEDIUM,2,64,0.01,0.0,3,0,3,48,0,1
2198,other,HIGH,3,77,53.14,50.51,0,0,7,72,1,0
2199,water_leakage,LOW,1,23,24.19,7.87,1,1,5,24,0,1
2200,streetlight,MEDIUM,2,37,40.84,19.6,0,1,4,24,0,1
2201,garbage,CRITICAL,4,60,9.39,8.85,0,1,2,72,0,1
2202,pothole,HIGH,3,83,81.47,30.79,1,0,1,48,1,0
2203,water_leakage,LOW,1,60,20.04,16.18,5,1,5,24,0,1
2204,pothole,MEDIUM,2,61,3.77,1.37,3,1,1,48,0,1
2205,water_leakage,LOW,1,41,1.89,0.88,2,1,5,24,0,1
2206,streetlight,LOW,1,19,30.27,23.71,0,1,4,24,0,0
2207,drainage,MEDIUM,2,44,19.61,12.67,1,1,3,48,0,0
2208,water_leakage,LOW,1,22,37.04,8.27,0,0,5,24,0,1
2209,streetlight,HIGH,3,56,3.81,2.38,1,1,4,24,0,0
2210,water_leakage,LOW,1,15,38.95,17.41,0,0,5,24,0,1
2211,water_leakage,MEDIUM,2,33,17.42,11.93,0,1,5,24,0,0
2212,other,MEDIUM,2,48,33.18,25.35,2,1,7,72,0,1
2213,pothole,MEDIUM,2,33,23.59,12.87,0,1,1,48,0,0
2214,garbage,CRITICAL,4,100,129.14,64.15,3,1,2,72,1,1
2215,garbage,MEDIUM,2,64,127.19,65.36,4,0,2,72,0,1
2216,drainage,LOW,1,20,38.49,17.1,0,0,3,48,0,1
2217,drainage,MEDIUM,2,30,31.47,12.5,0,0,3,48,0,1
2218,water_leakage,CRITICAL,4,85,38.98,7.79,0,1,5,24,1,1
2219,water_leakage,LOW,1,63,10.09,9.6,5,1,5,24,0,0
2220,pothole,MEDIUM,2,53,59.33,6.83,2,1,1,48,0,1
2221,pothole,MEDIUM,2,33,15.31,9.7,0,1,1,48,0,1
2222,drainage,MEDIUM,2,32,7.18,1.27,0,0,3,48,0,1
2223,drainage,HIGH,3,77,77.77,17.15,4,0,3,48,0,1
2224,pothole,LOW,1,49,74.55,44.66,3,1,1,48,0,0
2225,water_leakage,LOW,1,22,27.38,14.82,0,0,5,24,0,1
2226,streetlight,MEDIUM,2,39,36.48,11.13,0,1,4,24,0,1
2227,other,LOW,1,21,29.89,22.44,0,0,7,72,0,1
2228,other,MEDIUM,2,39,125.69,55.65,0,1,7,72,0,1
2229,drainage,LOW,1,19,81.02,42.16,0,1,3,48,0,1
2230,water_leakage,LOW,1,24,26.5,2.25,0,1,5,24,0,0
2231,garbage,CRITICAL,4,87,46.55,35.38,0,1,2,72,1,1
2232,streetlight,LOW,1,25,2.56,2.47,0,1,4,24,0,1
2233,water_leakage,MEDIUM,2,37,39.49,19.78,0,1,5,24,0,1
2234,pothole,HIGH,3,73,77.37,47.81,0,1,1,48,1,1
2235,water_leakage,HIGH,3,100,13.25,9.26,5,1,5,24,1,1
2236,streetlight,HIGH,3,70,36.57,8.02,0,0,4,24,1,1
2237,garbage,CRITICAL,4,89,40.58,5.28,0,0,2,72,1,1
2238,pothole,MEDIUM,2,41,57.15,27.49,1,0,1,48,0,1
2239,pothole,LOW,1,21,63.7,1.53,0,1,1,48,0,0
2240,pothole,MEDIUM,2,38,0.49,0.37,0,1,1,48,0,1
2241,pothole,LOW,1,17,78.01,4.24,0,0,1,48,0,1
2242,pothole,LOW,1,48,58.61,45.97,3,1,1,48,0,1
2243,water_leakage,MEDIUM,2,39,37.03,20.66,0,1,5,24,0,0
2244,drainage,LOW,1,17,4.01,3.82,0,1,3,48,0,0
2245,other,LOW,1,22,47.96,24.97,0,1,7,72,0,0
2246,other,MEDIUM,2,32,0.14,0.06,0,1,7,72,0,1
2247,water_leakage,LOW,1,24,8.17,5.72,0,1,5,24,0,0
2248,garbage,LOW,1,22,117.53,37.76,0,1,2,72,0,0
2249,other,MEDIUM,2,38,12.24,1.3,0,1,7,72,0,0
2250,water_leakage,MEDIUM,2,37,31.55,21.14,0,1,5,24,0,1
2251,other,LOW,1,20,72.06,3.2,0,1,7,72,0,0
2252,streetlight,MEDIUM,2,36,34.92,14.49,0,1,4,24,0,1
2253,garbage,MEDIUM,2,50,75.41,64.74,2,0,2,72,0,1
2254,other,LOW,1,23,66.6,11.2,1,0,7,72,0,1
2255,garbage,MEDIUM,2,56,69.55,43.49,2,0,2,72,0,1
2256,pothole,LOW,1,17,23.97,11.68,0,0,1,48,0,0
2257,water_leakage,MEDIUM,2,65,2.85,2.78,4,1,5,24,0,0
2258,other,LOW,1,15,81.3,0.94,0,0,7,72,0,1
2259,other,MEDIUM,2,40,28.38,3.72,1,1,7,72,0,0
2260,pothole,LOW,1,24,62.02,1.99,1,0,1,48,0,1
2261,pothole,MEDIUM,2,79,34.2,0.1,5,0,1,48,0,1
2262,streetlight,MEDIUM,2,32,15.37,13.88,0,1,4,24,0,0
2263,other,LOW,1,25,20.98,12.55,0,1,7,72,0,0
2264,pothole,MEDIUM,2,54,32.67,19.87,2,0,1,48,0,1
2265,pothole,LOW,1,37,72.76,35.61,2,0,1,48,0,1
2266,garbage,MEDIUM,2,38,103.87,14.62,0,1,2,72,0,1
2267,streetlight,MEDIUM,2,53,15.92,13.39,2,1,4,24,0,0
2268,pothole,MEDIUM,2,36,60.52,44.63,0,1,1,48,0,1
2269,pothole,LOW,1,22,24.79,18.92,0,1,1,48,0,0
2270,streetlight,CRITICAL,4,85,29.59,14.51,0,0,4,24,1,1
2271,water_leakage,MEDIUM,2,31,19.6,2.54,0,0,5,24,0,1
2272,garbage,LOW,1,49,101.84,47.91,3,1,2,72,0,1
2273,drainage,LOW,1,31,13.07,8.88,2,1,3,48,0,0
2274,streetlight,CRITICAL,4,95,25.67,16.49,0,1,4,24,1,1
2275,drainage,HIGH,3,78,61.45,31.58,0,1,3,48,1,1
2276,garbage,HIGH,3,50,93.33,69.29,0,1,2,72,0,1
2277,drainage,MEDIUM,2,33,19.43,5.07,0,1,3,48,0,1
2278,other,HIGH,3,50,109.94,38.09,0,1,7,72,0,1
2279,other,MEDIUM,2,36,89.4,48.61,0,1,7,72,0,1
2280,other,HIGH,3,74,34.77,26.84,3,1,7,72,0,0
2281,streetlight,MEDIUM,2,39,20.4,17.49,0,1,4,24,0,0
2282,streetlight,CRITICAL,4,90,2.75,0.57,0,0,4,24,1,1
2283,other,HIGH,3,95,74.22,66.62,3,1,7,72,1,1
2284,garbage,HIGH,3,100,77.23,23.26,3,1,2,72,1,1
2285,garbage,LOW,1,24,112.77,19.89,0,1,2,72,0,0
2286,drainage,LOW,1,19,10.59,8.61,0,1,3,48,0,0
2287,water_leakage,LOW,1,20,34.24,3.78,0,0,5,24,0,0
2288,garbage,MEDIUM,2,33,7.24,4.1,0,1,2,72,0,1
2289,other,HIGH,3,83,3.89,2.51,1,1,7,72,1,0
2290,garbage,CRITICAL,4,90,10.29,7.51,0,1,2,72,1,1
2291,drainage,HIGH,3,77,56.85,35.48,0,1,3,48,1,1
2292,other,MEDIUM,2,32,87.96,3.5,0,1,7,72,0,0
2293,other,LOW,1,34,68.56,54.62,2,1,7,72,0,0
2294,streetlight,MEDIUM,2,37,24.94,9.61,0,0,4,24,0,1
2295,drainage,HIGH,3,60,55.79,2.24,1,1,3,48,0,1
2296,pothole,LOW,1,15,80.87,15.62,0,1,1,48,0,1
2297,garbage,MEDIUM,2,37,88.44,52.52,0,0,2,72,0,1
2298,garbage,LOW,1,48,3.43,1.03,4,1,2,72,0,0
2299,garbage,HIGH,3,48,68.57,43.03,0,1,2,72,0,1
2300,streetlight,MEDIUM,2,38,15.17,2.34,1,0,4,24,0,1
2301,garbage,MEDIUM,2,35,81.8,34.89,0,0,2,72,0,0
2302,drainage,HIGH,3,100,74.29,32.78,3,0,3,48,1,1
2303,water_leakage,LOW,1,22,22.56,13.71,0,1,5,24,0,0
2304,garbage,HIGH,3,52,29.23,6.62,0,1,2,72,0,1
2305,pothole,MEDIUM,2,31,39.67,20.29,0,1,1,48,0,0
2306,garbage,HIGH,3,75,25.91,1.0,0,0,2,72,1,1
2307,water_leakage,LOW,1,24,41.59,16.27,1,0,5,24,0,0
2308,streetlight,MEDIUM,2,42,36.37,10.43,1,0,4,24,0,1
2309,streetlight,LOW,1,18,19.12,5.02,0,1,4,24,0,0
2310,garbage,LOW,1,24,20.92,14.89,0,0,2,72,0,1
2311,garbage,LOW,1,25,128.35,61.78,0,1,2,72,0,0
2312,other,HIGH,3,54,23.15,22.19,0,1,7,72,0,0
2313,drainage,LOW,1,22,56.69,43.21,0,1,3,48,0,0
2314,garbage,LOW,1,22,83.95,38.27,0,1,2,72,0,1
2315,garbage,LOW,1,16,86.7,16.5,0,1,2,72,0,0
2316,drainage,LOW,1,33,76.76,3.44,1,0,3,48,0,1
2317,drainage,MEDIUM,2,31,19.81,16.4,0,1,3,48,0,1
2318,drainage,HIGH,3,55,3.89,1.24,0,1,3,48,0,1
2319,pothole,MEDIUM,2,35,62.24,3.46,0,1,1,48,0,1
2320,drainage,LOW,1,26,80.64,4.38,1,1,3,48,0,0
2321,streetlight,MEDIUM,2,32,15.45,2.86,0,0,4,24,0,1
2322,garbage,MEDIUM,2,39,20.52,0.31,1,1,2,72,0,1
2323,other,LOW,1,21,39.85,37.49,0,1,7,72,0,0
2324,water_leakage,MEDIUM,2,38,22.98,14.88,0,1,5,24,0,1
2325,pothole,LOW,1,17,42.38,20.51,0,1,1,48,0,1
2326,other,MEDIUM,2,38,99.1,33.15,0,1,7,72,0,1
2327,streetlight,MEDIUM,2,48,18.16,4.31,1,0,4,24,0,1
2328,other,MEDIUM,2,42,26.31,15.86,1,1,7,72,0,1
2329,water_leakage,MEDIUM,2,30,33.94,15.29,0,0,5,24,0,1
2330,water_leakage,LOW,1,19,36.38,18.59,0,1,5,24,0,0
2331,streetlight,HIGH,3,52,12.27,0.08,0,0,4,24,0,1
2332,drainage,MEDIUM,2,37,65.88,23.83,0,1,3,48,0,0
2333,pothole,MEDIUM,2,34,17.39,15.49,0,1,1,48,0,0
2334,pothole,LOW,1,24,21.1,6.64,0,0,1,48,0,0
2335,drainage,MEDIUM,2,40,53.26,46.22,0,0,3,48,0,1
2336,drainage,LOW,1,24,60.13,10.69,0,1,3,48,0,1
2337,pothole,LOW,1,18,30.22,4.88,0,1,1,48,0,0
2338,garbage,CRITICAL,4,100,110.59,44.21,3,1,2,72,1,1
2339,water_leakage,MEDIUM,2,35,39.86,9.93,0,0,5,24,0,1
2340,drainage,MEDIUM,2,39,26.56,6.84,0,1,3,48,0,1
2341,water_leakage,HIGH,3,49,25.45,18.07,0,1,5,24,0,1
2342,drainage,LOW,1,25,76.11,42.1,0,1,3,48,0,0
2343,other,MEDIUM,2,39,18.94,0.9,0,1,7,72,0,0
2344,other,CRITICAL,4,89,128.09,48.17,0,1,7,72,1,1
2345,garbage,LOW,1,17,1.03,0.92,0,0,2,72,0,1
2346,streetlight,HIGH,3,92,20.69,6.24,2,1,4,24,1,1
2347,streetlight,HIGH,3,79,5.7,4.43,0,0,4,24,1,1
2348,drainage,MEDIUM,2,30,5.54,4.01,0,0,3,48,0,1
2349,other,HIGH,3,76,13.82,10.76,0,1,7,72,1,0
2350,water_leakage,MEDIUM,2,37,16.92,5.6,0,1,5,24,0,0
2351,water_leakage,CRITICAL,4,90,41.94,1.89,0,0,5,24,1,1
2352,garbage,LOW,1,23,42.41,16.45,0,0,2,72,0,1
2353,pothole,HIGH,3,63,25.63,4.7,2,0,1,48,0,1
2354,garbage,LOW,1,15,59.29,10.86,0,1,2,72,0,1
2355,other,MEDIUM,2,44,75.1,36.32,1,1,7,72,0,0
2356,water_leakage,HIGH,3,87,1.41,1.12,5,1,5,24,0,1
2357,drainage,MEDIUM,2,56,50.33,2.41,2,1,3,48,0,1
2358,streetlight,MEDIUM,2,33,12.36,5.76,0,0,4,24,0,0
2359,pothole,LOW,1,17,46.36,36.69,0,0,1,48,0,0
2360,water_leakage,CRITICAL,4,62,18.24,6.17,0,1,5,24,0,1
2361,garbage,MEDIUM,2,35,19.87,15.76,0,0,2,72,0,1
2362,pothole,LOW,1,22,75.84,11.03,0,0,1,48,0,1
2363,other,MEDIUM,2,30,86.87,30.8,0,1,7,72,0,1
2364,streetlight,LOW,1,23,20.67,12.61,1,1,4,24,0,1
2365,other,MEDIUM,2,39,7.26,6.84,0,0,7,72,0,1
2366,drainage,HIGH,3,45,14.74,0.43,0,1,3,48,0,1
2367,drainage,MEDIUM,2,46,81.78,38.38,2,1,3,48,0,1
2368,other,LOW,1,15,21.18,16.88,0,1,7,72,0,0
2369,other,MEDIUM,2,31,107.74,47.56,0,1,7,72,0,0
2370,streetlight,MEDIUM,2,39,29.85,7.71,0,0,4,24,0,0
2371,garbage,HIGH,3,47,6.49,2.33,0,1,2,72,0,0
2372,streetlight,MEDIUM,2,39,14.67,12.79,0,0,4,24,0,1
2373,water_leakage,HIGH,3,47,14.83,5.85,0,1,5,24,0,0
2374,streetlight,LOW,1,40,8.11,4.65,3,1,4,24,0,1
2375,pothole,CRITICAL,4,93,10.3,4.72,0,0,1,48,1,1
2376,other,MEDIUM,2,46,86.78,64.14,2,1,7,72,0,0
2377,streetlight,LOW,1,16,1.56,0.98,0,0,4,24,0,0
2378,water_leakage,MEDIUM,2,31,30.0,4.28,0,1,5,24,0,1
2379,garbage,LOW,1,31,117.33,68.06,1,0,2,72,0,1
2380,garbage,LOW,1,25,111.09,10.78,0,0,2,72,0,1
2381,drainage,MEDIUM,2,30,55.82,40.8,0,0,3,48,0,1
2382,garbage,LOW,1,35,37.57,11.35,2,1,2,72,0,0
2383,water_leakage,MEDIUM,2,32,25.89,22.14,0,1,5,24,0,1
2384,drainage,MEDIUM,2,35,32.62,16.55,0,1,3,48,0,1
2385,other,MEDIUM,2,40,33.36,23.42,0,1,7,72,0,1
2386,water_leakage,MEDIUM,2,35,17.89,4.79,0,1,5,24,0,0
2387,garbage,HIGH,3,72,73.51,1.26,0,1,2,72,1,1
2388,garbage,LOW,1,16,47.81,34.67,0,1,2,72,0,1
2389,streetlight,LOW,1,29,6.55,2.08,1,1,4,24,0,1
2390,garbage,MEDIUM,2,34,93.34,11.1,0,1,2,72,0,1
2391,garbage,LOW,1,25,48.86,16.38,0,1,2,72,0,0
2392,drainage,LOW,1,23,17.69,1.89,1,1,3,48,0,1
2393,water_leakage,MEDIUM,2,31,36.76,16.9,0,1,5,24,0,1
2394,garbage,LOW,1,25,107.42,56.31,0,0,2,72,0,0
2395,pothole,MEDIUM,2,36,46.51,40.45,0,1,1,48,0,1
2396,pothole,LOW,1,21,50.36,25.48,0,1,1,48,0,1
2397,drainage,HIGH,3,78,72.33,32.34,0,1,3,48,1,1
2398,streetlight,MEDIUM,2,36,22.65,5.54,0,1,4,24,0,1
2399,drainage,CRITICAL,4,71,34.5,10.72,1,1,3,48,0,1
2400,garbage,LOW,1,34,18.26,16.99,2,0,2,72,0,1
2401,drainage,MEDIUM,2,31,3.93,0.64,0,0,3,48,0,1
2402,streetlight,CRITICAL,4,100,39.62,13.64,2,1,4,24,1,1
2403,streetlight,MEDIUM,2,40,25.66,14.71,0,1,4,24,0,1
2404,other,LOW,1,21,95.3,1.43,0,1,7,72,0,1
2405,other,MEDIUM,2,32,91.53,4.49,0,0,7,72,0,1
2406,garbage,MEDIUM,2,32,24.44,2.35,0,0,2,72,0,1
2407,water_leakage,HIGH,3,54,23.75,0.05,0,1,5,24,0,1
2408,water_leakage,HIGH,3,51,2.7,1.22,0,1,5,24,0,0
2409,garbage,LOW,1,37,72.03,64.05,2,1,2,72,0,0
2410,garbage,LOW,1,16,62.68,56.42,0,1,2,72,0,0
2411,water_leakage,HIGH,3,78,32.4,18.43,0,1,5,24,1,1
2412,pothole,LOW,1,18,6.43,1.0,0,0,1,48,0,0
2413,garbage,LOW,1,49,70.06,35.6,4,1,2,72,0,1
2414,water_leakage,MEDIUM,2,38,2.73,1.3,1,1,5,24,0,0
2415,streetlight,MEDIUM,2,47,4.1,0.18,1,1,4,24,0,1
2416,other,HIGH,3,62,69.75,7.01,1,0,7,72,0,1
2417,water_leakage,MEDIUM,2,39,17.7,8.15,0,0,5,24,0,1
2418,water_leakage,MEDIUM,2,48,23.37,6.99,1,0,5,24,0,1
2419,other,HIGH,3,76,19.53,7.63,0,1,7,72,1,1
2420,water_leakage,HIGH,3,54,24.83,2.26,0,0,5,24,0,1
2421,garbage,LOW,1,22,28.97,7.9,0,1,2,72,0,0
2422,garbage,MEDIUM,2,47,78.77,32.04,1,0,2,72,0,1
2423,water_leakage,CRITICAL,4,85,13.15,10.06,0,1,5,24,1,1
2424,water_leakage,MEDIUM,2,39,29.64,11.95,0,1,5,24,0,1
2425,drainage,LOW,1,32,43.98,35.31,2,1,3,48,0,1
2426,garbage,LOW,1,24,59.4,56.06,0,1,2,72,0,0
2427,water_leakage,LOW,1,20,16.45,12.77,0,0,5,24,0,1
2428,water_leakage,LOW,1,33,27.65,19.35,2,1,5,24,0,1
2429,pothole,LOW,1,24,12.06,5.53,0,0,1,48,0,0
2430,pothole,HIGH,3,45,15.48,8.28,0,1,1,48,0,1
2431,water_leakage,MEDIUM,2,40,8.21,5.46,0,1,5,24,0,0
2432,water_leakage,LOW,1,32,25.7,11.37,2,1,5,24,0,1
2433,streetlight,CRITICAL,4,92,10.22,1.53,4,1,4,24,0,1
2434,pothole,MEDIUM,2,39,62.23,36.47,0,1,1,48,0,1
2435,garbage,LOW,1,24,125.48,25.74,0,1,2,72,0,1
2436,streetlight,CRITICAL,4,92,28.73,21.53,0,1,4,24,1,1
2437,pothole,MEDIUM,2,46,45.86,7.43,2,1,1,48,0,1
2438,garbage,MEDIUM,2,34,115.16,8.85,0,1,2,72,0,0
2439,drainage,LOW,1,21,51.43,2.08,0,1,3,48,0,0
2440,streetlight,HIGH,3,46,16.17,4.86,0,0,4,24,0,1
2441,drainage,MEDIUM,2,32,37.69,18.0,0,1,3,48,0,1
2442,garbage,LOW,1,43,1.03,0.24,3,1,2,72,0,0
2443,pothole,LOW,1,20,26.55,23.92,0,0,1,48,0,1
2444,garbage,MEDIUM,2,49,42.28,4.08,2,0,2,72,0,1
2445,streetlight,HIGH,3,87,41.88,6.9,1,0,4,24,1,1
2446,other,LOW,1,22,16.55,3.06,0,1,7,72,0,0
2447,other,LOW,1,25,125.7,35.62,0,0,7,72,0,1
2448,garbage,MEDIUM,2,32,72.02,51.29,0,1,2,72,0,1
2449,drainage,LOW,1,32,72.72,6.72,2,0,3,48,0,0
2450,drainage,MEDIUM,2,38,53.13,21.53,0,1,3,48,0,0
2451,pothole,MEDIUM,2,33,51.78,12.4,0,0,1,48,0,1
2452,other,LOW,1,35,100.1,21.42,2,1,7,72,0,1
2453,streetlight,LOW,1,51,25.08,16.86,4,1,4,24,0,1
2454,water_leakage,LOW,1,16,14.4,7.03,0,0,5,24,0,1
2455,streetlight,LOW,1,24,34.02,16.52,0,1,4,24,0,0
2456,streetlight,CRITICAL,4,100,22.16,11.21,2,1,4,24,1,1
2457,streetlight,MEDIUM,2,40,8.48,2.42,0,0,4,24,0,1
2458,garbage,LOW,1,36,89.62,29.42,2,0,2,72,0,1
2459,streetlight,HIGH,3,80,33.88,1.2,0,1,4,24,1,1
2460,drainage,LOW,1,17,32.96,2.89,0,1,3,48,0,0
2461,streetlight,MEDIUM,2,39,2.82,0.88,0,1,4,24,0,0
2462,drainage,HIGH,3,86,54.35,20.64,4,1,3,48,0,1
2463,pothole,MEDIUM,2,39,9.69,5.16,0,1,1,48,0,1
2464,garbage,HIGH,3,80,88.62,24.51,0,0,2,72,1,1
2465,drainage,LOW,1,43,25.47,7.05,3,1,3,48,0,0
2466,other,MEDIUM,2,35,59.33,22.0,0,1,7,72,0,0
2467,streetlight,LOW,1,16,30.67,8.36,0,1,4,24,0,0
2468,pothole,LOW,1,25,6.17,4.6,0,1,1,48,0,0
2469,other,HIGH,3,52,106.27,21.55,0,1,7,72,0,1
2470,streetlight,LOW,1,20,14.18,8.23,0,1,4,24,0,0
2471,drainage,HIGH,3,94,17.81,8.84,2,1,3,48,1,1
2472,garbage,MEDIUM,2,38,82.71,15.11,0,1,2,72,0,1
2473,pothole,MEDIUM,2,51,52.68,47.32,2,0,1,48,0,1
2474,pothole,MEDIUM,2,72,53.33,44.01,4,1,1,48,0,0
2475,pothole,MEDIUM,2,36,49.86,17.78,0,1,1,48,0,1
2476,garbage,HIGH,3,78,48.43,30.41,1,1,2,72,1,1
2477,streetlight,CRITICAL,4,86,0.51,0.43,0,0,4,24,1,1
2478,garbage,HIGH,3,93,10.34,2.57,2,0,2,72,1,1
2479,other,HIGH,3,50,45.3,11.02,0,1,7,72,0,0
2480,pothole,HIGH,3,77,61.96,2.05,0,1,1,48,1,1
2481,pothole,HIGH,3,47,80.58,38.16,0,0,1,48,0,1
2482,pothole,LOW,1,20,30.13,21.71,0,0,1,48,0,1
2483,water_leakage,LOW,1,21,0.31,0.1,0,1,5,24,0,1
2484,other,CRITICAL,4,71,58.37,14.38,1,1,7,72,0,1
2485,water_leakage,LOW,1,21,14.98,13.14,0,0,5,24,0,0
2486,water_leakage,LOW,1,22,5.79,2.94,0,1,5,24,0,1
2487,garbage,MEDIUM,2,33,54.67,41.86,0,0,2,72,0,1
2488,water_leakage,LOW,1,32,34.87,6.15,2,1,5,24,0,1
2489,pothole,MEDIUM,2,35,60.18,46.03,0,1,1,48,0,1
2490,other,HIGH,3,100,53.08,14.1,4,1,7,72,1,1
2491,pothole,LOW,1,21,84.68,0.4,0,1,1,48,0,1
2492,water_leakage,HIGH,3,48,11.37,2.95,0,0,5,24,0,1
2493,garbage,HIGH,3,80,74.56,41.41,0,1,2,72,1,1
2494,other,CRITICAL,4,69,119.21,41.02,0,1,7,72,0,1
2495,drainage,HIGH,3,66,65.18,16.83,2,0,3,48,0,1
2496,streetlight,LOW,1,37,21.21,9.62,2,0,4,24,0,0
2497,water_leakage,CRITICAL,4,76,34.08,18.18,2,1,5,24,0,1
2498,garbage,MEDIUM,2,37,98.5,64.88,0,0,2,72,0,1
2499,other,MEDIUM,2,37,66.35,48.59,0,0,7,72,0,1
2500,drainage,LOW,1,28,61.99,29.04,1,0,3,48,0,1
2501,other,HIGH,3,72,125.62,13.41,0,0,7,72,1,1
2502,drainage,LOW,1,15,73.21,41.39,0,0,3,48,0,1
2503,drainage,MEDIUM,2,37,11.57,3.11,0,0,3,48,0,0
2504,other,LOW,1,23,73.23,11.49,0,1,7,72,0,0
2505,pothole,MEDIUM,2,64,61.74,14.86,4,1,1,48,0,1
2506,water_leakage,CRITICAL,4,89,1.22,0.89,0,0,5,24,1,1
2507,water_leakage,MEDIUM,2,72,7.92,2.96,5,1,5,24,0,1
2508,pothole,LOW,1,16,76.9,30.99,0,1,1,48,0,0
2509,water_leakage,LOW,1,18,8.31,3.18,0,1,5,24,0,1
2510,pothole,LOW,1,17,34.5,23.96,0,1,1,48,0,0
2511,pothole,MEDIUM,2,48,67.34,11.35,2,1,1,48,0,1
2512,drainage,LOW,1,24,82.81,28.0,0,1,3,48,0,1
2513,pothole,LOW,1,23,21.03,7.01,1,1,1,48,0,0
2514,garbage,MEDIUM,2,32,11.6,8.73,0,1,2,72,0,1
2515,garbage,MEDIUM,2,40,49.34,2.04,0,1,2,72,0,1
2516,garbage,LOW,1,19,3.23,2.66,0,1,2,72,0,0
2517,pothole,CRITICAL,4,100,9.59,1.6,2,1,1,48,1,1
2518,drainage,LOW,1,35,4.65,4.55,2,1,3,48,0,0
2519,garbage,LOW,1,18,18.69,12.11,0,1,2,72,0,0
2520,drainage,HIGH,3,98,12.26,8.98,3,1,3,48,1,1
2521,streetlight,HIGH,3,88,20.5,3.7,1,0,4,24,1,1
2522,drainage,LOW,1,19,79.74,22.58,0,1,3,48,0,0
2523,pothole,CRITICAL,4,90,58.5,12.98,0,1,1,48,1,1
2524,pothole,LOW,1,24,9.18,6.13,0,1,1,48,0,0
2525,pothole,LOW,1,64,37.14,32.71,5,1,1,48,0,0
2526,streetlight,LOW,1,45,24.02,18.99,3,1,4,24,0,1
2527,streetlight,MEDIUM,2,34,2.54,0.02,0,1,4,24,0,1
2528,other,LOW,1,24,106.38,40.14,0,1,7,72,0,1
2529,drainage,MEDIUM,2,39,49.01,4.12,0,0,3,48,0,1
2530,water_leakage,CRITICAL,4,62,33.2,22.62,0,1,5,24,0,1
2531,drainage,CRITICAL,4,68,24.07,6.48,0,1,3,48,0,1
2532,garbage,MEDIUM,2,30,68.4,21.79,0,0,2,72,0,1
2533,garbage,LOW,1,28,94.2,49.41,1,1,2,72,0,0
2534,pothole,HIGH,3,74,65.78,0.09,0,1,1,48,1,1
2535,streetlight,MEDIUM,2,39,25.65,14.69,0,1,4,24,0,0
2536,pothole,LOW,1,16,35.1,0.09,0,1,1,48,0,1
2537,other,MEDIUM,2,39,106.32,10.0,0,1,7,72,0,1
2538,water_leakage,MEDIUM,2,35,31.97,14.83,0,1,5,24,0,1
2539,pothole,CRITICAL,4,85,74.87,26.29,0,0,1,48,1,1
2540,water_leakage,HIGH,3,79,42.01,12.36,1,0,5,24,1,1
2541,garbage,CRITICAL,4,84,10.69,1.03,2,1,2,72,0,1
2542,other,LOW,1,47,64.96,49.32,4,1,7,72,0,1
2543,drainage,HIGH,3,76,57.43,3.28,0,1,3,48,1,1
2544,drainage,MEDIUM,2,34,49.66,28.67,0,1,3,48,0,0
2545,streetlight,MEDIUM,2,40,30.94,2.29,0,0,4,24,0,1
2546,garbage,MEDIUM,2,40,69.86,6.4,0,1,2,72,0,1
2547,streetlight,MEDIUM,2,32,33.14,23.24,0,1,4,24,0,1
2548,drainage,MEDIUM,2,33,6.05,1.59,0,0,3,48,0,0
2549,drainage,MEDIUM,2,69,16.65,5.19,4,0,3,48,0,1
2550,drainage,LOW,1,20,53.55,47.64,0,0,3,48,0,1
2551,pothole,MEDIUM,2,43,81.07,30.16,1,1,1,48,0,1
2552,drainage,MEDIUM,2,32,77.09,5.49,0,1,3,48,0,1
2553,drainage,MEDIUM,2,37,2.03,0.17,0,1,3,48,0,1
2554,pothole,MEDIUM,2,80,64.42,8.44,5,0,1,48,0,1
2555,drainage,LOW,1,39,2.54,2.29,3,1,3,48,0,0
2556,streetlight,MEDIUM,2,42,14.04,13.42,1,1,4,24,0,1
2557,other,LOW,1,37,113.44,47.17,2,1,7,72,0,0
2558,other,LOW,1,23,106.95,1.81,1,1,7,72,0,1
2559,other,MEDIUM,2,40,81.12,14.76,1,1,7,72,0,1
2560,drainage,MEDIUM,2,35,36.45,17.9,0,0,3,48,0,1
2561,other,MEDIUM,2,30,107.06,48.11,0,1,7,72,0,1
2562,streetlight,MEDIUM,2,40,16.74,5.88,1,1,4,24,0,0
2563,drainage,CRITICAL,4,67,82.63,29.83,0,1,3,48,0,1
2564,drainage,HIGH,3,73,25.35,11.84,0,0,3,48,1,1
2565,pothole,MEDIUM,2,34,80.58,38.7,0,1,1,48,0,0
2566,garbage,LOW,1,21,111.99,58.44,0,1,2,72,0,0
2567,streetlight,MEDIUM,2,34,40.93,3.62,0,1,4,24,0,1
2568,drainage,LOW,1,19,22.19,17.43,0,1,3,48,0,0
2569,other,HIGH,3,86,99.33,7.28,1,1,7,72,1,1
2570,garbage,MEDIUM,2,40,0.33,0.22,0,0,2,72,0,0
2571,drainage,MEDIUM,2,42,74.65,38.7,1,1,3,48,0,1
2572,streetlight,MEDIUM,2,47,42.9,9.72,2,0,4,24,0,1
2573,pothole,LOW,1,19,13.91,12.22,0,1,1,48,0,1
2574,other,LOW,1,23,111.87,8.53,0,1,7,72,0,1
2575,garbage,MEDIUM,2,46,13.02,9.51,2,1,2,72,0,1
2576,pothole,CRITICAL,4,60,17.42,10.36,0,1,1,48,0,1
2577,drainage,LOW,1,42,1.14,0.34,3,1,3,48,0,1
2578,other,MEDIUM,2,38,12.82,10.54,1,1,7,72,0,0
2579,pothole,HIGH,3,79,65.46,42.44,0,1,1,48,1,0
2580,pothole,MEDIUM,2,37,22.32,12.99,0,1,1,48,0,0
2581,drainage,HIGH,3,75,79.6,30.18,0,1,3,48,1,1
2582,other,LOW,1,22,61.24,10.19,0,1,7,72,0,0
2583,pothole,MEDIUM,2,31,67.34,28.74,0,0,1,48,0,0
2584,pothole,MEDIUM,2,40,47.74,24.44,1,1,1,48,0,1
2585,garbage,MEDIUM,2,77,113.93,42.34,5,0,2,72,0,1
2586,water_leakage,LOW,1,16,14.64,3.32,0,1,5,24,0,0
2587,pothole,LOW,1,28,24.78,0.37,1,1,1,48,0,0
2588,water_leakage,LOW,1,33,7.33,1.88,2,0,5,24,0,1
2589,streetlight,CRITICAL,4,69,7.01,5.78,0,0,4,24,0,1
2590,streetlight,MEDIUM,2,45,36.59,6.23,1,0,4,24,0,1
2591,drainage,LOW,1,20,53.55,5.68,0,1,3,48,0,0
2592,garbage,LOW,1,17,7.12,0.82,0,0,2,72,0,1
2593,pothole,MEDIUM,2,40,0.83,0.16,0,1,1,48,0,0
2594,drainage,HIGH,3,56,13.53,11.48,1,1,3,48,0,1
2595,drainage,MEDIUM,2,31,25.3,1.67,0,1,3,48,0,0
2596,water_leakage,HIGH,3,87,3.22,0.05,2,0,5,24,1,1
2597,other,MEDIUM,2,33,104.66,39.6,0,0,7,72,0,1
2598,water_leakage,HIGH,3,49,10.05,5.53,0,1,5,24,0,0
2599,streetlight,LOW,1,37,42.92,11.77,2,1,4,24,0,0
2600,pothole,LOW,1,24,21.32,7.18,1,1,1,48,0,1
2601,pothole,HIGH,3,79,78.42,15.82,0,0,1,48,1,1
2602,pothole,LOW,1,49,22.43,8.44,3,0,1,48,0,0
2603,streetlight,LOW,1,20,31.72,0.45,0,0,4,24,0,0
2604,streetlight,HIGH,3,70,20.24,0.74,0,0,4,24,1,1
2605,streetlight,LOW,1,33,16.6,4.38,1,1,4,24,0,0
2606,streetlight,MEDIUM,2,38,2.64,0.26,0,1,4,24,0,1
2607,garbage,HIGH,3,55,38.43,2.8,0,1,2,72,0,1
2608,pothole,LOW,1,29,14.93,3.87,1,1,1,48,0,0
2609,streetlight,LOW,1,19,22.3,6.7,0,1,4,24,0,1
2610,streetlight,MEDIUM,2,33,16.3,3.37,0,0,4,24,0,0
2611,garbage,MEDIUM,2,39,125.31,28.86,0,0,2,72,0,1
2612,water_leakage,MEDIUM,2,30,21.77,10.35,0,1,5,24,0,0
2613,water_leakage,HIGH,3,58,22.61,8.89,1,0,5,24,0,1
2614,drainage,LOW,1,41,68.1,32.99,3,1,3,48,0,1
2615,water_leakage,MEDIUM,2,34,3.62,3.28,0,1,5,24,0,0
2616,drainage,LOW,1,23,56.7,15.44,0,1,3,48,0,0
2617,streetlight,MEDIUM,2,30,14.64,3.73,0,0,4,24,0,1
2618,water_leakage,LOW,1,33,36.51,11.44,2,1,5,24,0,1
2619,garbage,LOW,1,24,91.52,12.63,1,1,2,72,0,0
2620,streetlight,HIGH,3,80,28.13,11.76,1,1,4,24,1,1
2621,drainage,LOW,1,21,76.29,17.85,0,1,3,48,0,0
2622,garbage,LOW,1,18,22.77,2.36,0,1,2,72,0,0
2623,garbage,LOW,1,63,116.44,53.78,5,1,2,72,0,1
2624,drainage,LOW,1,15,34.35,17.02,0,1,3,48,0,0
2625,streetlight,MEDIUM,2,36,38.32,0.46,0,1,4,24,0,0
2626,streetlight,HIGH,3,73,1.7,0.58,0,0,4,24,1,1
2627,streetlight,LOW,1,22,39.61,9.04,0,0,4,24,0,1
2628,drainage,HIGH,3,45,37.43,9.05,0,1,3,48,0,1
2629,drainage,LOW,1,31,13.5,4.72,1,1,3,48,0,0
2630,other,MEDIUM,2,37,95.67,16.19,0,0,7,72,0,1
2631,pothole,LOW,1,19,49.47,39.47,0,1,1,48,0,0
2632,water_leakage,HIGH,3,55,2.57,2.13,1,1,5,24,0,1
2633,garbage,MEDIUM,2,40,39.36,38.47,0,0,2,72,0,1
2634,pothole,MEDIUM,2,36,0.05,0.04,0,1,1,48,0,0
2635,drainage,HIGH,3,46,73.14,1.04,0,0,3,48,0,1
2636,garbage,MEDIUM,2,58,21.5,16.59,3,1,2,72,0,0
2637,garbage,MEDIUM,2,56,36.22,19.64,3,1,2,72,0,0
2638,drainage,CRITICAL,4,100,21.36,3.7,4,0,3,48,1,1
2639,other,HIGH,3,75,44.59,43.4,0,1,7,72,1,1
2640,other,MEDIUM,2,38,4.33,3.7,0,1,7,72,0,1
2641,garbage,MEDIUM,2,49,97.85,17.68,2,0,2,72,0,1
2642,garbage,MEDIUM,2,38,17.14,13.92,0,1,2,72,0,0
2643,garbage,LOW,1,32,107.78,56.78,1,0,2,72,0,1
2644,drainage,HIGH,3,54,33.94,30.81,1,1,3,48,0,1
2645,streetlight,MEDIUM,2,31,3.25,1.49,0,0,4,24,0,0
2646,streetlight,LOW,1,22,33.47,6.44,0,0,4,24,0,1
2647,pothole,MEDIUM,2,43,15.62,6.97,1,0,1,48,0,1
2648,streetlight,LOW,1,23,18.3,17.4,0,0,4,24,0,1
2649,streetlight,LOW,1,29,4.44,4.03,1,1,4,24,0,1
2650,garbage,LOW,1,27,74.01,11.4,1,1,2,72,0,1
2651,garbage,LOW,1,20,24.76,17.46,0,1,2,72,0,0
2652,drainage,LOW,1,19,18.13,14.0,0,1,3,48,0,1
2653,pothole,MEDIUM,2,37,38.16,35.0,0,0,1,48,0,1
2654,garbage,MEDIUM,2,38,96.07,61.92,0,0,2,72,0,1
2655,drainage,MEDIUM,2,32,58.36,33.62,0,0,3,48,0,1
2656,pothole,LOW,1,24,46.89,23.1,0,1,1,48,0,1
2657,garbage,HIGH,3,100,98.18,42.4,5,1,2,72,1,1
2658,garbage,LOW,1,55,92.85,47.92,4,0,2,72,0,1
2659,water_leakage,HIGH,3,75,15.52,8.18,0,1,5,24,1,1
2660,other,HIGH,3,72,17.49,13.79,0,1,7,72,1,1
2661,garbage,MEDIUM,2,43,119.75,62.08,1,1,2,72,0,1
2662,water_leakage,MEDIUM,2,47,24.0,4.14,2,0,5,24,0,1
2663,drainage,MEDIUM,2,34,57.34,30.51,0,1,3,48,0,1
2664,water_leakage,MEDIUM,2,32,25.44,6.05,0,0,5,24,0,1
2665,garbage,HIGH,3,80,11.3,6.44,0,0,2,72,1,1
2666,garbage,HIGH,3,50,57.46,7.72,0,0,2,72,0,1
2667,pothole,CRITICAL,4,60,31.22,6.06,0,1,1,48,0,1
2668,water_leakage,LOW,1,18,31.85,2.03,0,1,5,24,0,0
2669,garbage,LOW,1,21,38.61,17.9,0,1,2,72,0,0
2670,other,LOW,1,15,125.08,67.09,0,1,7,72,0,1
2671,drainage,MEDIUM,2,52,79.79,35.92,2,0,3,48,0,1
2672,streetlight,LOW,1,20,30.62,17.12,0,0,4,24,0,1
2673,garbage,LOW,1,18,54.91,24.42,0,0,2,72,0,1
2674,garbage,CRITICAL,4,64,114.83,56.63,0,1,2,72,0,1
2675,pothole,CRITICAL,4,97,25.89,24.3,1,1,1,48,1,1
2676,other,LOW,1,38,23.16,10.88,2,1,7,72,0,0
2677,pothole,MEDIUM,2,38,59.84,37.92,1,0,1,48,0,1
2678,streetlight,HIGH,3,71,20.45,17.55,0,1,4,24,1,1
2679,streetlight,MEDIUM,2,40,24.39,4.14,1,0,4,24,0,1
2680,garbage,MEDIUM,2,42,34.55,9.24,1,0,2,72,0,1
2681,drainage,HIGH,3,47,43.28,16.83,0,1,3,48,0,1
2682,drainage,HIGH,3,86,31.94,7.2,2,0,3,48,1,1
2683,streetlight,LOW,1,15,22.28,16.35,0,1,4,24,0,0
2684,garbage,MEDIUM,2,32,43.7,38.71,0,1,2,72,0,1
2685,other,LOW,1,24,41.64,24.57,0,1,7,72,0,0
2686,streetlight,MEDIUM,2,40,11.31,4.83,0,1,4,24,0,1
2687,pothole,LOW,1,22,39.36,37.64,0,0,1,48,0,1
2688,other,MEDIUM,2,44,70.27,31.72,1,1,7,72,0,1
2689,streetlight,HIGH,3,54,5.68,4.98,1,1,4,24,0,1
2690,drainage,HIGH,3,70,7.53,2.81,0,1,3,48,1,1
2691,streetlight,HIGH,3,77,7.21,6.08,0,1,4,24,1,1
2692,water_leakage,MEDIUM,2,30,12.53,2.96,0,1,5,24,0,1
2693,pothole,LOW,1,18,21.43,5.72,0,1,1,48,0,1
2694,streetlight,MEDIUM,2,31,28.77,0.53,0,1,4,24,0,1
2695,garbage,LOW,1,41,23.77,9.75,2,1,2,72,0,1
2696,pothole,MEDIUM,2,41,66.62,21.7,1,1,1,48,0,1
2697,drainage,MEDIUM,2,36,69.84,2.24,0,0,3,48,0,1
2698,other,HIGH,3,92,90.25,49.94,2,1,7,72,1,1
2699,drainage,HIGH,3,88,55.1,40.71,2,1,3,48,1,1
2700,other,MEDIUM,2,31,34.0,29.12,0,1,7,72,0,0
2701,streetlight,MEDIUM,2,31,19.13,7.79,0,1,4,24,0,1
2702,garbage,MEDIUM,2,39,124.7,64.53,0,0,2,72,0,1
2703,water_leakage,HIGH,3,94,3.46,3.44,2,1,5,24,1,1
2704,other,LOW,1,38,114.51,14.69,2,1,7,72,0,0
2705,pothole,MEDIUM,2,34,71.05,14.78,0,1,1,48,0,1
2706,garbage,MEDIUM,2,39,76.64,49.46,1,1,2,72,0,1
2707,garbage,CRITICAL,4,100,39.2,38.79,1,0,2,72,1,1
2708,streetlight,MEDIUM,2,38,42.94,14.37,0,1,4,24,0,1
2709,pothole,MEDIUM,2,70,86.07,25.46,4,0,1,48,0,1
2710,other,HIGH,3,55,85.37,17.67,0,0,7,72,0,1
2711,pothole,MEDIUM,2,36,46.55,19.29,0,1,1,48,0,1
2712,other,LOW,1,31,28.74,3.27,2,1,7,72,0,1
2713,other,HIGH,3,61,114.37,41.83,1,0,7,72,0,1
2714,pothole,LOW,1,17,38.77,1.8,0,1,1,48,0,1
2715,drainage,LOW,1,23,76.02,9.77,0,1,3,48,0,0
2716,pothole,MEDIUM,2,40,34.74,18.37,1,1,1,48,0,0
2717,drainage,HIGH,3,96,72.79,15.66,3,1,3,48,1,1
2718,other,MEDIUM,2,42,43.92,24.81,1,1,7,72,0,1
2719,streetlight,MEDIUM,2,36,18.27,10.82,0,1,4,24,0,0
2720,garbage,HIGH,3,48,52.64,6.97,0,1,2,72,0,1
2721,streetlight,LOW,1,43,32.72,4.21,3,0,4,24,0,1
2722,garbage,LOW,1,23,77.09,45.38,0,0,2,72,0,1
2723,streetlight,HIGH,3,55,3.51,0.04,1,1,4,24,0,1
2724,other,HIGH,3,73,27.86,16.62,0,1,7,72,1,1
2725,garbage,LOW,1,15,71.45,19.02,0,1,2,72,0,1
2726,streetlight,MEDIUM,2,43,19.39,2.56,1,0,4,24,0,1
2727,other,LOW,1,24,45.61,10.14,1,0,7,72,0,0
2728,streetlight,HIGH,3,74,33.65,6.68,0,0,4,24,1,1
2729,water_leakage,MEDIUM,2,33,5.13,4.49,0,1,5,24,0,0
2730,drainage,CRITICAL,4,91,34.57,5.26,0,0,3,48,1,1
2731,streetlight,MEDIUM,2,35,27.0,12.69,0,0,4,24,0,1
2732,water_leakage,HIGH,3,57,41.81,20.53,1,0,5,24,0,1
2733,water_leakage,MEDIUM,2,44,7.16,2.94,1,0,5,24,0,1
2734,streetlight,CRITICAL,4,69,24.59,9.8,0,1,4,24,0,1
2735,water_leakage,MEDIUM,2,46,6.67,6.1,1,1,5,24,0,1
2736,drainage,HIGH,3,52,63.49,41.53,0,1,3,48,0,1
2737,drainage,HIGH,3,74,37.48,11.29,0,1,3,48,1,1
2738,garbage,LOW,1,16,25.94,13.69,0,1,2,72,0,1
2739,garbage,MEDIUM,2,40,3.8,3.41,0,0,2,72,0,0
2740,streetlight,LOW,1,25,26.65,17.93,0,1,4,24,0,0
2741,pothole,HIGH,3,79,63.17,27.07,0,0,1,48,1,1
2742,garbage,HIGH,3,75,109.33,33.85,0,1,2,72,1,1
2743,streetlight,LOW,1,23,32.07,16.01,1,0,4,24,0,1
2744,other,MEDIUM,2,39,7.21,1.32,0,0,7,72,0,0
2745,streetlight,MEDIUM,2,63,40.71,2.46,3,1,4,24,0,1
2746,water_leakage,CRITICAL,4,97,35.74,13.08,4,1,5,24,0,1
2747,garbage,HIGH,3,76,11.04,7.27,0,1,2,72,1,1
2748,water_leakage,MEDIUM,2,48,14.39,6.91,1,1,5,24,0,0
2749,drainage,HIGH,3,96,0.58,0.14,3,1,3,48,1,1
2750,pothole,MEDIUM,2,46,41.66,25.77,2,0,1,48,0,1
2751,streetlight,LOW,1,53,7.32,3.64,4,0,4,24,0,1
2752,water_leakage,HIGH,3,62,7.75,0.35,1,1,5,24,0,1
2753,pothole,MEDIUM,2,32,44.55,8.62,0,0,1,48,0,1
2754,drainage,LOW,1,21,38.76,21.31,0,0,3,48,0,1
2755,other,CRITICAL,4,60,53.91,6.94,0,1,7,72,0,1
2756,streetlight,MEDIUM,2,30,3.29,2.49,0,1,4,24,0,0
2757,other,MEDIUM,2,40,101.25,25.72,0,0,7,72,0,1
2758,water_leakage,MEDIUM,2,39,3.39,1.19,0,0,5,24,0,0
2759,water_leakage,HIGH,3,46,21.98,7.57,0,0,5,24,0,1
2760,streetlight,LOW,1,33,31.03,14.86,1,0,4,24,0,1
2761,streetlight,LOW,1,18,21.25,10.05,0,0,4,24,0,0
2762,pothole,MEDIUM,2,33,27.56,8.59,0,1,1,48,0,0
2763,other,MEDIUM,2,36,23.1,18.58,0,0,7,72,0,1
2764,garbage,HIGH,3,76,95.7,2.87,0,1,2,72,1,1
2765,drainage,MEDIUM,2,32,59.91,1.01,0,1,3,48,0,1
2766,garbage,MEDIUM,2,39,43.8,42.52,0,1,2,72,0,1
2767,garbage,MEDIUM,2,39,44.39,18.54,0,1,2,72,0,0
2768,drainage,LOW,1,45,1.79,1.62,3,1,3,48,0,0
2769,water_leakage,MEDIUM,2,62,26.14,11.59,4,1,5,24,0,0
2770,other,LOW,1,41,90.63,6.67,2,1,7,72,0,0
2771,drainage,HIGH,3,87,6.81,1.36,2,0,3,48,1,1
2772,water_leakage,LOW,1,17,14.62,0.69,0,1,5,24,0,0
2773,pothole,MEDIUM,2,32,34.84,10.29,0,1,1,48,0,1
2774,drainage,LOW,1,20,78.19,32.55,0,1,3,48,0,0
2775,drainage,MEDIUM,2,56,60.33,37.92,2,1,3,48,0,0
2776,other,HIGH,3,54,10.36,7.78,0,1,7,72,0,1
2777,garbage,MEDIUM,2,48,54.59,43.27,2,1,2,72,0,0
2778,garbage,LOW,1,39,91.12,41.49,3,1,2,72,0,1
2779,streetlight,LOW,1,22,23.1,0.38,0,1,4,24,0,1
2780,streetlight,MEDIUM,2,36,2.09,1.94,0,0,4,24,0,1
2781,streetlight,HIGH,3,51,16.03,2.07,0,1,4,24,0,1
2782,pothole,MEDIUM,2,31,50.78,0.53,0,0,1,48,0,0
2783,pothole,HIGH,3,72,20.5,0.59,0,0,1,48,1,1
2784,streetlight,HIGH,3,72,24.56,16.71,0,1,4,24,1,1
2785,pothole,LOW,1,20,61.91,20.66,0,1,1,48,0,0
2786,streetlight,CRITICAL,4,60,28.58,6.19,0,1,4,24,0,1
2787,other,MEDIUM,2,55,78.4,49.93,3,0,7,72,0,1
2788,pothole,MEDIUM,2,38,10.44,5.72,0,1,1,48,0,1
2789,drainage,HIGH,3,63,34.4,13.97,2,1,3,48,0,1
2790,water_leakage,MEDIUM,2,36,13.6,5.54,0,1,5,24,0,1
2791,streetlight,HIGH,3,47,13.37,5.66,0,0,4,24,0,1
2792,streetlight,LOW,1,15,8.5,6.8,0,1,4,24,0,1
2793,garbage,MEDIUM,2,44,8.79,2.03,1,1,2,72,0,0
2794,pothole,LOW,1,17,4.66,2.46,0,1,1,48,0,0
2795,pothole,LOW,1,21,51.04,14.76,0,0,1,48,0,0
2796,other,MEDIUM,2,37,27.71,18.84,0,1,7,72,0,0
2797,drainage,MEDIUM,2,38,10.64,9.93,0,1,3,48,0,0
2798,water_leakage,MEDIUM,2,49,41.66,22.48,2,1,5,24,0,1
2799,streetlight,HIGH,3,80,23.92,4.66,0,1,4,24,1,1
2800,streetlight,MEDIUM,2,33,0.3,0.21,0,0,4,24,0,0
2801,other,MEDIUM,2,30,61.44,44.91,0,0,7,72,0,1
2802,pothole,MEDIUM,2,33,14.16,8.55,0,0,1,48,0,0
2803,garbage,MEDIUM,2,47,78.24,34.49,1,0,2,72,0,0
2804,streetlight,LOW,1,41,1.72,1.5,3,1,4,24,0,0
2805,streetlight,MEDIUM,2,33,37.13,15.67,0,1,4,24,0,1
2806,other,LOW,1,26,93.43,62.46,1,0,7,72,0,1
2807,pothole,MEDIUM,2,33,21.72,21.53,0,1,1,48,0,0
2808,garbage,MEDIUM,2,39,38.02,8.08,0,1,2,72,0,0
2809,garbage,HIGH,3,74,1.18,0.79,0,1,2,72,1,0
2810,garbage,HIGH,3,46,7.46,6.91,0,1,2,72,0,1
2811,garbage,LOW,1,26,0.49,0.41,1,1,2,72,0,0
2812,garbage,HIGH,3,85,56.05,35.06,1,1,2,72,1,1
2813,garbage,CRITICAL,4,97,53.68,38.97,1,0,2,72,1,1
2814,pothole,HIGH,3,50,38.27,7.93,0,0,1,48,0,1
2815,garbage,MEDIUM,2,30,103.18,9.74,0,1,2,72,0,1
2816,other,LOW,1,21,6.95,6.24,0,1,7,72,0,0
2817,drainage,MEDIUM,2,36,36.98,15.54,0,1,3,48,0,0
2818,pothole,HIGH,3,92,21.18,8.57,2,1,1,48,1,1
2819,drainage,CRITICAL,4,94,62.98,13.57,0,1,3,48,1,1
2820,water_leakage,HIGH,3,78,42.38,16.78,0,1,5,24,1,1
2821,water_leakage,HIGH,3,50,11.13,10.17,0,0,5,24,0,1
2822,pothole,HIGH,3,51,51.6,38.42,0,1,1,48,0,1
2823,garbage,LOW,1,32,28.83,17.02,2,0,2,72,0,1
2824,water_leakage,MEDIUM,2,39,40.37,12.81,1,1,5,24,0,1
2825,drainage,MEDIUM,2,40,29.33,7.38,0,0,3,48,0,1
2826,other,MEDIUM,2,62,119.13,11.76,3,1,7,72,0,1
2827,drainage,CRITICAL,4,100,25.93,21.44,3,0,3,48,1,1
2828,other,MEDIUM,2,32,109.8,55.75,0,1,7,72,0,1
2829,water_leakage,MEDIUM,2,42,28.03,1.39,1,1,5,24,0,1
2830,water_leakage,LOW,1,24,30.13,23.7,0,1,5,24,0,0
2831,streetlight,LOW,1,19,32.3,13.8,0,1,4,24,0,1
2832,other,LOW,1,21,55.52,24.64,0,1,7,72,0,1
2833,other,MEDIUM,2,49,125.85,61.65,2,1,7,72,0,1
2834,pothole,LOW,1,21,46.92,26.93,0,0,1,48,0,1
2835,pothole,MEDIUM,2,34,30.79,9.81,0,1,1,48,0,1
2836,other,HIGH,3,79,122.73,23.22,1,1,7,72,1,0
2837,garbage,LOW,1,20,55.85,0.32,0,1,2,72,0,0
2838,streetlight,HIGH,3,74,36.97,6.99,0,0,4,24,1,1
2839,garbage,LOW,1,24,33.27,10.06,0,1,2,72,0,0
2840,drainage,LOW,1,23,69.26,39.99,0,1,3,48,0,0
2841,pothole,MEDIUM,2,31,20.16,6.42,0,0,1,48,0,1
2842,garbage,MEDIUM,2,49,5.91,3.68,2,0,2,72,0,1
2843,streetlight,LOW,1,31,1.95,1.36,1,1,4,24,0,0
2844,water_leakage,HIGH,3,76,12.01,0.83,0,1,5,24,1,1
2845,water_leakage,MEDIUM,2,53,20.94,17.69,2,1,5,24,0,1
2846,drainage,LOW,1,19,13.21,3.55,0,1,3,48,0,0
2847,drainage,LOW,1,30,3.65,0.75,1,1,3,48,0,0
2848,water_leakage,CRITICAL,4,100,0.61,0.2,1,1,5,24,1,1
2849,drainage,MEDIUM,2,30,54.25,26.33,0,1,3,48,0,1
2850,water_leakage,LOW,1,32,6.36,5.54,2,1,5,24,0,0
2851,water_leakage,MEDIUM,2,30,32.95,7.97,0,1,5,24,0,1
2852,drainage,LOW,1,19,19.64,11.07,0,1,3,48,0,0
2853,streetlight,MEDIUM,2,44,15.78,14.97,1,0,4,24,0,1
2854,other,MEDIUM,2,39,20.6,0.08,0,1,7,72,0,1
2855,other,MEDIUM,2,60,51.38,26.42,3,0,7,72,0,1
2856,other,HIGH,3,51,21.81,19.45,0,1,7,72,0,0
2857,drainage,LOW,1,46,36.29,17.44,3,0,3,48,0,1
2858,pothole,MEDIUM,2,48,15.71,9.27,1,1,1,48,0,1
2859,pothole,CRITICAL,4,97,45.76,40.89,1,1,1,48,1,1
2860,streetlight,HIGH,3,51,35.5,13.52,0,1,4,24,0,0
2861,garbage,LOW,1,23,93.95,15.84,0,1,2,72,0,0
2862,pothole,CRITICAL,4,99,76.37,10.94,1,1,1,48,1,1
2863,drainage,HIGH,3,77,61.73,30.13,0,1,3,48,1,0
2864,water_leakage,LOW,1,20,11.21,7.03,0,1,5,24,0,1
2865,water_leakage,LOW,1,22,35.36,20.76,0,1,5,24,0,0
2866,streetlight,MEDIUM,2,39,15.24,0.99,0,0,4,24,0,1
2867,water_leakage,CRITICAL,4,89,32.92,15.05,0,1,5,24,1,1
2868,streetlight,MEDIUM,2,68,22.69,19.54,4,1,4,24,0,1
2869,garbage,MEDIUM,2,63,88.29,12.99,3,1,2,72,0,1
2870,drainage,MEDIUM,2,40,47.28,38.17,0,1,3,48,0,0
2871,water_leakage,MEDIUM,2,30,36.6,18.82,0,1,5,24,0,1
2872,streetlight,LOW,1,32,17.36,12.42,2,1,4,24,0,1
2873,water_leakage,LOW,1,24,20.78,3.05,0,1,5,24,0,0
2874,garbage,LOW,1,40,91.55,47.72,2,1,2,72,0,0
2875,pothole,LOW,1,21,27.32,11.49,0,1,1,48,0,0
2876,other,HIGH,3,52,129.15,13.75,0,1,7,72,0,1
2877,pothole,HIGH,3,96,72.56,31.59,2,0,1,48,1,1
2878,drainage,MEDIUM,2,47,78.2,17.16,1,1,3,48,0,1
2879,other,LOW,1,23,35.49,29.18,0,1,7,72,0,0
2880,pothole,CRITICAL,4,61,26.9,8.3,0,0,1,48,0,1
2881,garbage,CRITICAL,4,90,102.81,61.26,0,1,2,72,1,1
2882,streetlight,HIGH,3,85,33.54,14.44,1,1,4,24,1,1
2883,water_leakage,LOW,1,57,38.12,5.57,4,1,5,24,0,1
2884,streetlight,MEDIUM,2,33,11.38,11.11,0,0,4,24,0,0
2885,streetlight,MEDIUM,2,32,18.46,5.5,0,1,4,24,0,0
2886,streetlight,LOW,1,38,21.54,14.26,2,1,4,24,0,1
2887,other,HIGH,3,76,77.94,50.64,0,1,7,72,1,1
2888,other,LOW,1,25,4.89,2.76,0,1,7,72,0,0
2889,garbage,CRITICAL,4,61,29.39,5.14,0,1,2,72,0,1
2890,other,MEDIUM,2,45,69.67,40.62,1,0,7,72,0,1
2891,drainage,LOW,1,16,33.2,15.64,0,0,3,48,0,1
2892,other,MEDIUM,2,63,70.6,45.91,3,1,7,72,0,1
2893,pothole,MEDIUM,2,56,29.09,27.58,2,0,1,48,0,1
2894,water_leakage,MEDIUM,2,50,27.89,22.63,2,0,5,24,0,1
2895,other,MEDIUM,2,33,90.6,4.22,0,1,7,72,0,0
2896,streetlight,LOW,1,39,31.79,3.08,2,1,4,24,0,1
2897,other,MEDIUM,2,60,31.28,6.3,3,1,7,72,0,0
2898,other,LOW,1,25,120.89,2.13,1,1,7,72,0,1
2899,garbage,MEDIUM,2,44,58.63,7.22,1,1,2,72,0,1
2900,pothole,LOW,1,39,86.17,35.84,3,0,1,48,0,1
2901,garbage,LOW,1,24,90.58,15.85,1,1,2,72,0,0
2902,garbage,MEDIUM,2,55,125.96,39.87,2,1,2,72,0,1
2903,pothole,MEDIUM,2,36,39.08,2.82,0,1,1,48,0,1
2904,drainage,LOW,1,35,14.19,3.48,2,0,3,48,0,0
2905,drainage,MEDIUM,2,38,26.54,23.05,0,0,3,48,0,1
2906,streetlight,HIGH,3,55,16.4,1.09,0,1,4,24,0,1
2907,water_leakage,MEDIUM,2,45,15.38,11.66,1,1,5,24,0,1
2908,drainage,HIGH,3,53,25.8,1.16,0,1,3,48,0,1
2909,garbage,MEDIUM,2,42,43.35,2.75,1,0,2,72,0,1
2910,other,LOW,1,18,71.19,34.25,0,1,7,72,0,0
2911,drainage,MEDIUM,2,36,20.84,4.86,0,1,3,48,0,0
2912,other,LOW,1,32,88.99,21.05,2,0,7,72,0,1
2913,other,HIGH,3,70,59.36,30.69,0,1,7,72,1,1
2914,water_leakage,LOW,1,18,10.53,5.22,0,0,5,24,0,1
2915,water_leakage,HIGH,3,54,21.69,1.3,1,1,5,24,0,1
2916,water_leakage,LOW,1,21,3.98,0.26,0,1,5,24,0,1
2917,pothole,CRITICAL,4,95,1.28,1.02,0,1,1,48,1,1
2918,water_leakage,LOW,1,25,13.01,4.3,0,0,5,24,0,1
2919,pothole,LOW,1,16,36.96,21.37,0,1,1,48,0,1
2920,drainage,LOW,1,15,64.2,0.59,0,0,3,48,0,1
2921,water_leakage,MEDIUM,2,54,14.48,9.37,3,1,5,24,0,0
2922,garbage,LOW,1,29,96.02,6.9,1,0,2,72,0,1
2923,pothole,LOW,1,21,22.13,16.34,0,0,1,48,0,1
2924,garbage,LOW,1,15,95.93,10.13,0,0,2,72,0,1
2925,drainage,LOW,1,29,84.44,6.26,1,0,3,48,0,1
2926,pothole,LOW,1,18,57.31,29.47,0,0,1,48,0,1
2927,drainage,LOW,1,31,49.76,9.24,1,1,3,48,0,1
2928,pothole,HIGH,3,74,13.68,10.03,0,1,1,48,1,1
2929,garbage,LOW,1,37,64.88,19.36,2,1,2,72,0,0
2930,garbage,LOW,1,24,66.36,28.49,0,1,2,72,0,0
2931,garbage,MEDIUM,2,41,58.81,39.41,1,1,2,72,0,1
2932,water_leakage,MEDIUM,2,36,27.0,4.26,0,0,5,24,0,1
2933,pothole,LOW,1,52,15.34,5.89,4,1,1,48,0,0
2934,pothole,LOW,1,25,66.01,18.72,0,1,1,48,0,1
2935,water_leakage,HIGH,3,76,17.99,1.89,0,1,5,24,1,1
2936,other,MEDIUM,2,76,37.4,16.51,5,0,7,72,0,1
2937,drainage,MEDIUM,2,44,29.21,16.39,1,1,3,48,0,1
2938,other,HIGH,3,84,74.73,63.95,1,0,7,72,1,1
2939,water_leakage,LOW,1,25,4.46,2.12,0,1,5,24,0,0
2940,streetlight,CRITICAL,4,64,32.18,13.13,0,0,4,24,0,1
2941,drainage,MEDIUM,2,36,37.08,24.8,0,1,3,48,0,0
2942,garbage,LOW,1,31,60.96,38.95,1,1,2,72,0,0
2943,pothole,MEDIUM,2,60,30.63,6.88,3,0,1,48,0,1
2944,water_leakage,MEDIUM,2,33,30.01,2.12,0,1,5,24,0,1
2945,streetlight,LOW,1,27,29.86,18.6,1,1,4,24,0,1
2946,streetlight,HIGH,3,74,41.43,21.69,0,1,4,24,1,1
2947,pothole,LOW,1,27,10.58,3.02,1,1,1,48,0,0
2948,streetlight,MEDIUM,2,40,13.97,3.88,0,1,4,24,0,1
2949,other,LOW,1,38,97.28,14.77,2,1,7,72,0,1
2950,water_leakage,HIGH,3,78,25.43,21.58,0,1,5,24,1,1
2951,pothole,CRITICAL,4,100,9.49,6.09,1,1,1,48,1,1
2952,streetlight,MEDIUM,2,51,29.04,9.88,2,0,4,24,0,1
2953,pothole,LOW,1,15,82.59,5.16,0,1,1,48,0,1
2954,other,LOW,1,18,77.97,52.66,0,1,7,72,0,1
2955,drainage,CRITICAL,4,70,18.61,17.08,0,1,3,48,0,1
2956,pothole,LOW,1,23,71.33,26.18,1,0,1,48,0,0
2957,streetlight,MEDIUM,2,31,9.35,0.69,0,1,4,24,0,1
2958,drainage,MEDIUM,2,34,61.38,31.82,0,0,3,48,0,1
2959,garbage,HIGH,3,87,5.01,2.65,2,1,2,72,1,1
2960,water_leakage,CRITICAL,4,94,32.31,1.74,1,0,5,24,1,1
2961,garbage,LOW,1,17,116.03,67.29,0,0,2,72,0,0
2962,garbage,LOW,1,16,9.68,0.59,0,1,2,72,0,0
2963,water_leakage,LOW,1,16,39.78,9.17,0,1,5,24,0,0
2964,pothole,HIGH,3,53,10.02,8.79,1,0,1,48,0,0
2965,drainage,HIGH,3,78,57.8,0.21,4,1,3,48,0,1
2966,pothole,LOW,1,22,46.1,39.24,0,0,1,48,0,0
2967,pothole,HIGH,3,74,52.49,46.55,0,1,1,48,1,1
2968,garbage,MEDIUM,2,37,30.95,24.41,0,1,2,72,0,1
2969,pothole,MEDIUM,2,80,32.74,25.62,5,0,1,48,0,1
2970,drainage,LOW,1,20,4.14,2.94,0,1,3,48,0,1
2971,water_leakage,MEDIUM,2,35,41.72,4.45,0,1,5,24,0,1
2972,drainage,LOW,1,41,56.68,35.5,2,0,3,48,0,1
2973,streetlight,MEDIUM,2,39,2.81,1.99,0,1,4,24,0,1
2974,water_leakage,HIGH,3,48,15.5,6.05,0,1,5,24,0,0
2975,pothole,MEDIUM,2,43,51.05,30.18,1,1,1,48,0,0
2976,streetlight,LOW,1,33,15.73,7.94,2,1,4,24,0,1
2977,other,LOW,1,28,20.23,8.18,1,1,7,72,0,1
2978,streetlight,HIGH,3,49,20.58,13.65,0,1,4,24,0,1
2979,garbage,LOW,1,49,106.07,36.67,4,1,2,72,0,1
2980,other,MEDIUM,2,36,100.83,7.39,0,1,7,72,0,1
2981,water_leakage,LOW,1,31,11.75,11.42,1,1,5,24,0,1
2982,streetlight,MEDIUM,2,40,8.3,5.98,0,1,4,24,0,1
2983,garbage,LOW,1,19,19.19,3.36,0,0,2,72,0,1
2984,garbage,MEDIUM,2,34,46.39,28.11,0,0,2,72,0,1
2985,other,HIGH,3,46,34.73,21.02,0,1,7,72,0,0
2986,drainage,MEDIUM,2,37,71.37,45.39,0,1,3,48,0,0
2987,garbage,HIGH,3,87,68.77,9.03,2,1,2,72,1,1
2988,other,MEDIUM,2,33,63.42,62.19,0,1,7,72,0,1
2989,water_leakage,LOW,1,20,3.14,2.81,0,0,5,24,0,1
2990,pothole,MEDIUM,2,39,75.31,6.06,1,1,1,48,0,0
2991,drainage,LOW,1,17,48.01,38.39,0,1,3,48,0,0
2992,garbage,LOW,1,26,66.09,36.71,1,0,2,72,0,1
2993,streetlight,CRITICAL,4,94,24.16,17.05,0,1,4,24,1,1
2994,other,LOW,1,27,28.76,19.0,1,1,7,72,0,0
2995,garbage,HIGH,3,75,52.16,30.03,0,1,2,72,1,1
2996,drainage,MEDIUM,2,39,26.44,20.31,0,0,3,48,0,0
2997,pothole,HIGH,3,80,52.08,20.64,1,1,1,48,1,1
2998,water_leakage,MEDIUM,2,33,16.3,11.86,0,1,5,24,0,1
2999,drainage,MEDIUM,2,31,77.21,3.98,0,1,3,48,0,0
3000,streetlight,MEDIUM,2,33,2.99,1.75,0,0,4,24,0,0
3001,water_leakage,LOW,1,29,20.69,8.24,1,1,5,24,0,1
3002,drainage,MEDIUM,2,30,72.35,41.26,0,1,3,48,0,1
3003,other,LOW,1,15,96.42,64.87,0,1,7,72,0,0
3004,drainage,LOW,1,29,61.3,14.78,1,1,3,48,0,0
3005,drainage,MEDIUM,2,68,27.24,7.68,4,1,3,48,0,1
3006,streetlight,MEDIUM,2,33,16.37,2.65,0,1,4,24,0,0
3007,garbage,LOW,1,25,18.71,14.87,1,0,2,72,0,0
3008,pothole,LOW,1,19,46.47,37.66,0,0,1,48,0,1
3009,garbage,MEDIUM,2,45,50.84,46.0,1,1,2,72,0,1
3010,streetlight,LOW,1,21,6.78,0.94,0,1,4,24,0,0
3011,garbage,HIGH,3,52,46.55,11.21,0,1,2,72,0,0
3012,pothole,MEDIUM,2,39,85.21,39.33,1,1,1,48,0,0
3013,water_leakage,LOW,1,41,1.95,1.04,3,1,5,24,0,1
3014,streetlight,LOW,1,20,25.27,2.55,0,0,4,24,0,1
3015,streetlight,MEDIUM,2,39,3.66,0.23,0,0,4,24,0,0
3016,streetlight,LOW,1,19,6.32,5.32,0,1,4,24,0,0
3017,pothole,MEDIUM,2,39,31.84,30.87,0,1,1,48,0,0
3018,garbage,LOW,1,25,37.02,28.86,1,1,2,72,0,0
3019,pothole,CRITICAL,4,100,56.24,22.5,3,1,1,48,1,1
3020,streetlight,MEDIUM,2,42,36.2,10.65,1,0,4,24,0,1
3021,drainage,LOW,1,46,53.07,43.8,3,1,3,48,0,1
3022,streetlight,MEDIUM,2,44,14.69,5.06,1,1,4,24,0,1
3023,pothole,HIGH,3,84,13.83,1.2,1,1,1,48,1,1
3024,other,MEDIUM,2,48,20.2,4.97,1,1,7,72,0,0
3025,streetlight,LOW,1,17,27.18,11.47,0,1,4,24,0,1
3026,other,MEDIUM,2,40,69.87,40.93,0,0,7,72,0,1
3027,drainage,MEDIUM,2,32,31.76,7.01,0,0,3,48,0,1
3028,garbage,LOW,1,18,3.75,2.8,0,1,2,72,0,0
3029,water_leakage,MEDIUM,2,40,30.11,20.97,1,0,5,24,0,1
3030,drainage,MEDIUM,2,37,54.12,40.87,0,0,3,48,0,1
3031,water_leakage,MEDIUM,2,36,4.46,2.94,0,1,5,24,0,1
3032,pothole,HIGH,3,74,29.45,6.19,0,0,1,48,1,1
3033,pothole,HIGH,3,73,69.45,7.86,0,0,1,48,1,1
3034,drainage,LOW,1,18,12.48,2.29,0,1,3,48,0,0
3035,garbage,MEDIUM,2,39,108.14,48.43,0,1,2,72,0,1
3036,streetlight,LOW,1,24,19.06,5.6,0,0,4,24,0,1
3037,drainage,HIGH,3,72,1.87,0.76,0,0,3,48,1,0
3038,streetlight,LOW,1,15,23.06,7.7,0,1,4,24,0,0
3039,garbage,HIGH,3,45,113.51,51.19,0,1,2,72,0,1
3040,water_leakage,HIGH,3,90,11.12,9.76,2,0,5,24,1,1
3041,other,MEDIUM,2,37,0.57,0.08,0,1,7,72,0,0
3042,other,CRITICAL,4,69,90.62,52.55,0,1,7,72,0,1
3043,garbage,MEDIUM,2,41,111.98,20.97,1,1,2,72,0,1
3044,water_leakage,MEDIUM,2,40,4.04,1.83,1,1,5,24,0,0
3045,garbage,MEDIUM,2,34,94.76,11.24,0,1,2,72,0,1
3046,other,HIGH,3,73,63.28,48.47,0,1,7,72,1,1
3047,water_leakage,MEDIUM,2,32,0.19,0.01,0,1,5,24,0,1
3048,pothole,HIGH,3,74,62.21,24.86,0,0,1,48,1,1
3049,water_leakage,LOW,1,37,42.89,5.1,2,1,5,24,0,1
3050,water_leakage,LOW,1,25,42.22,12.97,0,1,5,24,0,1
3051,garbage,MEDIUM,2,36,110.4,46.09,0,1,2,72,0,0
3052,water_leakage,LOW,1,15,24.29,8.89,0,1,5,24,0,1
3053,garbage,LOW,1,18,80.56,54.98,0,1,2,72,0,1
3054,other,CRITICAL,4,100,113.35,5.58,2,0,7,72,1,1
3055,water_leakage,MEDIUM,2,38,38.65,15.41,0,0,5,24,0,1
3056,water_leakage,MEDIUM,2,34,31.46,0.86,0,0,5,24,0,1
3057,garbage,LOW,1,20,52.57,46.98,0,1,2,72,0,1
3058,other,MEDIUM,2,35,35.57,22.97,0,1,7,72,0,0
3059,garbage,LOW,1,21,82.84,7.42,0,1,2,72,0,1
3060,pothole,MEDIUM,2,39,70.47,26.35,0,1,1,48,0,1
3061,streetlight,HIGH,3,56,28.38,9.72,1,1,4,24,0,1
3062,pothole,MEDIUM,2,38,9.22,4.76,0,1,1,48,0,0
3063,pothole,LOW,1,23,49.36,39.68,0,1,1,48,0,1
3064,garbage,LOW,1,28,8.51,7.4,1,1,2,72,0,0
3065,water_leakage,LOW,1,21,8.19,2.92,0,1,5,24,0,0
3066,other,LOW,1,25,47.9,17.47,0,0,7,72,0,1
3067,water_leakage,LOW,1,22,6.88,2.75,0,1,5,24,0,0
3068,pothole,LOW,1,46,28.53,23.24,3,1,1,48,0,0
3069,garbage,LOW,1,18,113.4,14.57,0,1,2,72,0,1
3070,streetlight,LOW,1,19,32.57,10.32,0,1,4,24,0,1
3071,other,MEDIUM,2,35,95.73,4.41,0,1,7,72,0,0
3072,streetlight,LOW,1,15,10.31,8.28,0,0,4,24,0,1
3073,water_leakage,HIGH,3,53,5.4,3.9,0,1,5,24,0,0
3074,garbage,CRITICAL,4,100,102.82,33.78,3,1,2,72,1,1
3075,drainage,LOW,1,48,63.29,31.32,3,0,3,48,0,1
3076,streetlight,HIGH,3,74,6.33,0.3,0,1,4,24,1,1
3077,streetlight,LOW,1,33,29.28,1.24,1,1,4,24,0,1
3078,streetlight,LOW,1,24,26.74,22.27,1,1,4,24,0,0
3079,water_leakage,MEDIUM,2,44,4.68,1.71,1,1,5,24,0,0
3080,streetlight,MEDIUM,2,41,1.76,1.07,1,1,4,24,0,1
3081,drainage,LOW,1,19,53.14,17.6,0,1,3,48,0,0
3082,other,MEDIUM,2,32,92.36,14.13,0,0,7,72,0,1
3083,pothole,MEDIUM,2,38,65.68,11.71,1,0,1,48,0,1
3084,drainage,MEDIUM,2,40,21.02,1.05,0,1,3,48,0,0
3085,pothole,HIGH,3,47,28.4,21.17,0,0,1,48,0,1
3086,pothole,MEDIUM,2,34,11.63,4.05,0,0,1,48,0,0
3087,drainage,MEDIUM,2,38,74.61,44.09,0,1,3,48,0,1
3088,garbage,MEDIUM,2,37,115.92,43.21,0,1,2,72,0,1
3089,drainage,MEDIUM,2,60,83.83,34.12,3,1,3,48,0,0
3090,other,HIGH,3,47,105.28,1.65,0,1,7,72,0,1
3091,streetlight,MEDIUM,2,34,6.32,3.28,0,1,4,24,0,0
3092,water_leakage,HIGH,3,55,42.7,11.95,0,0,5,24,0,1
3093,pothole,MEDIUM,2,38,57.38,4.15,1,1,1,48,0,1
3094,water_leakage,LOW,1,32,33.08,6.72,2,1,5,24,0,1
3095,other,LOW,1,28,7.39,4.77,1,1,7,72,0,0
3096,other,HIGH,3,86,49.43,35.23,2,0,7,72,1,1
3097,pothole,MEDIUM,2,38,45.47,27.07,0,1,1,48,0,1
3098,pothole,HIGH,3,80,26.76,22.05,4,0,1,48,0,1
3099,drainage,LOW,1,23,46.98,44.32,1,1,3,48,0,0
3100,garbage,LOW,1,18,34.02,7.51,0,1,2,72,0,0
3101,streetlight,LOW,1,25,39.58,0.59,1,0,4,24,0,1
3102,streetlight,MEDIUM,2,45,15.07,14.83,1,1,4,24,0,0
3103,drainage,HIGH,3,70,73.16,41.85,3,0,3,48,0,1
3104,drainage,MEDIUM,2,47,81.81,32.37,1,0,3,48,0,1
3105,garbage,MEDIUM,2,31,80.19,20.9,0,1,2,72,0,0
3106,garbage,MEDIUM,2,40,78.59,34.15,0,1,2,72,0,1
3107,other,LOW,1,30,105.27,30.75,1,0,7,72,0,1
3108,garbage,MEDIUM,2,38,70.33,67.39,0,0,2,72,0,1
3109,other,MEDIUM,2,40,3.18,2.32,0,1,7,72,0,1
3110,streetlight,LOW,1,23,6.87,2.92,0,1,4,24,0,1
3111,other,MEDIUM,2,59,58.0,23.03,3,1,7,72,0,1
3112,water_leakage,HIGH,3,79,26.02,21.41,0,1,5,24,1,1
3113,drainage,MEDIUM,2,40,9.17,2.97,1,1,3,48,0,0
3114,water_leakage,HIGH,3,94,16.42,0.41,2,1,5,24,1,1
3115,pothole,HIGH,3,76,79.35,45.18,0,1,1,48,1,1
3116,water_leakage,MEDIUM,2,35,24.7,22.88,0,1,5,24,0,0
3117,drainage,HIGH,3,84,46.17,20.38,1,1,3,48,1,1
3118,other,MEDIUM,2,40,5.65,4.06,0,0,7,72,0,1
3119,streetlight,MEDIUM,2,33,38.4,8.39,0,0,4,24,0,1
3120,garbage,MEDIUM,2,46,2.34,0.24,2,1,2,72,0,1
3121,water_leakage,MEDIUM,2,30,27.02,11.84,0,1,5,24,0,1
3122,other,MEDIUM,2,39,19.34,3.5,0,0,7,72,0,1
3123,pothole,MEDIUM,2,37,1.35,0.23,0,1,1,48,0,0
3124,pothole,CRITICAL,4,100,70.19,37.7,3,1,1,48,1,1
3125,water_leakage,MEDIUM,2,38,10.33,9.77,1,0,5,24,0,1
3126,drainage,MEDIUM,2,44,67.56,4.42,1,0,3,48,0,1
3127,water_leakage,MEDIUM,2,36,17.63,13.69,0,0,5,24,0,1
3128,streetlight,HIGH,3,95,15.63,4.75,3,0,4,24,1,1
3129,other,MEDIUM,2,54,71.15,38.17,2,1,7,72,0,1
3130,other,HIGH,3,50,65.67,51.65,0,1,7,72,0,1
3131,streetlight,MEDIUM,2,34,36.92,19.97,0,1,4,24,0,1
3132,garbage,LOW,1,15,111.54,58.42,0,1,2,72,0,0
3133,water_leakage,LOW,1,23,6.87,6.07,0,1,5,24,0,1
3134,other,LOW,1,20,31.6,30.83,0,1,7,72,0,0
3135,pothole,MEDIUM,2,30,65.94,37.94,0,0,1,48,0,1
3136,water_leakage,LOW,1,19,20.02,14.67,0,1,5,24,0,1
3137,water_leakage,HIGH,3,72,24.5,16.73,0,1,5,24,1,1
3138,water_leakage,LOW,1,23,27.43,22.13,1,1,5,24,0,1
3139,pothole,LOW,1,25,11.9,6.65,0,1,1,48,0,1
3140,other,MEDIUM,2,39,38.87,13.35,1,1,7,72,0,1
3141,drainage,LOW,1,25,5.59,5.08,0,1,3,48,0,0
3142,garbage,HIGH,3,87,97.28,44.67,2,1,2,72,1,1
3143,garbage,MEDIUM,2,48,74.66,19.78,2,1,2,72,0,0
3144,drainage,LOW,1,44,37.51,25.34,3,1,3,48,0,1
3145,pothole,MEDIUM,2,35,42.85,22.65,0,1,1,48,0,1
3146,pothole,LOW,1,33,65.37,46.89,1,1,1,48,0,1
3147,garbage,LOW,1,44,10.16,6.76,3,1,2,72,0,0
3148,other,LOW,1,25,58.81,1.84,1,0,7,72,0,1
3149,pothole,MEDIUM,2,32,17.26,7.63,0,1,1,48,0,0
3150,other,LOW,1,25,61.64,59.38,1,1,7,72,0,0
3151,drainage,HIGH,3,80,15.02,6.37,0,1,3,48,1,1
3152,garbage,LOW,1,21,80.54,4.26,0,0,2,72,0,1
3153,garbage,HIGH,3,75,77.46,68.39,0,1,2,72,1,1
3154,drainage,MEDIUM,2,64,70.98,25.91,3,0,3,48,0,1
3155,streetlight,MEDIUM,2,34,29.23,2.4,0,1,4,24,0,0
3156,water_leakage,HIGH,3,74,22.92,0.88,0,1,5,24,1,1
3157,pothole,LOW,1,25,52.51,11.63,0,0,1,48,0,1
3158,garbage,HIGH,3,76,30.79,7.58,0,1,2,72,1,1
3159,water_leakage,MEDIUM,2,40,4.76,1.58,0,1,5,24,0,1
3160,pothole,MEDIUM,2,35,61.11,31.05,0,1,1,48,0,1
3161,pothole,HIGH,3,88,59.24,41.08,1,1,1,48,1,1
3162,drainage,LOW,1,48,12.71,7.43,3,1,3,48,0,1
3163,drainage,HIGH,3,80,78.6,10.25,0,0,3,48,1,1
3164,other,LOW,1,32,65.24,14.91,1,0,7,72,0,1
3165,streetlight,MEDIUM,2,37,3.26,1.05,0,1,4,24,0,1
3166,pothole,MEDIUM,2,34,48.81,32.76,0,1,1,48,0,1
3167,water_leakage,MEDIUM,2,50,36.31,1.94,2,0,5,24,0,1
3168,pothole,HIGH,3,86,15.34,2.01,1,1,1,48,1,1
3169,water_leakage,LOW,1,25,9.2,8.65,1,1,5,24,0,0
3170,water_leakage,MEDIUM,2,38,32.89,1.13,1,0,5,24,0,1
3171,other,HIGH,3,53,35.4,24.24,0,1,7,72,0,1
3172,garbage,LOW,1,23,54.95,27.75,0,1,2,72,0,0
3173,streetlight,LOW,1,21,2.09,1.57,0,0,4,24,0,1
3174,water_leakage,LOW,1,20,6.43,0.63,0,1,5,24,0,0
3175,garbage,LOW,1,33,71.3,14.05,1,1,2,72,0,1
3176,pothole,MEDIUM,2,55,55.05,10.67,2,0,1,48,0,1
3177,other,LOW,1,15,121.62,34.48,0,1,7,72,0,1
3178,water_leakage,MEDIUM,2,30,13.23,6.43,0,0,5,24,0,1
3179,pothole,LOW,1,54,61.97,37.47,4,1,1,48,0,1
3180,garbage,LOW,1,32,47.33,37.59,1,1,2,72,0,1
3181,garbage,LOW,1,32,0.83,0.31,1,1,2,72,0,0
3182,water_leakage,LOW,1,46,27.76,8.68,3,1,5,24,0,1
3183,streetlight,LOW,1,16,16.83,1.93,0,1,4,24,0,1
3184,streetlight,MEDIUM,2,40,35.03,16.51,1,1,4,24,0,0
3185,garbage,MEDIUM,2,37,51.94,6.98,0,1,2,72,0,1
3186,pothole,MEDIUM,2,38,42.72,19.6,0,1,1,48,0,1
3187,drainage,HIGH,3,49,4.02,2.93,0,1,3,48,0,0
3188,pothole,LOW,1,18,68.04,42.52,0,1,1,48,0,1
3189,other,LOW,1,25,104.4,29.96,0,0,7,72,0,1
3190,drainage,LOW,1,21,44.18,4.98,0,1,3,48,0,1
3191,streetlight,LOW,1,24,1.18,0.29,0,1,4,24,0,0
3192,water_leakage,HIGH,3,70,40.05,5.19,0,1,5,24,1,1
3193,garbage,MEDIUM,2,31,78.19,46.13,0,0,2,72,0,1
3194,water_leakage,CRITICAL,4,100,32.26,3.48,4,1,5,24,1,1
3195,streetlight,CRITICAL,4,91,16.56,9.91,0,0,4,24,1,1
3196,other,LOW,1,19,12.21,6.63,0,1,7,72,0,0
3197,water_leakage,LOW,1,29,3.78,0.43,1,1,5,24,0,0
3198,streetlight,LOW,1,33,19.36,11.87,1,1,4,24,0,1
3199,water_leakage,MEDIUM,2,40,12.31,7.56,1,0,5,24,0,0
3200,garbage,LOW,1,37,16.1,4.49,2,1,2,72,0,0
3201,other,LOW,1,55,80.33,47.73,5,1,7,72,0,1
3202,streetlight,LOW,1,34,34.59,20.5,2,1,4,24,0,1
3203,streetlight,LOW,1,60,4.07,2.42,5,1,4,24,0,0
3204,garbage,MEDIUM,2,33,97.63,7.44,0,1,2,72,0,1
3205,water_leakage,MEDIUM,2,39,3.83,3.21,0,1,5,24,0,0
3206,water_leakage,LOW,1,26,22.91,21.72,1,0,5,24,0,1
3207,pothole,MEDIUM,2,32,36.81,18.17,0,1,1,48,0,1
3208,garbage,HIGH,3,79,89.56,30.35,0,1,2,72,1,1
3209,drainage,LOW,1,15,3.16,2.68,0,1,3,48,0,0
3210,other,LOW,1,18,46.3,13.7,0,1,7,72,0,1
3211,streetlight,HIGH,3,46,35.44,5.63,0,1,4,24,0,1
3212,drainage,CRITICAL,4,65,18.82,11.9,0,1,3,48,0,1
3213,drainage,LOW,1,16,51.86,35.51,0,1,3,48,0,0
3214,drainage,HIGH,3,71,74.96,43.11,3,0,3,48,0,1
3215,streetlight,HIGH,3,71,5.25,2.85,0,1,4,24,1,0
3216,other,HIGH,3,73,32.62,7.62,0,0,7,72,1,1
3217,streetlight,MEDIUM,2,48,22.52,16.6,1,1,4,24,0,1
3218,other,MEDIUM,2,34,46.96,37.02,0,0,7,72,0,0
3219,pothole,MEDIUM,2,37,64.74,29.06,0,0,1,48,0,1
3220,garbage,LOW,1,16,122.56,66.65,0,1,2,72,0,0
3221,garbage,CRITICAL,4,92,60.97,56.97,0,1,2,72,1,1
3222,other,LOW,1,25,1.45,1.34,0,1,7,72,0,0
3223,drainage,LOW,1,31,53.29,42.22,2,0,3,48,0,1
3224,garbage,LOW,1,47,30.42,9.51,3,0,2,72,0,1
3225,drainage,LOW,1,17,14.53,11.06,0,1,3,48,0,0
3226,other,LOW,1,40,89.83,17.61,2,1,7,72,0,1
3227,streetlight,MEDIUM,2,48,38.64,2.18,1,1,4,24,0,1
3228,drainage,MEDIUM,2,37,23.67,14.5,0,0,3,48,0,1
3229,water_leakage,MEDIUM,2,40,30.53,21.53,0,1,5,24,0,1
3230,drainage,CRITICAL,4,86,59.13,29.93,0,1,3,48,1,1
3231,pothole,LOW,1,32,17.25,6.61,1,0,1,48,0,0
3232,garbage,LOW,1,24,124.0,17.41,0,1,2,72,0,0
3233,streetlight,MEDIUM,2,31,33.5,13.68,0,1,4,24,0,1
3234,pothole,HIGH,3,87,54.01,26.0,1,1,1,48,1,1
3235,drainage,LOW,1,25,56.48,41.22,0,1,3,48,0,1
3236,other,LOW,1,24,53.15,10.71,0,1,7,72,0,1
3237,garbage,LOW,1,53,61.25,6.28,4,1,2,72,0,0
3238,drainage,MEDIUM,2,34,43.87,34.04,0,0,3,48,0,1
3239,water_leakage,LOW,1,22,40.77,22.67,0,1,5,24,0,1
3240,drainage,HIGH,3,78,1.88,1.62,0,1,3,48,1,0
3241,drainage,MEDIUM,2,49,75.96,44.22,2,1,3,48,0,1
3242,water_leakage,HIGH,3,51,18.23,5.96,0,0,5,24,0,1
3243,drainage,MEDIUM,2,39,69.34,25.11,0,1,3,48,0,1
3244,garbage,MEDIUM,2,39,123.06,15.28,0,0,2,72,0,1
3245,other,MEDIUM,2,34,124.79,30.94,0,1,7,72,0,1
3246,streetlight,MEDIUM,2,44,19.77,16.87,1,1,4,24,0,1
3247,pothole,HIGH,3,78,53.67,43.59,0,1,1,48,1,1
3248,other,CRITICAL,4,90,58.06,19.55,0,1,7,72,1,1
3249,drainage,LOW,1,22,62.9,20.27,0,0,3,48,0,1
3250,drainage,MEDIUM,2,35,62.48,8.67,0,0,3,48,0,1
3251,other,CRITICAL,4,100,74.58,23.59,2,1,7,72,1,1
3252,streetlight,MEDIUM,2,30,30.56,18.98,0,1,4,24,0,1
3253,other,MEDIUM,2,38,34.25,6.1,0,0,7,72,0,1
3254,drainage,HIGH,3,71,10.75,10.3,2,1,3,48,0,0
3255,water_leakage,LOW,1,27,30.49,11.77,1,1,5,24,0,1
3256,pothole,MEDIUM,2,44,65.72,11.97,1,1,1,48,0,0
3257,pothole,MEDIUM,2,31,16.92,8.67,0,1,1,48,0,1
3258,pothole,HIGH,3,54,12.21,6.71,0,1,1,48,0,0
3259,pothole,HIGH,3,52,55.53,24.18,0,1,1,48,0,1
3260,water_leakage,MEDIUM,2,30,20.51,18.29,0,1,5,24,0,0
3261,other,MEDIUM,2,36,32.88,22.36,0,1,7,72,0,0
3262,water_leakage,MEDIUM,2,32,31.91,5.87,0,0,5,24,0,1
3263,drainage,MEDIUM,2,53,36.43,17.37,2,1,3,48,0,0
3264,pothole,HIGH,3,76,26.05,22.57,0,1,1,48,1,0
3265,streetlight,LOW,1,31,16.95,9.12,1,1,4,24,0,0
3266,water_leakage,MEDIUM,2,71,21.42,16.79,4,1,5,24,0,1
3267,drainage,MEDIUM,2,43,81.3,40.29,1,0,3,48,0,1
3268,streetlight,MEDIUM,2,49,34.01,21.08,2,1,4,24,0,1
3269,streetlight,MEDIUM,2,53,20.53,0.51,2,0,4,24,0,1
3270,drainage,LOW,1,22,51.56,16.84,0,0,3,48,0,1
3271,other,HIGH,3,82,7.7,4.53,1,1,7,72,1,1
3272,streetlight,MEDIUM,2,34,15.43,7.81,0,0,4,24,0,1
3273,water_leakage,CRITICAL,4,63,34.58,15.71,0,0,5,24,0,1
3274,garbage,CRITICAL,4,68,55.71,1.78,1,1,2,72,0,1
3275,pothole,HIGH,3,80,49.3,3.78,0,0,1,48,1,1
3276,streetlight,LOW,1,21,25.92,18.37,0,1,4,24,0,0
3277,pothole,LOW,1,22,8.8,7.8,0,1,1,48,0,0
3278,drainage,MEDIUM,2,31,6.61,4.83,0,1,3,48,0,0
3279,other,MEDIUM,2,44,63.1,0.0,1,1,7,72,0,1
3280,other,HIGH,3,47,108.07,39.42,0,1,7,72,0,1
3281,drainage,CRITICAL,4,71,50.64,0.81,1,0,3,48,0,1
3282,pothole,MEDIUM,2,30,49.62,8.92,0,0,1,48,0,1
3283,streetlight,MEDIUM,2,54,26.92,10.14,3,0,4,24,0,1
3284,garbage,HIGH,3,48,68.94,25.93,0,1,2,72,0,1
3285,pothole,LOW,1,19,63.35,24.02,0,1,1,48,0,0
3286,pothole,LOW,1,25,52.33,13.54,0,1,1,48,0,1
3287,other,LOW,1,39,65.39,42.19,2,1,7,72,0,0
3288,other,MEDIUM,2,61,111.38,29.78,3,1,7,72,0,1
3289,garbage,LOW,1,17,26.38,9.67,0,0,2,72,0,1
3290,drainage,LOW,1,24,77.82,46.58,1,1,3,48,0,1
3291,water_leakage,CRITICAL,4,90,33.52,8.75,0,0,5,24,1,1
3292,water_leakage,HIGH,3,46,2.5,1.44,0,1,5,24,0,0
3293,water_leakage,CRITICAL,4,100,14.27,11.52,2,1,5,24,1,1
3294,water_leakage,LOW,1,23,23.24,21.91,0,0,5,24,0,0
3295,water_leakage,LOW,1,31,38.51,18.37,1,1,5,24,0,1
3296,drainage,HIGH,3,80,16.34,2.08,1,1,3,48,1,1
3297,water_leakage,HIGH,3,79,24.81,17.87,0,1,5,24,1,1
3298,pothole,LOW,1,40,44.5,6.89,3,0,1,48,0,1
3299,streetlight,LOW,1,23,10.78,3.58,1,1,4,24,0,0
3300,drainage,LOW,1,23,16.4,13.26,0,1,3,48,0,1
3301,other,LOW,1,31,6.15,6.15,1,1,7,72,0,0
3302,drainage,LOW,1,19,35.15,29.5,0,1,3,48,0,1
3303,drainage,LOW,1,21,48.24,46.74,0,0,3,48,0,0
3304,water_leakage,LOW,1,24,6.6,2.75,1,1,5,24,0,1
3305,pothole,HIGH,3,78,64.65,47.15,0,1,1,48,1,1
3306,garbage,MEDIUM,2,38,17.37,12.85,0,0,2,72,0,0
3307,garbage,MEDIUM,2,64,82.01,35.94,3,1,2,72,0,1
3308,water_leakage,MEDIUM,2,37,16.48,2.41,0,1,5,24,0,0
3309,other,LOW,1,25,0.5,0.17,0,1,7,72,0,0
3310,other,MEDIUM,2,41,16.78,2.23,1,0,7,72,0,1
3311,pothole,LOW,1,40,55.76,22.24,2,1,1,48,0,1
3312,garbage,LOW,1,16,24.8,11.49,0,1,2,72,0,0
3313,garbage,HIGH,3,85,105.16,23.85,5,1,2,72,0,1
3314,garbage,HIGH,3,88,122.83,28.76,2,0,2,72,1,1
3315,garbage,LOW,1,22,54.24,19.45,0,1,2,72,0,0
3316,streetlight,MEDIUM,2,39,26.22,8.19,1,0,4,24,0,1
3317,other,MEDIUM,2,39,42.83,16.8,1,0,7,72,0,0
3318,drainage,MEDIUM,2,38,30.62,24.66,0,1,3,48,0,1
3319,water_leakage,MEDIUM,2,47,38.02,8.34,1,1,5,24,0,1
3320,garbage,LOW,1,17,50.46,48.39,0,0,2,72,0,0
3321,pothole,HIGH,3,90,85.73,38.37,2,1,1,48,1,1
3322,water_leakage,LOW,1,15,32.54,21.66,0,1,5,24,0,1
3323,pothole,LOW,1,24,10.48,7.55,0,1,1,48,0,0
3324,drainage,MEDIUM,2,39,48.39,45.64,0,1,3,48,0,0
3325,pothole,LOW,1,54,69.89,35.09,4,0,1,48,0,1
3326,garbage,MEDIUM,2,30,114.4,68.93,0,0,2,72,0,1
3327,drainage,MEDIUM,2,34,10.89,7.95,0,1,3,48,0,0
3328,water_leakage,MEDIUM,2,36,27.08,17.96,0,1,5,24,0,0
3329,garbage,MEDIUM,2,56,21.62,16.74,3,1,2,72,0,0
3330,garbage,MEDIUM,2,38,21.35,11.46,0,1,2,72,0,1
3331,garbage,MEDIUM,2,34,5.41,4.86,0,1,2,72,0,0
3332,streetlight,MEDIUM,2,34,17.69,8.76,0,1,4,24,0,1
3333,water_leakage,LOW,1,22,42.06,17.62,0,1,5,24,0,1
3334,pothole,LOW,1,25,54.97,3.9,0,1,1,48,0,0
3335,drainage,MEDIUM,2,45,13.71,6.89,1,0,3,48,0,0
3336,pothole,CRITICAL,4,94,5.56,3.54,4,1,1,48,0,1
3337,drainage,HIGH,3,83,72.49,31.29,1,1,3,48,1,1
3338,water_leakage,MEDIUM,2,34,34.0,1.73,0,1,5,24,0,0
3339,water_leakage,MEDIUM,2,54,22.87,9.76,3,0,5,24,0,1
3340,garbage,MEDIUM,2,49,65.36,12.01,2,1,2,72,0,0
3341,pothole,HIGH,3,80,28.28,13.44,1,0,1,48,1,1
3342,water_leakage,HIGH,3,78,9.29,7.17,1,1,5,24,1,1
3343,water_leakage,HIGH,3,77,18.83,13.07,4,1,5,24,0,1
3344,garbage,LOW,1,34,38.88,0.19,2,1,2,72,0,0
3345,garbage,MEDIUM,2,75,114.2,28.74,5,1,2,72,0,1
3346,drainage,MEDIUM,2,39,1.36,0.33,0,1,3,48,0,0
3347,streetlight,HIGH,3,70,40.24,19.79,0,1,4,24,1,1
3348,other,LOW,1,16,119.9,61.38,0,1,7,72,0,0
3349,garbage,MEDIUM,2,40,106.4,25.13,0,1,2,72,0,1
3350,water_leakage,MEDIUM,2,51,1.84,1.8,2,1,5,24,0,0
3351,other,HIGH,3,75,28.19,6.93,0,1,7,72,1,1
3352,pothole,HIGH,3,80,33.37,13.91,0,1,1,48,1,1
3353,drainage,MEDIUM,2,45,0.22,0.12,1,0,3,48,0,0
3354,pothole,MEDIUM,2,55,77.22,33.45,3,1,1,48,0,1
3355,drainage,MEDIUM,2,34,13.23,8.97,0,0,3,48,0,1
3356,garbage,LOW,1,23,87.12,30.92,0,1,2,72,0,0
3357,garbage,MEDIUM,2,36,83.47,47.73,0,1,2,72,0,1
3358,drainage,MEDIUM,2,34,3.17,0.06,0,1,3,48,0,0
3359,other,LOW,1,33,108.26,16.03,1,1,7,72,0,1
3360,drainage,HIGH,3,79,69.18,8.39,0,0,3,48,1,1
3361,pothole,MEDIUM,2,33,81.79,33.31,0,0,1,48,0,1
3362,streetlight,MEDIUM,2,40,42.95,15.94,0,1,4,24,0,1
3363,streetlight,HIGH,3,55,33.11,14.75,0,1,4,24,0,1
3364,water_leakage,MEDIUM,2,36,7.47,7.04,0,1,5,24,0,1
3365,garbage,LOW,1,23,84.0,52.65,0,0,2,72,0,1
3366,other,MEDIUM,2,38,27.73,18.45,0,1,7,72,0,1
3367,drainage,LOW,1,28,1.53,1.18,1,1,3,48,0,0
3368,water_leakage,LOW,1,15,21.07,19.55,0,1,5,24,0,1
3369,water_leakage,HIGH,3,88,11.34,7.26,1,1,5,24,1,1
3370,other,LOW,1,24,0.24,0.0,0,1,7,72,0,0
3371,streetlight,MEDIUM,2,33,4.15,3.03,0,1,4,24,0,0
3372,pothole,MEDIUM,2,73,61.66,27.45,5,1,1,48,0,1
3373,drainage,MEDIUM,2,36,66.23,1.78,0,0,3,48,0,1
3374,pothole,MEDIUM,2,53,53.2,1.5,2,1,1,48,0,1
3375,streetlight,MEDIUM,2,39,34.15,6.47,0,1,4,24,0,1
3376,water_leakage,LOW,1,28,29.37,9.55,1,0,5,24,0,1
3377,garbage,MEDIUM,2,33,99.88,66.48,0,1,2,72,0,1
3378,garbage,HIGH,3,70,63.09,15.15,2,1,2,72,0,1
3379,streetlight,LOW,1,18,5.53,2.95,0,1,4,24,0,0
3380,drainage,HIGH,3,49,65.08,29.38,0,0,3,48,0,1
3381,other,LOW,1,36,79.64,31.12,2,1,7,72,0,1
3382,other,MEDIUM,2,38,57.24,46.94,0,1,7,72,0,0
3383,garbage,MEDIUM,2,37,110.7,64.17,0,0,2,72,0,1
3384,garbage,HIGH,3,70,100.33,31.46,0,1,2,72,1,1
3385,drainage,LOW,1,40,85.68,19.92,2,1,3,48,0,0
3386,other,HIGH,3,95,8.85,7.85,2,1,7,72,1,1
3387,garbage,MEDIUM,2,40,124.02,57.37,0,0,2,72,0,1
3388,garbage,HIGH,3,72,10.71,1.16,0,1,2,72,1,0
3389,water_leakage,HIGH,3,49,17.03,12.92,0,1,5,24,0,1
3390,drainage,MEDIUM,2,31,15.63,10.73,0,0,3,48,0,1
3391,pothole,HIGH,3,84,59.4,31.96,1,1,1,48,1,1
3392,garbage,MEDIUM,2,40,2.37,0.8,0,1,2,72,0,0
3393,pothole,MEDIUM,2,39,18.7,15.66,1,1,1,48,0,0
3394,drainage,HIGH,3,57,81.14,12.49,1,0,3,48,0,1
3395,garbage,LOW,1,38,41.94,40.89,2,0,2,72,0,1
3396,garbage,HIGH,3,52,1.48,0.0,0,1,2,72,0,0
3397,pothole,MEDIUM,2,46,0.91,0.39,1,1,1,48,0,1
3398,streetlight,MEDIUM,2,31,31.99,8.96,0,1,4,24,0,1
3399,garbage,CRITICAL,4,85,64.67,2.7,0,1,2,72,1,1
3400,pothole,MEDIUM,2,32,70.32,10.67,0,1,1,48,0,1
3401,drainage,MEDIUM,2,39,68.76,12.32,0,0,3,48,0,1
3402,streetlight,LOW,1,21,31.01,16.43,0,1,4,24,0,0
3403,drainage,HIGH,3,56,49.17,46.33,1,1,3,48,0,1
3404,drainage,HIGH,3,71,86.23,33.85,0,1,3,48,1,1
3405,drainage,MEDIUM,2,37,8.63,3.43,0,1,3,48,0,0
3406,streetlight,LOW,1,25,5.09,1.69,0,1,4,24,0,0
3407,other,LOW,1,17,113.35,68.59,0,0,7,72,0,1
3408,water_leakage,MEDIUM,2,34,32.69,13.21,0,1,5,24,0,1
3409,garbage,HIGH,3,86,120.28,16.7,1,1,2,72,1,1
3410,garbage,MEDIUM,2,35,80.55,5.95,0,1,2,72,0,0
3411,streetlight,LOW,1,20,39.67,9.06,0,1,4,24,0,1
3412,garbage,MEDIUM,2,46,39.43,35.78,1,0,2,72,0,1
3413,pothole,MEDIUM,2,39,31.76,30.22,0,1,1,48,0,1
3414,garbage,LOW,1,16,98.28,43.41,0,1,2,72,0,0
3415,other,LOW,1,24,4.23,1.74,0,0,7,72,0,1
3416,garbage,LOW,1,19,120.9,27.5,0,1,2,72,0,0
3417,garbage,HIGH,3,71,81.8,42.52,0,1,2,72,1,1
3418,streetlight,HIGH,3,82,17.44,8.11,1,1,4,24,1,1
3419,drainage,CRITICAL,4,70,56.68,34.29,0,1,3,48,0,1
3420,pothole,MEDIUM,2,39,40.82,9.65,0,0,1,48,0,1
3421,other,HIGH,3,58,94.0,24.0,1,1,7,72,0,1
3422,pothole,LOW,1,22,24.27,12.94,0,1,1,48,0,0
3423,garbage,HIGH,3,47,70.17,69.52,0,1,2,72,0,1
3424,streetlight,MEDIUM,2,34,36.66,21.38,0,1,4,24,0,0
3425,streetlight,HIGH,3,100,4.54,0.23,4,1,4,24,1,1
3426,other,MEDIUM,2,32,54.22,25.01,0,1,7,72,0,1
3427,other,MEDIUM,2,57,38.37,12.96,3,1,7,72,0,1
3428,water_leakage,MEDIUM,2,46,41.33,9.13,2,1,5,24,0,0
3429,streetlight,MEDIUM,2,52,31.49,4.37,2,1,4,24,0,1
3430,water_leakage,LOW,1,22,17.7,9.7,0,1,5,24,0,0
3431,streetlight,MEDIUM,2,44,16.18,0.66,1,1,4,24,0,1
3432,garbage,MEDIUM,2,47,76.37,63.31,2,1,2,72,0,1
3433,pothole,LOW,1,24,37.83,9.02,0,0,1,48,0,1
3434,garbage,MEDIUM,2,58,4.21,2.27,3,1,2,72,0,1
3435,garbage,LOW,1,32,122.04,17.41,1,0,2,72,0,0
3436,drainage,LOW,1,29,1.95,0.78,1,0,3,48,0,0
3437,drainage,MEDIUM,2,41,58.76,0.11,1,1,3,48,0,1
3438,water_leakage,HIGH,3,77,13.96,1.96,0,0,5,24,1,1
3439,pothole,LOW,1,23,33.05,31.08,0,1,1,48,0,1
3440,water_leakage,MEDIUM,2,38,40.91,5.89,0,1,5,24,0,0
3441,drainage,LOW,1,20,30.25,9.41,0,1,3,48,0,1
3442,streetlight,MEDIUM,2,37,42.91,23.29,0,1,4,24,0,1
3443,streetlight,MEDIUM,2,30,27.54,10.72,0,1,4,24,0,1
3444,water_leakage,CRITICAL,4,61,7.29,1.82,0,1,5,24,0,1
3445,other,HIGH,3,79,72.6,69.44,3,1,7,72,0,1
3446,streetlight,MEDIUM,2,47,33.56,3.83,2,1,4,24,0,1
3447,garbage,HIGH,3,80,73.53,57.4,0,1,2,72,1,1
3448,drainage,LOW,1,31,36.9,8.65,1,1,3,48,0,1
3449,pothole,LOW,1,25,6.79,0.28,0,1,1,48,0,1
3450,pothole,LOW,1,30,13.76,9.67,1,0,1,48,0,1
3451,drainage,CRITICAL,4,61,5.77,1.59,0,0,3,48,0,1
3452,drainage,MEDIUM,2,39,11.37,5.3,1,0,3,48,0,1
3453,streetlight,MEDIUM,2,36,24.67,6.07,0,0,4,24,0,1
3454,water_leakage,HIGH,3,100,14.76,10.85,3,1,5,24,1,1
3455,water_leakage,CRITICAL,4,60,6.12,1.46,0,1,5,24,0,1
3456,pothole,HIGH,3,74,28.99,28.35,0,0,1,48,1,1
3457,water_leakage,LOW,1,15,30.4,14.9,0,0,5,24,0,1
3458,water_leakage,MEDIUM,2,39,26.32,20.33,0,0,5,24,0,1
3459,pothole,MEDIUM,2,35,3.99,3.39,0,1,1,48,0,1
3460,garbage,MEDIUM,2,40,125.65,32.4,0,0,2,72,0,1
3461,streetlight,MEDIUM,2,40,21.84,12.96,0,1,4,24,0,0
3462,drainage,HIGH,3,95,6.68,5.63,2,1,3,48,1,1
3463,pothole,HIGH,3,74,40.32,33.48,0,1,1,48,1,1
3464,drainage,MEDIUM,2,35,40.41,9.63,0,1,3,48,0,1
3465,water_leakage,HIGH,3,52,10.27,0.72,0,1,5,24,0,0
3466,garbage,HIGH,3,49,83.69,51.0,0,0,2,72,0,1
3467,drainage,LOW,1,30,76.32,41.28,1,1,3,48,0,1
3468,streetlight,MEDIUM,2,41,4.77,4.31,1,1,4,24,0,0
3469,other,MEDIUM,2,33,108.21,44.16,0,1,7,72,0,1
3470,water_leakage,MEDIUM,2,30,27.68,3.01,0,1,5,24,0,1
3471,other,LOW,1,18,37.21,22.38,0,1,7,72,0,0
3472,garbage,LOW,1,25,21.75,8.31,1,1,2,72,0,1
3473,drainage,MEDIUM,2,47,79.73,10.6,1,0,3,48,0,1
3474,other,CRITICAL,4,92,119.61,45.33,0,0,7,72,1,1
3475,other,LOW,1,19,59.63,48.87,0,1,7,72,0,0
3476,drainage,MEDIUM,2,34,83.78,0.61,0,0,3,48,0,1
3477,water_leakage,HIGH,3,74,9.39,3.1,0,1,5,24,1,1
3478,water_leakage,MEDIUM,2,47,10.47,8.31,1,1,5,24,0,1
3479,streetlight,HIGH,3,100,20.79,9.91,3,1,4,24,1,1
3480,garbage,LOW,1,18,99.68,11.77,0,1,2,72,0,1
3481,pothole,LOW,1,25,17.52,10.6,0,0,1,48,0,1
3482,drainage,HIGH,3,85,35.13,30.37,1,1,3,48,1,1
3483,other,MEDIUM,2,32,41.23,27.15,0,1,7,72,0,0
3484,pothole,MEDIUM,2,44,42.57,6.11,1,0,1,48,0,1
3485,drainage,HIGH,3,87,23.12,13.2,1,1,3,48,1,1
3486,pothole,LOW,1,28,73.76,35.49,1,1,1,48,0,1
3487,streetlight,MEDIUM,2,38,9.61,4.39,0,1,4,24,0,1
3488,garbage,LOW,1,25,121.08,16.74,0,1,2,72,0,1
3489,garbage,CRITICAL,4,89,54.83,5.56,0,0,2,72,1,1
3490,water_leakage,MEDIUM,2,35,8.25,6.75,0,0,5,24,0,1
3491,pothole,MEDIUM,2,37,10.84,8.91,0,1,1,48,0,0
3492,drainage,CRITICAL,4,70,28.02,24.07,0,1,3,48,0,0
3493,pothole,LOW,1,28,13.16,8.52,1,0,1,48,0,1
3494,pothole,LOW,1,20,53.62,17.82,0,0,1,48,0,1
3495,pothole,CRITICAL,4,65,66.59,3.62,0,0,1,48,0,1
3496,drainage,MEDIUM,2,39,19.29,13.28,1,0,3,48,0,1
3497,streetlight,LOW,1,16,29.89,20.6,0,1,4,24,0,0
3498,streetlight,MEDIUM,2,42,9.96,9.55,1,0,4,24,0,1
3499,pothole,HIGH,3,53,37.2,27.72,0,1,1,48,0,1
3500,other,MEDIUM,2,39,40.95,0.38,1,1,7,72,0,1
3501,drainage,LOW,1,25,27.16,15.28,0,1,3,48,0,0
3502,water_leakage,MEDIUM,2,44,37.9,7.35,1,1,5,24,0,1
3503,water_leakage,LOW,1,21,33.07,0.91,0,1,5,24,0,0
3504,pothole,MEDIUM,2,31,51.83,23.31,0,1,1,48,0,1
3505,garbage,LOW,1,26,103.58,64.5,1,1,2,72,0,1
3506,pothole,MEDIUM,2,48,43.91,31.08,1,0,1,48,0,1
3507,streetlight,CRITICAL,4,91,1.98,0.69,0,1,4,24,1,1
3508,water_leakage,HIGH,3,77,16.42,2.89,0,1,5,24,1,1
3509,pothole,MEDIUM,2,45,84.98,5.39,1,1,1,48,0,1
3510,garbage,MEDIUM,2,30,45.58,12.89,0,0,2,72,0,0
3511,garbage,LOW,1,40,51.88,23.01,2,1,2,72,0,0
3512,water_leakage,MEDIUM,2,36,27.71,8.32,0,1,5,24,0,1
3513,pothole,LOW,1,47,41.54,23.44,3,1,1,48,0,0
3514,streetlight,MEDIUM,2,36,37.51,8.1,0,0,4,24,0,1
3515,streetlight,LOW,1,35,28.89,19.09,2,0,4,24,0,1
3516,pothole,MEDIUM,2,30,79.15,31.48,0,1,1,48,0,0
3517,garbage,LOW,1,18,108.2,24.92,0,1,2,72,0,0
3518,other,MEDIUM,2,38,102.98,1.33,0,1,7,72,0,1
3519,water_leakage,HIGH,3,71,36.27,2.59,0,1,5,24,1,1
3520,other,LOW,1,25,123.63,68.78,0,1,7,72,0,1
3521,drainage,LOW,1,32,85.76,24.35,1,0,3,48,0,1
3522,water_leakage,HIGH,3,80,24.54,11.9,1,0,5,24,1,1
3523,pothole,MEDIUM,2,41,1.14,0.91,1,0,1,48,0,0
3524,pothole,LOW,1,24,50.13,13.97,0,1,1,48,0,0
3525,pothole,MEDIUM,2,40,84.12,13.34,0,1,1,48,0,1
3526,drainage,MEDIUM,2,31,33.48,17.14,0,0,3,48,0,1
3527,streetlight,LOW,1,15,14.55,6.58,0,1,4,24,0,1
3528,garbage,LOW,1,22,29.09,27.75,0,1,2,72,0,0
3529,pothole,LOW,1,19,6.81,2.51,0,0,1,48,0,1
3530,water_leakage,HIGH,3,92,7.17,6.18,2,0,5,24,1,1
3531,other,MEDIUM,2,38,14.87,2.67,0,1,7,72,0,1
3532,drainage,MEDIUM,2,31,53.07,28.02,0,0,3,48,0,1
3533,streetlight,MEDIUM,2,50,13.95,7.7,2,1,4,24,0,1
3534,pothole,LOW,1,23,69.05,12.46,0,0,1,48,0,0
3535,garbage,MEDIUM,2,30,31.66,14.61,0,1,2,72,0,1
3536,pothole,HIGH,3,55,75.3,43.84,0,0,1,48,0,1
3537,pothole,HIGH,3,71,68.08,29.01,0,1,1,48,1,1
3538,streetlight,CRITICAL,4,69,34.04,20.96,0,1,4,24,0,1
3539,water_leakage,LOW,1,49,13.62,12.91,4,1,5,24,0,0
3540,other,MEDIUM,2,30,72.6,48.17,0,0,7,72,0,1
3541,pothole,LOW,1,23,17.11,1.19,0,1,1,48,0,0
3542,drainage,LOW,1,28,84.95,44.24,1,0,3,48,0,1
3543,streetlight,HIGH,3,79,28.88,7.43,0,1,4,24,1,1
3544,pothole,HIGH,3,73,78.0,21.76,0,1,1,48,1,1
3545,garbage,LOW,1,46,104.89,25.47,3,0,2,72,0,1
3546,garbage,MEDIUM,2,34,85.72,34.01,0,0,2,72,0,1
3547,garbage,HIGH,3,61,121.48,19.12,1,1,2,72,0,1
3548,water_leakage,CRITICAL,4,64,10.67,1.14,0,1,5,24,0,1
3549,other,MEDIUM,2,36,38.94,0.17,0,0,7,72,0,0
3550,streetlight,MEDIUM,2,36,40.62,16.87,0,1,4,24,0,1
3551,other,HIGH,3,79,10.53,10.49,1,1,7,72,1,1
3552,garbage,MEDIUM,2,38,50.35,14.53,0,1,2,72,0,1
3553,water_leakage,LOW,1,32,24.25,18.6,1,1,5,24,0,1
3554,drainage,MEDIUM,2,30,40.37,36.26,0,1,3,48,0,0
3555,streetlight,HIGH,3,55,0.17,0.01,0,1,4,24,0,1
3556,water_leakage,HIGH,3,87,25.73,19.41,2,1,5,24,1,1
3557,pothole,MEDIUM,2,50,49.57,36.43,2,1,1,48,0,1
3558,garbage,HIGH,3,100,34.74,10.2,3,1,2,72,1,1
3559,drainage,LOW,1,21,20.16,13.34,0,1,3,48,0,0
3560,drainage,MEDIUM,2,30,13.98,7.93,0,1,3,48,0,0
3561,other,LOW,1,48,31.6,0.04,3,0,7,72,0,0
3562,water_leakage,MEDIUM,2,31,16.62,6.72,0,1,5,24,0,0
3563,water_leakage,MEDIUM,2,79,35.92,5.65,5,0,5,24,0,1
3564,streetlight,MEDIUM,2,41,6.69,3.39,1,0,4,24,0,0
3565,water_leakage,HIGH,3,47,36.54,9.03,0,1,5,24,0,1
3566,other,HIGH,3,48,71.72,47.61,0,0,7,72,0,1
3567,garbage,HIGH,3,78,115.93,34.68,1,1,2,72,1,1
3568,water_leakage,MEDIUM,2,31,20.64,4.73,0,1,5,24,0,0
3569,pothole,MEDIUM,2,49,29.29,11.52,2,1,1,48,0,0
3570,drainage,HIGH,3,86,33.97,13.61,2,1,3,48,1,1
3571,drainage,MEDIUM,2,33,54.29,15.73,0,1,3,48,0,1
3572,garbage,LOW,1,61,17.15,11.93,5,1,2,72,0,1
3573,other,MEDIUM,2,38,19.56,6.3,1,1,7,72,0,1
3574,water_leakage,HIGH,3,46,16.82,0.9,0,0,5,24,0,1
3575,other,LOW,1,22,106.01,30.54,0,1,7,72,0,1
3576,drainage,HIGH,3,56,83.63,35.86,1,0,3,48,0,1
3577,other,MEDIUM,2,40,66.35,43.47,0,1,7,72,0,0
3578,water_leakage,MEDIUM,2,54,33.01,16.48,2,1,5,24,0,0
3579,streetlight,LOW,1,23,29.11,5.23,0,1,4,24,0,1
3580,other,HIGH,3,50,126.88,68.31,0,1,7,72,0,0
3581,other,MEDIUM,2,38,78.53,9.1,0,1,7,72,0,1
3582,garbage,LOW,1,27,27.65,2.26,1,1,2,72,0,1
3583,streetlight,LOW,1,18,27.2,23.39,0,0,4,24,0,1
3584,pothole,MEDIUM,2,40,37.7,9.0,0,1,1,48,0,0
3585,pothole,MEDIUM,2,55,39.95,10.94,2,0,1,48,0,1
3586,other,MEDIUM,2,38,29.56,5.31,0,1,7,72,0,1
3587,other,HIGH,3,79,104.33,65.63,0,1,7,72,1,1
3588,water_leakage,MEDIUM,2,39,36.53,3.97,0,0,5,24,0,1
3589,drainage,LOW,1,57,59.08,13.36,4,1,3,48,0,1
3590,other,MEDIUM,2,66,56.38,6.37,4,0,7,72,0,1
3591,garbage,LOW,1,31,55.22,1.34,1,0,2,72,0,1
3592,pothole,HIGH,3,88,27.41,9.53,1,1,1,48,1,1
3593,other,HIGH,3,78,101.09,38.21,3,0,7,72,0,1
3594,garbage,LOW,1,48,94.57,68.73,4,1,2,72,0,1
3595,other,CRITICAL,4,93,51.23,1.15,0,1,7,72,1,1
3596,garbage,MEDIUM,2,33,44.67,27.66,0,1,2,72,0,0
3597,water_leakage,LOW,1,36,35.88,23.44,2,1,5,24,0,1
3598,other,HIGH,3,81,33.03,14.91,1,0,7,72,1,0
3599,streetlight,LOW,1,57,30.69,10.22,4,1,4,24,0,1
3600,streetlight,LOW,1,18,6.93,6.57,0,1,4,24,0,1
3601,pothole,MEDIUM,2,32,31.23,29.87,0,1,1,48,0,0
3602,garbage,MEDIUM,2,32,128.85,40.22,0,0,2,72,0,1
3603,pothole,HIGH,3,76,59.01,25.04,0,0,1,48,1,0
3604,drainage,MEDIUM,2,37,12.9,0.03,0,0,3,48,0,0
3605,water_leakage,LOW,1,25,23.53,5.96,1,1,5,24,0,1
3606,other,MEDIUM,2,35,115.09,45.3,0,0,7,72,0,1
3607,pothole,MEDIUM,2,47,1.68,1.61,2,0,1,48,0,1
3608,other,MEDIUM,2,30,33.17,4.28,0,0,7,72,0,1
3609,streetlight,LOW,1,25,19.52,2.52,0,0,4,24,0,1
3610,pothole,MEDIUM,2,34,16.45,4.47,0,1,1,48,0,1
3611,streetlight,LOW,1,23,8.84,1.01,0,1,4,24,0,1
3612,water_leakage,LOW,1,21,17.95,7.12,0,1,5,24,0,0
3613,water_leakage,MEDIUM,2,35,29.21,0.22,0,0,5,24,0,1
3614,drainage,LOW,1,15,1.63,0.16,0,1,3,48,0,1
3615,water_leakage,LOW,1,25,34.08,7.95,0,1,5,24,0,1
3616,streetlight,LOW,1,32,25.06,9.91,1,1,4,24,0,1
3617,pothole,LOW,1,29,0.52,0.43,1,1,1,48,0,0
3618,other,MEDIUM,2,35,94.71,55.64,0,1,7,72,0,1
3619,other,LOW,1,52,21.08,13.93,4,1,7,72,0,0
3620,water_leakage,LOW,1,19,19.7,8.77,0,1,5,24,0,0
3621,other,HIGH,3,48,39.67,39.47,0,1,7,72,0,1
3622,pothole,HIGH,3,88,7.51,6.87,1,1,1,48,1,1
3623,garbage,MEDIUM,2,31,91.25,39.76,0,0,2,72,0,0
3624,drainage,MEDIUM,2,38,1.61,0.38,0,1,3,48,0,0
3625,water_leakage,LOW,1,35,32.8,11.3,2,1,5,24,0,0
3626,garbage,LOW,1,51,128.52,15.85,4,1,2,72,0,1
3627,drainage,MEDIUM,2,45,15.64,5.1,1,1,3,48,0,1
3628,streetlight,MEDIUM,2,47,42.45,2.12,1,1,4,24,0,0
3629,garbage,LOW,1,19,39.59,13.12,0,0,2,72,0,1
3630,other,LOW,1,20,129.25,0.04,0,1,7,72,0,0
3631,water_leakage,MEDIUM,2,32,40.98,19.15,0,1,5,24,0,1
3632,garbage,LOW,1,23,91.93,42.85,0,0,2,72,0,1
3633,streetlight,MEDIUM,2,38,32.33,3.12,0,1,4,24,0,1
3634,other,LOW,1,16,89.02,66.29,0,1,7,72,0,0
3635,other,HIGH,3,77,78.32,46.01,0,1,7,72,1,1
3636,drainage,MEDIUM,2,54,80.79,43.79,2,0,3,48,0,1
3637,other,MEDIUM,2,56,67.27,23.73,2,1,7,72,0,0
3638,water_leakage,HIGH,3,73,22.12,11.34,0,1,5,24,1,1
3639,streetlight,MEDIUM,2,46,10.49,7.46,2,0,4,24,0,1
3640,streetlight,MEDIUM,2,56,26.59,23.53,2,1,4,24,0,0
3641,drainage,LOW,1,19,59.1,30.84,0,1,3,48,0,1
3642,pothole,MEDIUM,2,48,50.24,39.76,1,0,1,48,0,1
3643,drainage,LOW,1,32,20.07,15.42,2,1,3,48,0,0
3644,pothole,CRITICAL,4,94,63.39,11.98,0,1,1,48,1,1
3645,other,MEDIUM,2,39,111.74,53.34,0,1,7,72,0,0
3646,drainage,MEDIUM,2,35,27.15,13.77,0,1,3,48,0,1
3647,water_leakage,LOW,1,41,20.6,6.38,2,1,5,24,0,1
3648,other,LOW,1,22,129.09,46.96,0,1,7,72,0,1
3649,streetlight,LOW,1,25,39.8,15.28,0,1,4,24,0,0
3650,streetlight,MEDIUM,2,38,9.41,5.5,0,0,4,24,0,1
3651,pothole,LOW,1,31,16.34,9.5,1,0,1,48,0,1
3652,pothole,MEDIUM,2,72,19.37,14.82,4,1,1,48,0,0
3653,drainage,LOW,1,24,39.62,12.42,1,1,3,48,0,1
3654,streetlight,LOW,1,19,25.67,1.29,0,0,4,24,0,1
3655,pothole,LOW,1,20,68.45,15.83,0,0,1,48,0,1
3656,drainage,MEDIUM,2,76,85.25,2.01,5,0,3,48,0,1
3657,drainage,LOW,1,48,36.12,11.17,3,1,3,48,0,1
3658,streetlight,HIGH,3,46,4.8,0.77,0,0,4,24,0,0
3659,garbage,MEDIUM,2,53,94.92,56.57,2,1,2,72,0,1
3660,pothole,HIGH,3,87,14.59,2.18,4,1,1,48,0,1
3661,streetlight,LOW,1,19,18.11,12.59,0,0,4,24,0,1
3662,drainage,HIGH,3,51,29.39,9.78,0,1,3,48,0,1
3663,streetlight,MEDIUM,2,33,23.28,18.67,0,1,4,24,0,1
3664,streetlight,MEDIUM,2,44,42.6,13.84,1,0,4,24,0,1
3665,water_leakage,LOW,1,17,32.05,5.86,0,1,5,24,0,0
3666,streetlight,HIGH,3,83,24.31,4.41,1,0,4,24,1,1
3667,other,LOW,1,22,13.5,10.44,0,1,7,72,0,1
3668,other,LOW,1,18,44.16,4.76,0,0,7,72,0,1
3669,water_leakage,LOW,1,17,18.85,8.97,0,0,5,24,0,0
3670,water_leakage,MEDIUM,2,56,29.63,18.12,2,1,5,24,0,0
3671,pothole,MEDIUM,2,39,13.61,12.52,1,1,1,48,0,1
3672,drainage,LOW,1,39,41.51,6.62,3,0,3,48,0,0
3673,garbage,HIGH,3,70,66.21,43.2,0,0,2,72,1,1
3674,water_leakage,MEDIUM,2,54,21.21,11.49,2,1,5,24,0,0
3675,pothole,MEDIUM,2,30,13.02,9.02,0,1,1,48,0,0
3676,garbage,MEDIUM,2,36,74.77,3.82,0,1,2,72,0,1
3677,water_leakage,LOW,1,21,32.0,6.5,0,1,5,24,0,0
3678,pothole,MEDIUM,2,34,76.56,45.64,0,1,1,48,0,0
3679,drainage,LOW,1,22,39.83,18.05,0,0,3,48,0,1
3680,water_leakage,LOW,1,28,19.07,15.46,1,0,5,24,0,1
3681,streetlight,HIGH,3,77,2.28,0.99,0,1,4,24,1,0
3682,garbage,MEDIUM,2,40,20.1,10.5,1,0,2,72,0,0
3683,other,MEDIUM,2,30,91.68,54.42,0,1,7,72,0,1
3684,streetlight,LOW,1,21,22.29,9.46,0,1,4,24,0,0
3685,pothole,HIGH,3,62,6.42,5.39,1,1,1,48,0,0
3686,other,LOW,1,35,60.42,31.64,2,1,7,72,0,1
3687,other,MEDIUM,2,30,127.39,48.4,0,1,7,72,0,1
3688,water_leakage,LOW,1,15,26.65,16.34,0,1,5,24,0,0
3689,pothole,MEDIUM,2,39,59.8,37.41,1,1,1,48,0,1
3690,pothole,MEDIUM,2,30,56.06,34.78,0,1,1,48,0,1
3691,garbage,MEDIUM,2,32,71.02,26.49,0,1,2,72,0,1
3692,drainage,MEDIUM,2,39,57.86,15.72,0,0,3,48,0,1
3693,pothole,MEDIUM,2,32,4.41,0.47,0,1,1,48,0,1
3694,pothole,LOW,1,25,57.47,27.14,0,1,1,48,0,1
3695,other,MEDIUM,2,45,4.25,0.05,1,1,7,72,0,0
3696,water_leakage,HIGH,3,58,20.45,13.26,1,1,5,24,0,1
3697,water_leakage,MEDIUM,2,32,25.7,17.96,0,1,5,24,0,1
3698,streetlight,MEDIUM,2,30,29.4,18.33,0,1,4,24,0,1
3699,streetlight,LOW,1,25,15.09,10.84,0,0,4,24,0,0
3700,pothole,HIGH,3,76,86.0,11.44,3,1,1,48,0,1
3701,streetlight,MEDIUM,2,40,33.33,16.48,0,1,4,24,0,0
3702,pothole,HIGH,3,80,27.67,13.73,0,1,1,48,1,1
3703,drainage,MEDIUM,2,39,53.17,18.77,0,0,3,48,0,1
3704,water_leakage,LOW,1,15,41.3,19.13,0,0,5,24,0,1
3705,streetlight,LOW,1,17,14.29,8.07,0,1,4,24,0,1
3706,garbage,LOW,1,16,126.23,53.04,0,1,2,72,0,0
3707,pothole,HIGH,3,96,44.76,35.84,2,1,1,48,1,1
3708,water_leakage,MEDIUM,2,31,28.87,17.45,0,1,5,24,0,1
3709,water_leakage,MEDIUM,2,49,21.6,4.53,2,1,5,24,0,1
3710,other,CRITICAL,4,66,68.93,60.49,0,0,7,72,0,1
3711,drainage,MEDIUM,2,35,81.93,31.81,0,1,3,48,0,1
3712,garbage,HIGH,3,54,67.01,59.26,0,1,2,72,0,1
3713,pothole,HIGH,3,85,69.5,22.58,1,1,1,48,1,1
3714,pothole,LOW,1,55,50.45,44.9,4,1,1,48,0,0
3715,other,MEDIUM,2,32,102.95,12.98,0,0,7,72,0,1
3716,water_leakage,LOW,1,29,11.73,9.39,1,1,5,24,0,0
3717,streetlight,MEDIUM,2,38,21.75,14.12,0,1,4,24,0,1
3718,streetlight,LOW,1,32,12.04,6.17,2,1,4,24,0,1
3719,pothole,LOW,1,26,52.74,47.77,1,1,1,48,0,1
3720,pothole,MEDIUM,2,39,83.17,20.88,1,1,1,48,0,0
3721,water_leakage,LOW,1,27,16.28,4.06,1,0,5,24,0,0
3722,water_leakage,LOW,1,20,12.73,7.69,0,1,5,24,0,0
3723,pothole,CRITICAL,4,60,35.39,28.43,0,0,1,48,0,1
3724,streetlight,LOW,1,18,18.1,11.1,0,1,4,24,0,1
3725,pothole,LOW,1,18,11.28,7.17,0,0,1,48,0,0
3726,other,LOW,1,31,114.69,46.84,1,1,7,72,0,1
3727,other,LOW,1,16,38.65,33.71,0,0,7,72,0,0
3728,pothole,LOW,1,17,6.61,3.59,0,1,1,48,0,0
3729,streetlight,MEDIUM,2,34,34.47,21.75,0,1,4,24,0,1
3730,water_leakage,LOW,1,19,17.34,4.02,0,1,5,24,0,1
3731,pothole,LOW,1,17,73.83,32.67,0,0,1,48,0,0
3732,water_leakage,MEDIUM,2,63,16.47,9.62,3,1,5,24,0,1
3733,water_leakage,HIGH,3,78,26.17,18.27,0,1,5,24,1,0
3734,streetlight,HIGH,3,54,14.18,0.63,0,0,4,24,0,1
3735,streetlight,LOW,1,15,31.69,20.76,0,0,4,24,0,1
3736,streetlight,CRITICAL,4,67,22.59,22.14,0,1,4,24,0,1
3737,garbage,MEDIUM,2,38,70.19,46.56,0,1,2,72,0,1
3738,streetlight,CRITICAL,4,88,31.21,3.59,0,1,4,24,1,1
3739,streetlight,CRITICAL,4,64,41.32,0.17,0,1,4,24,0,1
3740,drainage,HIGH,3,84,65.18,46.97,1,1,3,48,1,1
3741,other,LOW,1,15,104.23,60.42,0,1,7,72,0,1
3742,drainage,LOW,1,17,45.86,32.36,0,0,3,48,0,0
3743,garbage,MEDIUM,2,37,86.73,9.11,0,1,2,72,0,0
3744,pothole,LOW,1,28,14.1,3.59,1,1,1,48,0,0
3745,drainage,HIGH,3,85,45.03,32.71,1,0,3,48,1,1
3746,streetlight,MEDIUM,2,31,12.67,1.32,0,1,4,24,0,1
3747,water_leakage,MEDIUM,2,54,33.88,6.85,2,1,5,24,0,1
3748,drainage,MEDIUM,2,34,0.88,0.85,0,1,3,48,0,0
3749,streetlight,MEDIUM,2,32,9.86,1.85,0,1,4,24,0,1
3750,water_leakage,LOW,1,21,23.1,21.2,0,0,5,24,0,0
3751,garbage,MEDIUM,2,50,33.93,10.61,2,1,2,72,0,0
3752,streetlight,LOW,1,15,21.09,0.51,0,1,4,24,0,1
3753,other,LOW,1,18,111.39,17.64,0,1,7,72,0,0
3754,water_leakage,MEDIUM,2,36,37.46,9.02,0,0,5,24,0,1
3755,pothole,LOW,1,15,76.69,37.2,0,1,1,48,0,0
3756,drainage,HIGH,3,88,17.86,5.0,2,1,3,48,1,1
3757,streetlight,MEDIUM,2,75,22.1,10.18,5,1,4,24,0,1
3758,other,MEDIUM,2,45,59.96,54.96,1,0,7,72,0,1
3759,drainage,MEDIUM,2,56,32.04,11.79,2,1,3,48,0,1
3760,other,MEDIUM,2,35,72.98,45.47,0,1,7,72,0,0
3761,drainage,HIGH,3,100,48.31,29.96,3,1,3,48,1,1
3762,garbage,HIGH,3,55,8.0,3.62,1,1,2,72,0,0
3763,pothole,MEDIUM,2,39,27.07,23.65,1,1,1,48,0,1
3764,drainage,MEDIUM,2,40,61.39,15.34,0,0,3,48,0,1
3765,other,MEDIUM,2,38,80.74,18.87,0,1,7,72,0,1
3766,pothole,LOW,1,16,62.97,32.79,0,1,1,48,0,0
3767,other,CRITICAL,4,99,113.8,20.57,1,0,7,72,1,1
3768,other,HIGH,3,78,101.86,41.46,0,1,7,72,1,1
3769,drainage,MEDIUM,2,30,57.03,16.97,0,1,3,48,0,0
3770,drainage,HIGH,3,47,41.34,37.75,0,1,3,48,0,1
3771,streetlight,LOW,1,50,23.92,14.22,4,1,4,24,0,0
3772,other,CRITICAL,4,88,126.67,18.86,0,1,7,72,1,1
3773,other,MEDIUM,2,32,89.67,64.26,0,1,7,72,0,1
3774,drainage,HIGH,3,73,10.02,1.17,0,0,3,48,1,1
3775,garbage,LOW,1,23,37.58,32.3,0,0,2,72,0,0
3776,pothole,MEDIUM,2,34,55.7,34.15,0,1,1,48,0,0
3777,garbage,LOW,1,23,106.86,7.75,0,1,2,72,0,1
3778,other,LOW,1,24,41.59,40.11,1,1,7,72,0,0
3779,garbage,LOW,1,19,55.86,48.19,0,0,2,72,0,0
3780,other,HIGH,3,78,128.37,65.61,0,1,7,72,1,1
3781,pothole,MEDIUM,2,30,76.71,38.07,0,0,1,48,0,1
3782,other,LOW,1,59,20.59,15.72,5,0,7,72,0,1
3783,streetlight,LOW,1,20,21.3,5.46,0,1,4,24,0,1
3784,other,MEDIUM,2,37,44.94,31.61,0,1,7,72,0,1
3785,pothole,HIGH,3,55,65.31,10.03,0,1,1,48,0,1
3786,pothole,LOW,1,54,84.02,32.25,4,0,1,48,0,0
3787,pothole,CRITICAL,4,91,65.64,27.52,0,1,1,48,1,1
3788,pothole,LOW,1,45,51.31,13.48,3,1,1,48,0,1
3789,water_leakage,LOW,1,15,30.92,23.68,0,1,5,24,0,1
3790,pothole,MEDIUM,2,39,27.5,22.52,1,1,1,48,0,1
3791,pothole,MEDIUM,2,36,17.1,3.12,0,1,1,48,0,1
3792,water_leakage,HIGH,3,80,12.66,11.17,0,1,5,24,1,1
3793,streetlight,LOW,1,20,31.63,20.18,0,0,4,24,0,0
3794,other,LOW,1,24,48.45,45.81,1,1,7,72,0,1
3795,pothole,HIGH,3,100,82.5,37.52,4,1,1,48,1,1
3796,garbage,MEDIUM,2,36,70.33,63.92,0,1,2,72,0,0
3797,other,LOW,1,21,123.49,38.3,0,1,7,72,0,1
3798,drainage,MEDIUM,2,37,35.71,32.09,0,1,3,48,0,0
3799,drainage,LOW,1,16,19.95,15.3,0,1,3,48,0,0
3800,drainage,HIGH,3,70,49.69,23.08,0,0,3,48,1,1
3801,pothole,MEDIUM,2,31,23.27,18.6,0,0,1,48,0,1
3802,other,LOW,1,16,49.15,3.36,0,1,7,72,0,1
3803,pothole,HIGH,3,45,75.81,3.65,0,0,1,48,0,1
3804,drainage,LOW,1,21,54.48,18.2,0,0,3,48,0,1
3805,garbage,MEDIUM,2,57,97.6,66.59,3,1,2,72,0,1
3806,pothole,CRITICAL,4,81,69.72,9.52,2,1,1,48,0,1
3807,drainage,HIGH,3,46,30.6,12.55,0,0,3,48,0,1
3808,streetlight,MEDIUM,2,38,5.95,2.95,0,0,4,24,0,1
3809,water_leakage,MEDIUM,2,37,11.54,1.45,0,1,5,24,0,0
3810,garbage,MEDIUM,2,47,68.74,36.78,1,1,2,72,0,1
3811,other,MEDIUM,2,39,2.78,2.2,0,0,7,72,0,0
3812,streetlight,MEDIUM,2,34,39.18,0.8,0,0,4,24,0,1
3813,pothole,LOW,1,22,70.52,30.16,0,0,1,48,0,0
3814,pothole,LOW,1,49,36.29,29.41,3,1,1,48,0,0
3815,other,LOW,1,21,105.14,42.76,0,0,7,72,0,1
3816,drainage,LOW,1,28,72.17,47.09,1,1,3,48,0,0
3817,garbage,MEDIUM,2,31,21.84,0.17,0,1,2,72,0,0
3818,streetlight,LOW,1,28,13.22,7.67,1,1,4,24,0,0
3819,garbage,LOW,1,17,15.23,6.24,0,0,2,72,0,1
3820,other,MEDIUM,2,62,63.04,5.74,4,1,7,72,0,1
3821,pothole,MEDIUM,2,48,83.46,4.97,1,1,1,48,0,1
3822,streetlight,MEDIUM,2,39,3.24,2.39,0,0,4,24,0,1
3823,drainage,LOW,1,26,79.57,13.84,1,1,3,48,0,1
3824,drainage,HIGH,3,88,68.01,42.58,2,0,3,48,1,1
3825,streetlight,MEDIUM,2,40,37.13,15.8,0,1,4,24,0,1
3826,garbage,MEDIUM,2,31,42.21,11.56,0,1,2,72,0,0
3827,drainage,MEDIUM,2,77,11.22,8.18,5,1,3,48,0,0
3828,other,HIGH,3,100,102.44,19.99,3,1,7,72,1,1
3829,streetlight,LOW,1,16,12.99,5.21,0,1,4,24,0,0
3830,water_leakage,HIGH,3,74,10.42,7.9,0,1,5,24,1,0
3831,streetlight,LOW,1,25,31.61,18.47,0,1,4,24,0,0
3832,other,LOW,1,25,64.42,46.48,0,0,7,72,0,0
3833,other,MEDIUM,2,32,0.61,0.29,0,0,7,72,0,1
3834,garbage,LOW,1,23,12.29,1.06,1,1,2,72,0,0
3835,garbage,HIGH,3,51,52.64,30.1,0,1,2,72,0,1
3836,garbage,MEDIUM,2,39,46.73,33.6,0,1,2,72,0,0
3837,drainage,MEDIUM,2,47,35.41,14.25,2,1,3,48,0,0
3838,pothole,HIGH,3,45,16.32,16.21,0,1,1,48,0,1
3839,garbage,MEDIUM,2,36,100.66,38.0,0,1,2,72,0,0
3840,water_leakage,LOW,1,32,1.58,1.27,1,1,5,24,0,0
3841,water_leakage,LOW,1,30,21.8,12.95,1,1,5,24,0,0
3842,water_leakage,MEDIUM,2,45,17.68,12.1,1,1,5,24,0,0
3843,other,HIGH,3,80,105.24,28.44,0,1,7,72,1,1
3844,water_leakage,MEDIUM,2,39,21.69,9.69,0,1,5,24,0,1
3845,pothole,LOW,1,17,28.84,3.82,0,0,1,48,0,1
3846,garbage,LOW,1,28,16.2,12.04,1,1,2,72,0,1
3847,drainage,CRITICAL,4,91,19.24,0.19,3,1,3,48,0,1
3848,drainage,HIGH,3,80,3.39,1.29,0,1,3,48,1,1
3849,streetlight,MEDIUM,2,37,20.68,2.53,0,1,4,24,0,0
3850,water_leakage,MEDIUM,2,33,1.07,0.77,0,1,5,24,0,0
3851,streetlight,MEDIUM,2,34,9.02,1.23,0,0,4,24,0,1
3852,water_leakage,CRITICAL,4,100,30.12,3.82,3,1,5,24,1,1
3853,garbage,LOW,1,22,97.32,14.97,0,1,2,72,0,0
3854,other,MEDIUM,2,48,114.74,0.5,1,1,7,72,0,1
3855,pothole,LOW,1,18,38.51,10.29,0,1,1,48,0,0
3856,other,MEDIUM,2,40,114.99,37.05,0,1,7,72,0,0
3857,pothole,LOW,1,30,55.79,42.76,1,0,1,48,0,1
3858,pothole,MEDIUM,2,40,69.2,30.8,0,1,1,48,0,1
3859,streetlight,MEDIUM,2,66,16.66,0.28,4,1,4,24,0,1
3860,other,MEDIUM,2,40,39.2,32.61,0,1,7,72,0,0
3861,garbage,MEDIUM,2,32,86.67,31.33,0,0,2,72,0,1
3862,streetlight,LOW,1,24,41.89,23.24,0,1,4,24,0,1
3863,other,CRITICAL,4,100,68.19,37.92,1,1,7,72,1,1
3864,water_leakage,MEDIUM,2,47,39.58,16.13,2,1,5,24,0,1
3865,pothole,LOW,1,29,8.17,4.17,1,1,1,48,0,0
3866,drainage,HIGH,3,80,58.83,34.92,0,0,3,48,1,1
3867,other,MEDIUM,2,36,4.77,3.08,0,0,7,72,0,1
3868,drainage,HIGH,3,79,49.85,25.53,0,1,3,48,1,1
3869,other,LOW,1,17,68.39,12.67,0,1,7,72,0,1
3870,drainage,MEDIUM,2,47,65.61,11.62,1,0,3,48,0,1
3871,streetlight,LOW,1,42,26.08,14.76,3,0,4,24,0,1
3872,drainage,LOW,1,20,64.29,19.91,0,1,3,48,0,1
3873,streetlight,LOW,1,15,21.19,0.66,0,1,4,24,0,0
3874,other,HIGH,3,55,60.62,12.37,1,0,7,72,0,1
3875,streetlight,MEDIUM,2,49,19.92,14.34,2,0,4,24,0,1
3876,water_leakage,MEDIUM,2,30,24.38,14.36,0,1,5,24,0,0
3877,water_leakage,LOW,1,15,26.06,7.26,0,1,5,24,0,0
3878,garbage,CRITICAL,4,68,96.67,29.76,0,1,2,72,0,1
3879,other,MEDIUM,2,42,86.12,37.02,1,1,7,72,0,1
3880,streetlight,HIGH,3,76,33.99,14.79,0,0,4,24,1,1
3881,other,MEDIUM,2,37,47.4,45.01,0,0,7,72,0,0
3882,other,LOW,1,18,56.42,32.42,0,1,7,72,0,0
3883,garbage,MEDIUM,2,43,99.55,63.52,1,1,2,72,0,1
3884,water_leakage,LOW,1,42,14.33,6.26,3,0,5,24,0,1
3885,drainage,MEDIUM,2,57,38.24,22.69,3,1,3,48,0,0
3886,drainage,LOW,1,40,22.81,0.99,2,1,3,48,0,1
3887,pothole,MEDIUM,2,39,64.53,2.77,0,1,1,48,0,1
3888,other,MEDIUM,2,41,50.97,31.0,1,0,7,72,0,1
3889,garbage,MEDIUM,2,31,68.48,40.74,0,0,2,72,0,1
3890,streetlight,LOW,1,18,10.16,4.59,0,1,4,24,0,0
3891,drainage,MEDIUM,2,54,25.12,10.73,3,1,3,48,0,1
3892,streetlight,LOW,1,40,11.93,5.13,3,0,4,24,0,1
3893,garbage,LOW,1,33,105.3,3.19,1,1,2,72,0,1
3894,drainage,CRITICAL,4,94,47.63,19.47,0,1,3,48,1,1
3895,pothole,LOW,1,18,71.59,5.89,0,0,1,48,0,1
3896,water_leakage,MEDIUM,2,35,30.89,9.63,0,0,5,24,0,1
3897,pothole,HIGH,3,53,2.24,1.31,1,1,1,48,0,1
3898,pothole,LOW,1,39,73.92,38.91,2,0,1,48,0,1
3899,drainage,MEDIUM,2,55,33.24,30.4,2,1,3,48,0,1
3900,water_leakage,LOW,1,28,39.46,15.01,1,0,5,24,0,1
3901,water_leakage,LOW,1,21,35.12,19.45,0,1,5,24,0,0
3902,pothole,MEDIUM,2,40,68.68,23.64,0,1,1,48,0,1
3903,garbage,MEDIUM,2,54,26.44,4.31,2,1,2,72,0,0
3904,drainage,LOW,1,32,79.35,33.7,1,0,3,48,0,1
3905,garbage,LOW,1,24,25.23,14.55,0,0,2,72,0,0
3906,drainage,LOW,1,16,4.51,4.47,0,1,3,48,0,0
3907,streetlight,MEDIUM,2,38,22.56,7.87,0,1,4,24,0,1
3908,streetlight,LOW,1,57,29.83,21.51,5,1,4,24,0,0
3909,other,LOW,1,56,7.72,3.0,5,1,7,72,0,0
3910,streetlight,MEDIUM,2,31,7.26,0.86,0,1,4,24,0,0
3911,pothole,MEDIUM,2,48,11.38,7.61,1,0,1,48,0,1
3912,water_leakage,HIGH,3,77,8.45,1.54,0,1,5,24,1,1
3913,garbage,LOW,1,28,102.13,15.92,1,1,2,72,0,0
3914,water_leakage,MEDIUM,2,46,21.81,13.2,2,0,5,24,0,1
3915,other,MEDIUM,2,50,13.96,10.65,2,0,7,72,0,1
3916,drainage,LOW,1,31,5.62,4.24,2,1,3,48,0,0
3917,streetlight,HIGH,3,92,33.52,22.59,2,1,4,24,1,1
3918,water_leakage,MEDIUM,2,38,29.89,11.99,0,0,5,24,0,1
3919,drainage,MEDIUM,2,52,28.14,7.89,2,0,3,48,0,1
3920,other,HIGH,3,76,95.93,59.66,3,0,7,72,0,1
3921,streetlight,MEDIUM,2,43,24.08,16.42,1,1,4,24,0,1
3922,pothole,MEDIUM,2,39,12.24,12.03,0,0,1,48,0,0
3923,drainage,MEDIUM,2,40,39.25,33.73,1,1,3,48,0,1
3924,garbage,MEDIUM,2,31,81.27,20.71,0,1,2,72,0,0
3925,drainage,LOW,1,55,8.27,7.76,4,1,3,48,0,0
3926,streetlight,LOW,1,24,42.73,16.14,0,1,4,24,0,0
3927,garbage,CRITICAL,4,94,124.67,27.89,1,1,2,72,1,1
3928,streetlight,LOW,1,24,31.07,9.58,0,0,4,24,0,1
3929,drainage,HIGH,3,76,34.56,18.95,3,1,3,48,0,1
3930,pothole,MEDIUM,2,42,32.7,27.44,1,1,1,48,0,1
3931,pothole,HIGH,3,50,71.01,23.87,0,0,1,48,0,1
3932,garbage,CRITICAL,4,98,44.09,15.06,1,1,2,72,1,1
3933,water_leakage,HIGH,3,70,13.34,5.21,0,0,5,24,1,1
3934,garbage,LOW,1,16,46.65,34.16,0,0,2,72,0,1
3935,pothole,MEDIUM,2,39,32.09,13.28,0,1,1,48,0,1
3936,other,LOW,1,24,19.37,14.05,1,0,7,72,0,0
3937,water_leakage,LOW,1,27,11.15,8.3,1,1,5,24,0,0
3938,other,HIGH,3,97,36.42,1.13,3,1,7,72,1,1
3939,garbage,MEDIUM,2,32,82.32,63.07,0,1,2,72,0,0
3940,drainage,LOW,1,18,12.84,11.91,0,1,3,48,0,1
3941,streetlight,MEDIUM,2,39,24.44,16.35,1,0,4,24,0,1
3942,pothole,HIGH,3,77,48.98,7.23,0,1,1,48,1,1
3943,water_leakage,HIGH,3,74,18.8,4.08,0,1,5,24,1,1
3944,drainage,HIGH,3,73,36.03,27.64,0,1,3,48,1,1
3945,streetlight,HIGH,3,83,6.44,2.0,1,0,4,24,1,1
3946,streetlight,CRITICAL,4,64,29.36,18.17,0,1,4,24,0,1
3947,garbage,MEDIUM,2,34,68.33,34.9,0,0,2,72,0,1
3948,streetlight,MEDIUM,2,37,39.53,17.01,0,1,4,24,0,1
3949,other,MEDIUM,2,45,64.87,5.13,1,0,7,72,0,1
3950,pothole,MEDIUM,2,33,70.98,34.41,0,1,1,48,0,1
3951,other,LOW,1,16,16.64,10.93,0,1,7,72,0,0
3952,drainage,LOW,1,35,54.91,5.85,2,0,3,48,0,1
3953,water_leakage,HIGH,3,73,25.81,22.35,0,1,5,24,1,1
3954,water_leakage,HIGH,3,73,36.73,2.32,0,1,5,24,1,1
3955,water_leakage,CRITICAL,4,93,7.11,3.07,1,0,5,24,1,1
3956,other,LOW,1,23,38.17,22.89,0,1,7,72,0,0
3957,water_leakage,MEDIUM,2,37,27.08,17.61,0,0,5,24,0,1
3958,pothole,CRITICAL,4,92,86.05,38.83,0,1,1,48,1,1
3959,garbage,MEDIUM,2,39,126.7,15.81,0,1,2,72,0,0
3960,garbage,LOW,1,39,20.76,3.87,2,1,2,72,0,1
3961,streetlight,LOW,1,63,19.46,13.35,5,1,4,24,0,1
3962,streetlight,MEDIUM,2,53,13.38,6.31,2,0,4,24,0,1
3963,streetlight,MEDIUM,2,40,37.14,23.57,0,0,4,24,0,0
3964,streetlight,CRITICAL,4,62,6.02,5.14,0,0,4,24,0,1
3965,other,MEDIUM,2,36,15.67,12.99,0,1,7,72,0,0
3966,water_leakage,LOW,1,18,24.0,6.28,0,1,5,24,0,0
3967,garbage,HIGH,3,54,117.46,51.98,0,1,2,72,0,1
3968,pothole,HIGH,3,73,34.64,33.48,0,0,1,48,1,1
3969,garbage,LOW,1,19,118.47,14.8,0,1,2,72,0,0
3970,water_leakage,LOW,1,60,41.76,15.79,5,1,5,24,0,1
3971,drainage,LOW,1,16,2.51,0.98,0,1,3,48,0,0
3972,other,LOW,1,25,72.46,52.26,0,1,7,72,0,0
3973,pothole,LOW,1,23,35.49,12.0,0,1,1,48,0,0
3974,other,MEDIUM,2,41,120.79,12.02,1,1,7,72,0,0
3975,garbage,HIGH,3,76,53.15,48.35,0,1,2,72,1,1
3976,water_leakage,MEDIUM,2,31,21.09,11.98,0,1,5,24,0,1
3977,drainage,LOW,1,23,22.19,13.22,0,0,3,48,0,1
3978,water_leakage,MEDIUM,2,41,34.54,4.3,1,1,5,24,0,1
3979,water_leakage,LOW,1,15,35.05,20.39,0,1,5,24,0,1
3980,pothole,LOW,1,49,9.18,2.83,4,1,1,48,0,0
3981,streetlight,CRITICAL,4,61,21.57,3.37,0,1,4,24,0,1
3982,other,MEDIUM,2,34,51.03,40.84,0,1,7,72,0,0
3983,other,MEDIUM,2,47,40.42,25.42,2,1,7,72,0,1
3984,streetlight,LOW,1,21,28.58,0.64,0,1,4,24,0,1
3985,garbage,MEDIUM,2,40,23.52,0.86,1,0,2,72,0,0
3986,streetlight,LOW,1,21,13.2,8.9,0,1,4,24,0,0
3987,streetlight,CRITICAL,4,78,38.7,21.87,1,1,4,24,0,1
3988,other,MEDIUM,2,31,25.33,19.46,0,0,7,72,0,0
3989,drainage,MEDIUM,2,40,8.28,7.99,1,0,3,48,0,0
3990,streetlight,LOW,1,23,41.75,10.18,0,1,4,24,0,0
3991,other,MEDIUM,2,47,97.76,2.52,1,1,7,72,0,1
3992,drainage,MEDIUM,2,55,85.22,22.98,2,1,3,48,0,1
3993,garbage,CRITICAL,4,87,118.69,71.49,0,0,2,72,1,1
3994,garbage,MEDIUM,2,51,108.82,47.37,2,1,2,72,0,1
3995,drainage,MEDIUM,2,39,44.78,29.37,0,1,3,48,0,1
3996,streetlight,MEDIUM,2,53,15.07,12.69,2,0,4,24,0,0
3997,drainage,MEDIUM,2,37,61.94,6.23,0,1,3,48,0,1
3998,water_leakage,MEDIUM,2,52,24.16,6.55,2,1,5,24,0,1
3999,garbage,MEDIUM,2,35,33.53,29.42,0,1,2,72,0,1
4000,pothole,HIGH,3,50,41.65,0.3,0,0,1,48,0,1
4001,water_leakage,LOW,1,23,31.17,2.9,0,1,5,24,0,1
4002,drainage,HIGH,3,46,2.52,0.56,0,1,3,48,0,1
4003,other,HIGH,3,78,28.31,22.95,1,1,7,72,1,1
4004,garbage,MEDIUM,2,33,66.94,58.2,0,1,2,72,0,1
4005,drainage,HIGH,3,51,40.37,26.15,0,1,3,48,0,0
4006,other,LOW,1,24,28.31,24.26,0,1,7,72,0,0
4007,drainage,LOW,1,27,51.38,37.56,1,1,3,48,0,0
4008,pothole,LOW,1,23,7.67,1.37,0,0,1,48,0,1
4009,water_leakage,LOW,1,22,16.92,16.53,0,1,5,24,0,0
4010,streetlight,LOW,1,35,8.48,2.0,2,1,4,24,0,1
4011,drainage,MEDIUM,2,57,56.62,12.94,3,1,3,48,0,0
4012,pothole,CRITICAL,4,95,78.74,32.1,1,1,1,48,1,1
4013,pothole,MEDIUM,2,37,74.37,22.58,0,1,1,48,0,1
4014,other,MEDIUM,2,36,122.13,67.78,0,0,7,72,0,1
4015,garbage,MEDIUM,2,39,16.51,8.12,0,1,2,72,0,0
4016,drainage,CRITICAL,4,93,8.85,6.52,0,1,3,48,1,1
4017,drainage,HIGH,3,76,43.63,42.73,0,0,3,48,1,1
4018,drainage,LOW,1,22,2.59,1.11,0,0,3,48,0,0
4019,water_leakage,MEDIUM,2,30,13.02,6.91,0,1,5,24,0,1
4020,water_leakage,HIGH,3,100,15.17,3.23,3,1,5,24,1,1
4021,drainage,HIGH,3,77,53.58,23.0,0,1,3,48,1,1
4022,water_leakage,LOW,1,56,28.65,9.36,5,0,5,24,0,1
4023,other,MEDIUM,2,34,96.7,36.19,0,0,7,72,0,1
4024,water_leakage,MEDIUM,2,41,24.73,7.57,1,0,5,24,0,0
4025,other,LOW,1,20,81.17,26.77,0,1,7,72,0,1
4026,water_leakage,MEDIUM,2,40,2.34,1.74,0,1,5,24,0,1
4027,garbage,MEDIUM,2,39,77.52,44.82,0,0,2,72,0,1
4028,garbage,HIGH,3,45,46.42,44.77,0,1,2,72,0,1
4029,other,MEDIUM,2,40,104.1,19.81,1,0,7,72,0,1
4030,garbage,HIGH,3,100,3.34,0.49,4,1,2,72,1,0
4031,drainage,LOW,1,23,25.25,5.06,1,1,3,48,0,0
4032,other,HIGH,3,69,120.95,9.09,3,1,7,72,0,1
4033,pothole,HIGH,3,85,29.95,15.89,1,0,1,48,1,1
4034,streetlight,MEDIUM,2,34,38.23,14.09,0,1,4,24,0,0
4035,drainage,MEDIUM,2,38,28.29,14.89,0,1,3,48,0,1
4036,garbage,HIGH,3,54,24.34,12.54,0,1,2,72,0,1
4037,pothole,MEDIUM,2,46,15.96,5.78,1,1,1,48,0,0
4038,other,MEDIUM,2,38,43.62,14.76,0,0,7,72,0,1
4039,streetlight,MEDIUM,2,54,36.82,14.89,2,0,4,24,0,1
4040,pothole,MEDIUM,2,42,29.25,24.12,1,1,1,48,0,0
4041,pothole,HIGH,3,76,73.03,35.38,0,0,1,48,1,1
4042,pothole,LOW,1,36,28.72,12.74,2,1,1,48,0,1
4043,drainage,MEDIUM,2,38,69.11,44.84,0,1,3,48,0,1
4044,pothole,MEDIUM,2,34,61.5,31.87,0,1,1,48,0,1
4045,streetlight,MEDIUM,2,34,40.34,6.52,0,0,4,24,0,1
4046,pothole,LOW,1,18,44.44,6.59,0,1,1,48,0,1
4047,streetlight,MEDIUM,2,35,0.74,0.05,0,1,4,24,0,0
4048,drainage,MEDIUM,2,31,26.83,18.46,0,1,3,48,0,1
4049,garbage,LOW,1,25,73.05,56.74,1,1,2,72,0,1
4050,water_leakage,LOW,1,27,38.95,22.32,1,1,5,24,0,0
4051,pothole,MEDIUM,2,40,10.71,1.66,1,0,1,48,0,0
4052,streetlight,MEDIUM,2,56,34.79,22.61,2,1,4,24,0,1
4053,pothole,MEDIUM,2,35,80.26,39.32,0,0,1,48,0,1
4054,garbage,HIGH,3,47,45.77,28.49,0,1,2,72,0,0
4055,streetlight,CRITICAL,4,67,41.31,15.93,0,1,4,24,0,1
4056,streetlight,MEDIUM,2,42,2.33,1.91,1,1,4,24,0,0
4057,other,MEDIUM,2,39,3.88,1.62,1,0,7,72,0,1
4058,drainage,HIGH,3,60,58.79,26.84,1,0,3,48,0,1
4059,garbage,MEDIUM,2,57,49.73,2.3,3,1,2,72,0,0
4060,other,MEDIUM,2,70,4.67,2.69,4,1,7,72,0,0
4061,other,MEDIUM,2,33,126.95,2.41,0,1,7,72,0,1
4062,pothole,LOW,1,15,72.68,8.31,0,0,1,48,0,1
4063,garbage,MEDIUM,2,61,95.07,50.95,3,1,2,72,0,1
4064,garbage,HIGH,3,80,86.27,64.04,0,1,2,72,1,0
4065,pothole,MEDIUM,2,38,53.13,25.35,0,1,1,48,0,1
4066,streetlight,HIGH,3,61,18.67,4.64,2,1,4,24,0,1
4067,drainage,MEDIUM,2,42,8.01,2.35,1,1,3,48,0,0
4068,garbage,MEDIUM,2,38,53.53,14.71,0,1,2,72,0,1
4069,other,HIGH,3,80,98.71,43.15,0,0,7,72,1,1
4070,pothole,MEDIUM,2,55,47.49,21.07,2,0,1,48,0,1
4071,streetlight,MEDIUM,2,63,28.67,7.34,3,1,4,24,0,1
4072,water_leakage,MEDIUM,2,36,14.47,1.33,0,1,5,24,0,1
4073,garbage,LOW,1,32,36.18,34.06,1,1,2,72,0,0
4074,water_leakage,CRITICAL,4,100,34.78,6.44,4,1,5,24,1,1
4075,pothole,MEDIUM,2,33,46.46,39.02,0,1,1,48,0,1
4076,other,MEDIUM,2,32,114.18,9.82,0,1,7,72,0,0
4077,garbage,MEDIUM,2,44,29.86,21.11,1,0,2,72,0,1
4078,pothole,LOW,1,28,35.74,32.88,1,1,1,48,0,0
4079,garbage,LOW,1,20,34.41,11.34,0,1,2,72,0,0
4080,streetlight,MEDIUM,2,45,28.15,15.99,1,1,4,24,0,1
4081,water_leakage,MEDIUM,2,36,2.34,0.82,0,1,5,24,0,0
4082,streetlight,MEDIUM,2,44,11.28,2.88,1,0,4,24,0,0
4083,garbage,MEDIUM,2,66,47.65,5.12,4,1,2,72,0,0
4084,garbage,LOW,1,27,37.82,3.32,1,1,2,72,0,0
4085,pothole,HIGH,3,78,11.86,2.96,0,1,1,48,1,1
4086,other,LOW,1,23,44.11,16.5,0,0,7,72,0,1
4087,water_leakage,LOW,1,24,11.37,2.13,0,0,5,24,0,1
4088,streetlight,HIGH,3,70,17.74,17.66,0,1,4,24,1,1
4089,garbage,LOW,1,23,71.02,0.11,0,1,2,72,0,0
4090,pothole,MEDIUM,2,38,42.43,1.62,0,1,1,48,0,1
4091,streetlight,HIGH,3,79,28.27,20.0,0,1,4,24,1,1
4092,drainage,HIGH,3,71,40.87,28.75,0,1,3,48,1,1
4093,garbage,LOW,1,15,127.02,59.16,0,1,2,72,0,0
4094,streetlight,MEDIUM,2,30,32.05,8.79,0,1,4,24,0,1
4095,garbage,HIGH,3,73,126.8,7.83,0,1,2,72,1,1
4096,pothole,LOW,1,16,38.62,37.33,0,0,1,48,0,1
4097,streetlight,LOW,1,15,34.55,4.31,0,1,4,24,0,1
4098,garbage,MEDIUM,2,32,117.2,69.7,0,0,2,72,0,1
4099,drainage,LOW,1,18,12.94,5.91,0,0,3,48,0,1
4100,streetlight,MEDIUM,2,35,6.22,4.5,0,0,4,24,0,0
4101,other,HIGH,3,46,71.26,2.97,0,1,7,72,0,0
4102,pothole,MEDIUM,2,48,7.89,3.02,2,1,1,48,0,0
4103,drainage,HIGH,3,83,16.21,13.02,1,1,3,48,1,1
4104,drainage,MEDIUM,2,53,60.55,46.48,2,1,3,48,0,0
4105,streetlight,MEDIUM,2,40,8.14,7.0,1,0,4,24,0,1
4106,streetlight,MEDIUM,2,35,17.81,9.41,0,1,4,24,0,0
4107,water_leakage,LOW,1,32,31.14,7.31,2,1,5,24,0,1
4108,drainage,MEDIUM,2,34,2.83,0.9,0,0,3,48,0,1
4109,drainage,MEDIUM,2,45,19.38,8.07,1,0,3,48,0,1
4110,drainage,MEDIUM,2,38,16.72,11.71,0,1,3,48,0,0
4111,pothole,MEDIUM,2,64,85.61,11.2,3,0,1,48,0,1
4112,streetlight,LOW,1,20,41.76,6.47,0,1,4,24,0,0
4113,water_leakage,LOW,1,25,38.82,20.03,0,0,5,24,0,0
4114,other,MEDIUM,2,31,58.2,48.92,0,1,7,72,0,1
4115,water_leakage,MEDIUM,2,39,1.59,0.96,0,1,5,24,0,1
4116,other,LOW,1,16,7.41,2.57,0,1,7,72,0,0
4117,water_leakage,HIGH,3,51,8.17,5.86,0,1,5,24,0,1
4118,streetlight,LOW,1,28,26.01,19.6,1,0,4,24,0,1
4119,other,LOW,1,24,128.66,25.56,0,1,7,72,0,1
4120,drainage,MEDIUM,2,70,57.37,40.92,5,1,3,48,0,1
4121,streetlight,LOW,1,33,0.53,0.29,1,1,4,24,0,0
4122,garbage,MEDIUM,2,40,75.29,58.95,0,1,2,72,0,1
4123,other,HIGH,3,45,8.41,4.72,0,1,7,72,0,0
4124,garbage,MEDIUM,2,30,0.42,0.27,0,1,2,72,0,0
4125,pothole,MEDIUM,2,76,4.23,3.69,5,1,1,48,0,0
4126,water_leakage,LOW,1,30,40.14,19.25,1,1,5,24,0,0
4127,streetlight,HIGH,3,71,3.66,2.45,0,1,4,24,1,1
4128,drainage,MEDIUM,2,54,56.68,35.29,3,1,3,48,0,0
4129,streetlight,LOW,1,25,13.73,8.17,0,1,4,24,0,1
4130,water_leakage,HIGH,3,66,6.45,2.28,2,1,5,24,0,1
4131,other,HIGH,3,62,121.01,47.73,1,1,7,72,0,1
4132,pothole,LOW,1,31,30.84,13.09,1,1,1,48,0,1
4133,streetlight,LOW,1,30,23.39,12.89,1,1,4,24,0,1
4134,streetlight,CRITICAL,4,69,12.19,5.5,0,1,4,24,0,1
4135,drainage,MEDIUM,2,39,26.52,14.24,0,1,3,48,0,1
4136,pothole,LOW,1,21,12.49,0.45,0,0,1,48,0,0
4137,streetlight,MEDIUM,2,39,5.32,2.03,0,1,4,24,0,0
4138,water_leakage,MEDIUM,2,33,9.11,2.18,0,1,5,24,0,0
4139,streetlight,MEDIUM,2,37,1.71,1.1,0,1,4,24,0,0
4140,garbage,LOW,1,25,42.96,18.19,0,0,2,72,0,1
4141,water_leakage,CRITICAL,4,95,10.95,5.52,0,1,5,24,1,1
4142,drainage,MEDIUM,2,64,10.56,2.44,4,1,3,48,0,0
4143,pothole,MEDIUM,2,57,39.75,17.15,3,0,1,48,0,1
4144,drainage,MEDIUM,2,46,70.08,21.09,2,1,3,48,0,1
4145,streetlight,MEDIUM,2,50,21.38,10.32,2,0,4,24,0,1
4146,garbage,MEDIUM,2,31,27.43,17.58,0,0,2,72,0,1
4147,drainage,MEDIUM,2,46,2.74,1.61,2,1,3,48,0,0
4148,water_leakage,LOW,1,33,34.01,9.13,1,1,5,24,0,1
4149,streetlight,LOW,1,21,26.43,4.73,0,1,4,24,0,0
4150,streetlight,CRITICAL,4,63,34.84,12.89,0,1,4,24,0,1
4151,water_leakage,MEDIUM,2,30,11.78,9.44,0,1,5,24,0,1
4152,streetlight,HIGH,3,71,25.62,6.25,0,0,4,24,1,1
4153,pothole,LOW,1,21,45.32,3.22,0,1,1,48,0,0
4154,water_leakage,MEDIUM,2,49,9.25,1.44,2,1,5,24,0,1
4155,drainage,LOW,1,28,26.5,13.32,1,0,3,48,0,0
4156,pothole,HIGH,3,51,25.88,9.56,0,0,1,48,0,1
4157,other,LOW,1,21,24.28,20.21,0,1,7,72,0,0
4158,pothole,HIGH,3,72,83.07,39.87,0,0,1,48,1,1
4159,garbage,MEDIUM,2,40,0.51,0.43,0,1,2,72,0,0
4160,drainage,MEDIUM,2,50,78.89,44.08,2,1,3,48,0,1
4161,pothole,MEDIUM,2,46,4.37,0.22,1,1,1,48,0,0
4162,pothole,LOW,1,17,49.95,37.14,0,0,1,48,0,1
4163,other,HIGH,3,76,11.07,1.96,3,0,7,72,0,1
4164,pothole,MEDIUM,2,31,3.59,2.18,0,1,1,48,0,0
4165,drainage,LOW,1,15,16.57,11.17,0,1,3,48,0,1
4166,drainage,CRITICAL,4,65,51.61,44.21,0,1,3,48,0,1
4167,streetlight,MEDIUM,2,30,4.27,1.59,0,0,4,24,0,0
4168,garbage,MEDIUM,2,31,39.4,7.02,0,1,2,72,0,0
4169,pothole,MEDIUM,2,42,13.83,8.06,1,1,1,48,0,1
4170,pothole,HIGH,3,54,18.7,9.6,0,1,1,48,0,1
4171,pothole,LOW,1,17,14.55,4.68,0,0,1,48,0,0
4172,pothole,LOW,1,25,26.09,1.12,0,1,1,48,0,1
4173,drainage,MEDIUM,2,39,84.65,24.65,0,1,3,48,0,1
4174,pothole,MEDIUM,2,48,12.69,2.37,1,0,1,48,0,1
4175,other,LOW,1,25,78.62,7.33,0,1,7,72,0,0
4176,drainage,LOW,1,24,12.92,1.47,1,1,3,48,0,1
4177,water_leakage,LOW,1,17,5.94,0.61,0,1,5,24,0,0
4178,garbage,LOW,1,49,70.39,65.75,4,1,2,72,0,0
4179,other,HIGH,3,72,51.13,48.2,0,0,7,72,1,1
4180,garbage,LOW,1,39,121.47,69.66,2,0,2,72,0,1
4181,pothole,HIGH,3,63,40.96,1.21,1,1,1,48,0,0
4182,other,MEDIUM,2,44,97.37,35.53,1,1,7,72,0,0
4183,drainage,LOW,1,33,46.58,40.82,2,1,3,48,0,1
4184,streetlight,MEDIUM,2,41,7.71,2.25,1,0,4,24,0,0
4185,drainage,HIGH,3,63,1.61,1.09,2,1,3,48,0,1
4186,streetlight,HIGH,3,80,5.94,1.64,0,0,4,24,1,0
4187,water_leakage,MEDIUM,2,49,25.64,11.65,2,1,5,24,0,1
4188,drainage,MEDIUM,2,54,18.97,12.47,2,0,3,48,0,1
4189,streetlight,MEDIUM,2,48,41.91,15.04,1,1,4,24,0,1
4190,pothole,MEDIUM,2,33,85.0,44.09,0,1,1,48,0,1
4191,streetlight,HIGH,3,79,9.98,5.2,1,1,4,24,1,1
4192,other,MEDIUM,2,37,24.25,1.96,0,0,7,72,0,0
4193,drainage,LOW,1,28,40.55,34.65,1,1,3,48,0,1
4194,water_leakage,MEDIUM,2,39,33.45,7.14,0,1,5,24,0,0
4195,streetlight,LOW,1,17,14.97,5.66,0,1,4,24,0,0
4196,garbage,MEDIUM,2,34,1.49,0.48,0,0,2,72,0,0
4197,other,MEDIUM,2,31,96.97,11.73,0,1,7,72,0,1
4198,garbage,MEDIUM,2,36,96.23,44.09,0,0,2,72,0,1
4199,other,MEDIUM,2,60,119.33,50.69,3,0,7,72,0,1
4200,drainage,LOW,1,44,19.91,17.13,3,0,3,48,0,0
4201,pothole,CRITICAL,4,62,28.96,0.88,0,0,1,48,0,1
4202,drainage,LOW,1,15,74.84,23.37,0,1,3,48,0,0
4203,garbage,HIGH,3,79,107.06,12.42,1,1,2,72,1,1
4204,water_leakage,HIGH,3,77,28.25,13.68,0,1,5,24,1,1
4205,other,LOW,1,20,18.02,14.79,0,0,7,72,0,0
4206,streetlight,LOW,1,24,37.01,21.39,0,0,4,24,0,0
4207,garbage,LOW,1,57,128.05,64.63,5,1,2,72,0,0
4208,pothole,HIGH,3,77,63.25,16.05,4,1,1,48,0,1
4209,water_leakage,LOW,1,20,34.61,5.84,0,1,5,24,0,0
4210,other,LOW,1,19,5.77,0.39,0,0,7,72,0,1
4211,pothole,MEDIUM,2,38,11.64,3.05,0,1,1,48,0,0
4212,streetlight,MEDIUM,2,39,27.32,4.41,0,1,4,24,0,1
4213,pothole,LOW,1,22,11.09,0.23,0,1,1,48,0,0
4214,other,LOW,1,15,39.58,4.14,0,0,7,72,0,0
4215,drainage,HIGH,3,75,0.17,0.0,0,0,3,48,1,1
4216,other,MEDIUM,2,32,39.33,1.86,0,1,7,72,0,0
4217,garbage,MEDIUM,2,45,77.34,25.73,1,1,2,72,0,1
4218,pothole,MEDIUM,2,38,68.68,3.68,0,1,1,48,0,0
4219,water_leakage,MEDIUM,2,37,23.92,20.31,0,1,5,24,0,0
4220,pothole,LOW,1,23,41.51,27.24,0,0,1,48,0,1
4221,water_leakage,LOW,1,22,19.72,12.54,0,0,5,24,0,1
4222,drainage,MEDIUM,2,46,50.71,15.32,1,1,3,48,0,0
4223,pothole,MEDIUM,2,38,68.29,39.76,0,0,1,48,0,1
4224,pothole,MEDIUM,2,38,84.2,31.55,1,1,1,48,0,1
4225,other,HIGH,3,79,45.08,21.84,0,1,7,72,1,1
4226,water_leakage,MEDIUM,2,34,10.3,4.03,0,1,5,24,0,0
4227,water_leakage,LOW,1,19,10.18,1.86,0,1,5,24,0,1
4228,streetlight,LOW,1,15,13.57,5.7,0,0,4,24,0,0
4229,other,LOW,1,33,46.02,21.11,1,0,7,72,0,0
4230,drainage,MEDIUM,2,34,30.09,10.13,0,1,3,48,0,0
4231,pothole,MEDIUM,2,37,81.14,24.78,0,1,1,48,0,0
4232,water_leakage,HIGH,3,71,23.24,18.65,3,0,5,24,0,0
4233,pothole,HIGH,3,82,2.7,0.1,1,1,1,48,1,1
4234,water_leakage,LOW,1,21,32.82,1.63,0,0,5,24,0,1
4235,streetlight,MEDIUM,2,46,21.24,14.72,2,0,4,24,0,1
4236,drainage,MEDIUM,2,32,35.33,2.89,0,1,3,48,0,0
4237,garbage,HIGH,3,76,38.96,36.9,0,1,2,72,1,1
4238,pothole,HIGH,3,75,84.64,24.1,0,0,1,48,1,1
4239,pothole,MEDIUM,2,40,56.99,10.76,1,1,1,48,0,1
4240,streetlight,MEDIUM,2,42,33.38,13.59,1,1,4,24,0,1
4241,other,LOW,1,23,27.71,21.5,0,1,7,72,0,0
4242,streetlight,MEDIUM,2,58,25.7,17.78,3,1,4,24,0,1
4243,water_leakage,LOW,1,25,20.18,5.7,0,0,5,24,0,1
4244,pothole,MEDIUM,2,34,66.34,13.84,0,0,1,48,0,1
4245,other,MEDIUM,2,39,48.16,24.57,0,1,7,72,0,1
4246,streetlight,LOW,1,25,10.62,2.57,1,0,4,24,0,1
4247,streetlight,HIGH,3,64,20.26,0.57,2,1,4,24,0,1
4248,drainage,LOW,1,19,56.11,7.43,0,1,3,48,0,1
4249,pothole,LOW,1,23,72.23,43.25,1,0,1,48,0,1
4250,garbage,MEDIUM,2,40,84.19,14.68,1,1,2,72,0,1
4251,other,LOW,1,26,21.25,18.37,1,1,7,72,0,0
4252,drainage,HIGH,3,76,48.43,32.15,0,1,3,48,1,1
4253,other,LOW,1,25,99.07,41.1,1,0,7,72,0,1
4254,other,LOW,1,20,35.67,29.5,0,1,7,72,0,0
4255,garbage,MEDIUM,2,34,16.49,10.57,0,1,2,72,0,0
4256,water_leakage,HIGH,3,78,28.38,23.22,0,0,5,24,1,1
4257,garbage,HIGH,3,79,66.25,45.95,3,1,2,72,0,1
4258,water_leakage,LOW,1,25,1.21,0.98,0,1,5,24,0,0
4259,water_leakage,MEDIUM,2,50,38.52,19.71,2,1,5,24,0,0
4260,drainage,LOW,1,19,60.8,22.72,0,0,3,48,0,1
4261,drainage,HIGH,3,76,21.19,6.49,0,0,3,48,1,1
4262,water_leakage,HIGH,3,75,16.86,9.21,0,1,5,24,1,1
4263,streetlight,MEDIUM,2,80,9.84,8.72,5,1,4,24,0,0
4264,other,HIGH,3,77,2.68,0.27,0,1,7,72,1,1
4265,drainage,LOW,1,29,84.48,35.09,1,0,3,48,0,1
4266,water_leakage,HIGH,3,87,35.18,3.39,1,0,5,24,1,1
4267,garbage,MEDIUM,2,39,121.57,57.17,1,0,2,72,0,1
4268,pothole,LOW,1,24,32.12,20.85,0,1,1,48,0,1
4269,other,MEDIUM,2,61,65.9,35.01,3,1,7,72,0,1
4270,drainage,LOW,1,27,79.89,20.51,1,1,3,48,0,0
4271,other,LOW,1,32,120.07,22.05,1,1,7,72,0,1
4272,streetlight,MEDIUM,2,45,37.84,4.16,1,1,4,24,0,1
4273,drainage,MEDIUM,2,33,74.58,38.45,0,0,3,48,0,1
4274,garbage,CRITICAL,4,95,36.27,0.86,0,1,2,72,1,1
4275,streetlight,MEDIUM,2,40,19.94,18.31,0,0,4,24,0,1
4276,pothole,LOW,1,23,79.75,16.15,0,0,1,48,0,1
4277,water_leakage,LOW,1,17,5.3,0.08,0,0,5,24,0,0
4278,water_leakage,LOW,1,28,20.6,13.39,1,1,5,24,0,1
4279,water_leakage,CRITICAL,4,100,40.93,10.62,3,1,5,24,1,1
4280,water_leakage,LOW,1,30,30.21,5.21,1,1,5,24,0,1
4281,garbage,MEDIUM,2,32,67.4,14.55,0,1,2,72,0,1
4282,drainage,LOW,1,16,1.03,0.39,0,1,3,48,0,0
4283,other,MEDIUM,2,40,123.61,50.18,0,1,7,72,0,0
4284,drainage,LOW,1,15,42.92,15.5,0,0,3,48,0,1
4285,pothole,MEDIUM,2,39,48.33,3.14,0,0,1,48,0,0
4286,pothole,MEDIUM,2,33,18.11,4.22,0,1,1,48,0,1
4287,garbage,MEDIUM,2,34,128.16,64.01,0,0,2,72,0,1
4288,pothole,HIGH,3,80,66.29,32.85,0,1,1,48,1,1
4289,other,LOW,1,22,19.36,10.53,0,1,7,72,0,1
4290,pothole,MEDIUM,2,38,54.28,4.1,0,1,1,48,0,1
4291,drainage,LOW,1,23,21.19,21.11,1,1,3,48,0,1
4292,garbage,LOW,1,30,42.49,26.37,1,1,2,72,0,0
4293,pothole,MEDIUM,2,38,38.49,23.9,0,0,1,48,0,1
4294,pothole,HIGH,3,72,74.63,42.53,0,0,1,48,1,1
4295,other,LOW,1,23,122.71,67.16,0,1,7,72,0,1
4296,other,LOW,1,15,90.81,34.89,0,1,7,72,0,0
4297,water_leakage,HIGH,3,81,13.12,0.57,1,1,5,24,1,1
4298,water_leakage,LOW,1,16,16.99,7.57,0,1,5,24,0,0
4299,pothole,LOW,1,33,59.6,1.89,1,1,1,48,0,1
4300,other,LOW,1,16,5.96,5.69,0,1,7,72,0,0
4301,streetlight,LOW,1,35,8.35,2.47,2,1,4,24,0,1
4302,other,HIGH,3,55,48.94,12.55,0,1,7,72,0,0
4303,streetlight,MEDIUM,2,43,31.79,20.76,1,1,4,24,0,1
4304,streetlight,LOW,1,21,3.26,2.45,0,1,4,24,0,0
4305,garbage,CRITICAL,4,93,37.54,3.44,0,0,2,72,1,1
4306,drainage,LOW,1,16,40.84,2.96,0,1,3,48,0,1
4307,drainage,MEDIUM,2,33,57.89,25.03,0,1,3,48,0,0
4308,streetlight,MEDIUM,2,33,11.68,0.03,0,1,4,24,0,1
4309,pothole,HIGH,3,87,72.4,17.92,1,0,1,48,1,1
4310,pothole,HIGH,3,52,66.83,45.14,0,1,1,48,0,0
4311,drainage,HIGH,3,63,10.18,3.71,2,1,3,48,0,0
4312,pothole,LOW,1,24,67.43,21.98,0,1,1,48,0,1
4313,garbage,LOW,1,24,39.52,13.45,0,0,2,72,0,1
4314,other,HIGH,3,79,113.46,24.02,0,1,7,72,1,1
4315,garbage,LOW,1,41,116.88,19.34,2,1,2,72,0,1
4316,other,LOW,1,32,76.24,23.27,1,1,7,72,0,0
4317,water_leakage,CRITICAL,4,60,19.17,13.81,0,1,5,24,0,1
4318,pothole,MEDIUM,2,37,81.1,4.77,0,0,1,48,0,1
4319,pothole,HIGH,3,90,63.35,3.81,2,1,1,48,1,1
4320,water_leakage,MEDIUM,2,54,28.53,15.29,2,1,5,24,0,0
4321,streetlight,MEDIUM,2,50,37.8,21.76,2,1,4,24,0,0
4322,other,LOW,1,17,126.0,60.0,0,0,7,72,0,1
4323,water_leakage,MEDIUM,2,33,13.29,3.64,0,1,5,24,0,0
4324,drainage,LOW,1,19,63.42,24.15,0,1,3,48,0,0
4325,garbage,LOW,1,23,20.87,4.28,0,1,2,72,0,0
4326,garbage,LOW,1,18,72.99,1.71,0,1,2,72,0,0
4327,garbage,MEDIUM,2,59,0.87,0.63,3,0,2,72,0,1
4328,streetlight,LOW,1,25,35.86,16.0,0,1,4,24,0,0
4329,streetlight,LOW,1,32,13.64,7.47,2,1,4,24,0,1
4330,other,LOW,1,46,57.05,22.86,3,1,7,72,0,0
4331,streetlight,CRITICAL,4,91,35.27,17.27,0,1,4,24,1,1
4332,drainage,LOW,1,24,43.21,31.86,0,1,3,48,0,1
4333,drainage,HIGH,3,53,80.06,3.39,0,0,3,48,0,1
4334,garbage,MEDIUM,2,34,64.97,64.71,0,0,2,72,0,1
4335,pothole,MEDIUM,2,47,59.35,26.59,1,1,1,48,0,1
4336,water_leakage,MEDIUM,2,30,29.35,15.49,0,1,5,24,0,1
4337,streetlight,LOW,1,17,17.92,17.21,0,0,4,24,0,0
4338,pothole,LOW,1,26,4.8,0.43,1,1,1,48,0,0
4339,pothole,HIGH,3,91,9.37,1.05,2,0,1,48,1,1
4340,water_leakage,LOW,1,17,22.6,7.23,0,0,5,24,0,1
4341,pothole,LOW,1,22,23.89,9.84,0,0,1,48,0,0
4342,water_leakage,LOW,1,25,3.15,1.43,0,1,5,24,0,0
4343,other,HIGH,3,83,85.11,23.63,4,1,7,72,0,0
4344,garbage,MEDIUM,2,46,26.35,22.16,1,1,2,72,0,1
4345,drainage,LOW,1,15,56.45,44.32,0,1,3,48,0,0
4346,water_leakage,MEDIUM,2,48,25.19,2.66,2,1,5,24,0,1
4347,streetlight,CRITICAL,4,100,13.24,6.23,1,0,4,24,1,1
4348,drainage,LOW,1,22,45.38,16.42,0,1,3,48,0,1
4349,streetlight,MEDIUM,2,30,36.22,21.27,0,1,4,24,0,1
4350,streetlight,HIGH,3,63,26.21,1.4,1,1,4,24,0,1
4351,pothole,LOW,1,20,82.52,21.8,0,0,1,48,0,1
4352,water_leakage,LOW,1,27,11.84,4.16,1,0,5,24,0,0
4353,other,LOW,1,21,89.25,10.84,0,1,7,72,0,1
4354,garbage,MEDIUM,2,32,127.71,25.4,0,0,2,72,0,1
4355,drainage,LOW,1,22,46.52,44.4,0,0,3,48,0,1
4356,water_leakage,HIGH,3,74,36.21,1.57,0,0,5,24,1,1
4357,garbage,HIGH,3,48,44.91,21.91,0,1,2,72,0,1
4358,garbage,CRITICAL,4,75,66.81,57.12,1,1,2,72,0,1
4359,drainage,LOW,1,15,26.12,20.57,0,1,3,48,0,0
4360,pothole,MEDIUM,2,40,15.02,10.18,1,0,1,48,0,0
4361,streetlight,MEDIUM,2,36,27.78,11.75,0,0,4,24,0,1
4362,garbage,MEDIUM,2,31,61.67,13.89,0,1,2,72,0,1
4363,pothole,LOW,1,24,33.66,14.41,0,1,1,48,0,1
4364,water_leakage,MEDIUM,2,32,5.51,1.47,0,0,5,24,0,0
4365,drainage,LOW,1,25,55.44,9.97,0,1,3,48,0,1
4366,pothole,MEDIUM,2,35,40.83,34.9,0,1,1,48,0,1
4367,drainage,HIGH,3,70,40.88,8.8,2,1,3,48,0,1
4368,pothole,LOW,1,20,79.4,33.06,0,1,1,48,0,0
4369,water_leakage,MEDIUM,2,56,15.67,7.24,3,1,5,24,0,1
4370,other,LOW,1,21,121.88,13.46,0,1,7,72,0,0
4371,other,MEDIUM,2,41,77.51,3.3,1,1,7,72,0,1
4372,garbage,MEDIUM,2,36,37.6,7.91,0,1,2,72,0,0
4373,drainage,LOW,1,30,59.62,47.07,1,1,3,48,0,0
4374,garbage,HIGH,3,70,124.11,28.65,0,1,2,72,1,1
4375,water_leakage,HIGH,3,73,39.75,22.12,0,1,5,24,1,1
4376,drainage,LOW,1,34,1.23,0.72,2,1,3,48,0,0
4377,garbage,LOW,1,52,94.72,30.54,4,1,2,72,0,1
4378,drainage,MEDIUM,2,48,10.42,1.73,1,1,3,48,0,1
4379,drainage,LOW,1,21,36.39,7.88,0,0,3,48,0,1
4380,other,MEDIUM,2,50,111.96,20.52,2,0,7,72,0,1
4381,other,LOW,1,16,15.69,4.91,0,1,7,72,0,0
4382,water_leakage,MEDIUM,2,36,34.02,20.24,0,1,5,24,0,1
4383,water_leakage,MEDIUM,2,40,25.05,7.85,0,0,5,24,0,1
4384,garbage,MEDIUM,2,34,58.02,18.26,0,1,2,72,0,1
4385,other,LOW,1,48,1.13,0.18,4,0,7,72,0,0
4386,drainage,MEDIUM,2,56,79.3,30.43,2,0,3,48,0,1
4387,streetlight,MEDIUM,2,33,1.95,0.14,0,1,4,24,0,1
4388,water_leakage,HIGH,3,80,2.0,0.15,1,0,5,24,1,1
4389,water_leakage,HIGH,3,72,15.63,11.83,0,1,5,24,1,1
4390,other,MEDIUM,2,47,11.27,11.15,1,1,7,72,0,0
4391,garbage,MEDIUM,2,43,3.31,2.67,1,1,2,72,0,1
4392,pothole,HIGH,3,59,40.42,37.75,1,1,1,48,0,1
4393,water_leakage,LOW,1,21,41.08,10.52,0,1,5,24,0,0
4394,streetlight,MEDIUM,2,64,29.71,5.33,3,1,4,24,0,0
4395,other,LOW,1,31,67.14,33.94,2,1,7,72,0,1
4396,drainage,MEDIUM,2,32,28.87,18.28,0,1,3,48,0,1
4397,water_leakage,HIGH,3,55,6.32,5.1,1,1,5,24,0,1
4398,other,CRITICAL,4,86,93.03,63.5,3,1,7,72,0,1
4399,pothole,MEDIUM,2,42,23.37,4.13,1,1,1,48,0,0
4400,streetlight,MEDIUM,2,60,4.55,1.61,3,0,4,24,0,1
4401,pothole,CRITICAL,4,68,75.18,19.0,0,1,1,48,0,1
4402,streetlight,CRITICAL,4,92,26.61,4.07,4,1,4,24,0,1
4403,other,CRITICAL,4,77,98.4,48.66,1,0,7,72,0,1
4404,streetlight,HIGH,3,80,9.92,2.97,0,1,4,24,1,1
4405,pothole,MEDIUM,2,37,47.04,5.71,0,0,1,48,0,1
4406,pothole,HIGH,3,48,55.76,37.92,0,1,1,48,0,1
4407,water_leakage,MEDIUM,2,46,0.1,0.08,2,0,5,24,0,1
4408,garbage,LOW,1,24,99.06,12.99,0,0,2,72,0,1
4409,garbage,LOW,1,41,120.29,17.45,2,1,2,72,0,1
4410,pothole,LOW,1,17,0.42,0.23,0,1,1,48,0,0
4411,water_leakage,MEDIUM,2,51,18.42,3.45,2,0,5,24,0,1
4412,garbage,LOW,1,15,100.22,34.99,0,1,2,72,0,1
4413,pothole,MEDIUM,2,45,56.69,30.67,1,0,1,48,0,1
4414,drainage,HIGH,3,73,76.34,39.4,0,0,3,48,1,1
4415,garbage,HIGH,3,77,66.14,51.46,0,1,2,72,1,1
4416,water_leakage,LOW,1,38,20.1,12.59,2,1,5,24,0,1
4417,streetlight,LOW,1,40,41.79,21.75,2,0,4,24,0,1
4418,other,MEDIUM,2,64,1.25,1.09,3,0,7,72,0,0
4419,other,LOW,1,15,108.52,12.08,0,1,7,72,0,1
4420,water_leakage,HIGH,3,50,9.27,2.46,0,0,5,24,0,1
4421,streetlight,MEDIUM,2,33,15.59,10.22,0,0,4,24,0,1
4422,streetlight,MEDIUM,2,33,14.96,4.34,0,1,4,24,0,1
4423,streetlight,MEDIUM,2,31,1.15,0.86,0,1,4,24,0,1
4424,streetlight,CRITICAL,4,60,20.23,16.78,0,1,4,24,0,1
4425,pothole,LOW,1,26,43.82,38.33,1,1,1,48,0,0
4426,garbage,LOW,1,20,79.68,21.52,0,1,2,72,0,1
4427,pothole,LOW,1,19,58.21,17.33,0,1,1,48,0,0
4428,pothole,MEDIUM,2,38,2.37,0.77,0,1,1,48,0,0
4429,water_leakage,LOW,1,19,40.14,10.72,0,1,5,24,0,1
4430,water_leakage,MEDIUM,2,48,31.7,13.42,1,1,5,24,0,1
4431,drainage,MEDIUM,2,30,71.78,16.31,0,1,3,48,0,1
4432,garbage,MEDIUM,2,32,58.91,35.05,0,1,2,72,0,1
4433,water_leakage,LOW,1,16,36.58,13.13,0,0,5,24,0,1
4434,garbage,LOW,1,39,25.05,0.69,2,1,2,72,0,1
4435,water_leakage,MEDIUM,2,31,15.72,2.81,0,1,5,24,0,0
4436,other,MEDIUM,2,53,35.4,33.67,2,1,7,72,0,1
4437,streetlight,LOW,1,23,15.19,12.34,0,1,4,24,0,0
4438,garbage,MEDIUM,2,38,11.61,10.38,1,0,2,72,0,1
4439,other,MEDIUM,2,46,39.9,11.88,1,1,7,72,0,0
4440,water_leakage,LOW,1,59,2.7,0.34,5,1,5,24,0,0
4441,drainage,MEDIUM,2,31,43.19,30.02,0,1,3,48,0,1
4442,drainage,LOW,1,17,48.77,35.41,0,0,3,48,0,0
4443,streetlight,MEDIUM,2,30,14.3,13.33,0,1,4,24,0,1
4444,garbage,MEDIUM,2,74,71.94,18.1,5,1,2,72,0,1
4445,garbage,MEDIUM,2,39,85.16,23.23,0,0,2,72,0,1
4446,other,MEDIUM,2,33,89.39,38.31,0,1,7,72,0,1
4447,water_leakage,MEDIUM,2,41,42.27,22.98,1,1,5,24,0,1
4448,other,LOW,1,19,61.25,41.92,0,1,7,72,0,1
4449,water_leakage,LOW,1,23,21.73,14.47,0,1,5,24,0,1
4450,streetlight,LOW,1,18,12.36,1.67,0,1,4,24,0,1
4451,streetlight,HIGH,3,88,14.98,10.64,1,1,4,24,1,1
4452,garbage,HIGH,3,81,20.16,5.02,4,1,2,72,0,0
4453,streetlight,MEDIUM,2,30,2.44,0.25,0,0,4,24,0,1
4454,other,HIGH,3,47,11.91,4.74,0,1,7,72,0,0
4455,streetlight,LOW,1,18,7.4,6.43,0,0,4,24,0,1
4456,streetlight,LOW,1,33,11.92,4.34,1,0,4,24,0,0
4457,garbage,LOW,1,19,37.65,5.55,0,1,2,72,0,0
4458,drainage,LOW,1,16,49.04,22.95,0,1,3,48,0,0
4459,water_leakage,MEDIUM,2,31,7.76,4.85,0,0,5,24,0,0
4460,pothole,LOW,1,25,9.61,9.41,0,1,1,48,0,0
4461,drainage,MEDIUM,2,48,24.91,14.61,2,1,3,48,0,1
4462,other,LOW,1,28,27.79,25.21,1,1,7,72,0,0
4463,water_leakage,HIGH,3,75,15.56,13.29,0,1,5,24,1,0
4464,other,LOW,1,25,68.56,58.73,0,1,7,72,0,0
4465,pothole,LOW,1,18,40.22,35.74,0,1,1,48,0,0
4466,pothole,MEDIUM,2,65,7.93,1.99,4,1,1,48,0,0
4467,water_leakage,MEDIUM,2,30,35.68,9.21,0,0,5,24,0,0
4468,other,LOW,1,24,34.82,14.48,0,1,7,72,0,0
4469,other,LOW,1,19,104.85,42.84,0,1,7,72,0,0
4470,garbage,HIGH,3,51,103.14,37.36,0,1,2,72,0,1
4471,streetlight,LOW,1,16,33.38,10.51,0,0,4,24,0,0
4472,drainage,LOW,1,19,62.83,9.17,0,0,3,48,0,1
4473,garbage,HIGH,3,69,62.29,34.75,2,1,2,72,0,0
4474,other,LOW,1,24,119.95,4.33,0,0,7,72,0,1
4475,garbage,MEDIUM,2,48,110.22,44.53,1,1,2,72,0,0
4476,streetlight,MEDIUM,2,31,11.29,0.37,0,0,4,24,0,1
4477,drainage,LOW,1,18,33.89,21.75,0,1,3,48,0,0
4478,water_leakage,HIGH,3,50,2.93,2.87,0,0,5,24,0,1
4479,other,HIGH,3,85,35.41,34.54,1,1,7,72,1,1
4480,water_leakage,MEDIUM,2,37,25.62,0.69,0,1,5,24,0,1
4481,water_leakage,MEDIUM,2,34,36.66,5.02,0,0,5,24,0,1
4482,pothole,LOW,1,28,50.68,29.05,1,1,1,48,0,1
4483,drainage,HIGH,3,70,19.86,1.11,0,1,3,48,1,0
4484,water_leakage,MEDIUM,2,38,23.83,9.76,1,1,5,24,0,0
4485,streetlight,LOW,1,46,13.27,6.21,3,0,4,24,0,1
4486,pothole,HIGH,3,51,7.52,0.67,0,1,1,48,0,1
4487,other,LOW,1,28,13.45,0.31,1,1,7,72,0,0
4488,pothole,MEDIUM,2,33,84.9,29.11,0,1,1,48,0,1
4489,drainage,MEDIUM,2,38,40.66,18.43,1,1,3,48,0,0
4490,other,HIGH,3,60,119.38,66.71,1,1,7,72,0,1
4491,drainage,MEDIUM,2,43,64.76,34.88,1,1,3,48,0,1
4492,garbage,CRITICAL,4,86,121.59,53.6,2,1,2,72,0,1
4493,other,MEDIUM,2,40,42.07,7.15,0,1,7,72,0,0
4494,water_leakage,LOW,1,18,29.62,20.34,0,1,5,24,0,0
4495,streetlight,MEDIUM,2,56,29.32,14.04,3,1,4,24,0,1
4496,garbage,MEDIUM,2,31,43.99,1.67,0,1,2,72,0,1
4497,other,LOW,1,20,16.71,2.4,0,1,7,72,0,0
4498,other,MEDIUM,2,45,8.97,8.91,1,1,7,72,0,0
4499,garbage,LOW,1,17,79.71,30.04,0,1,2,72,0,1
4500,pothole,MEDIUM,2,36,12.16,4.84,0,0,1,48,0,1
4501,water_leakage,MEDIUM,2,36,22.7,4.29,0,0,5,24,0,1
4502,water_leakage,HIGH,3,54,8.15,1.78,0,0,5,24,0,1
4503,pothole,HIGH,3,55,69.59,2.32,0,1,1,48,0,1
4504,water_leakage,HIGH,3,59,12.61,1.09,1,0,5,24,0,1
4505,garbage,MEDIUM,2,38,81.71,66.1,0,1,2,72,0,1
4506,other,LOW,1,21,117.74,2.26,0,1,7,72,0,1
4507,streetlight,HIGH,3,75,19.65,16.77,0,1,4,24,1,1
4508,drainage,MEDIUM,2,67,5.03,1.26,4,0,3,48,0,0
4509,other,LOW,1,17,46.43,34.31,0,1,7,72,0,0
4510,garbage,MEDIUM,2,32,48.14,11.32,0,1,2,72,0,1
4511,garbage,LOW,1,16,122.63,5.92,0,1,2,72,0,1
4512,other,MEDIUM,2,34,43.59,34.24,0,0,7,72,0,1
4513,garbage,HIGH,3,46,54.77,21.11,0,0,2,72,0,1
4514,drainage,LOW,1,21,43.81,19.14,0,1,3,48,0,0
4515,water_leakage,CRITICAL,4,69,31.74,6.12,0,1,5,24,0,1
4516,pothole,LOW,1,17,24.35,10.64,0,1,1,48,0,0
4517,other,LOW,1,50,29.66,23.66,4,1,7,72,0,0
4518,pothole,LOW,1,24,47.19,25.34,0,1,1,48,0,0
4519,water_leakage,MEDIUM,2,67,35.74,14.15,4,1,5,24,0,0
4520,streetlight,MEDIUM,2,42,14.42,8.4,1,1,4,24,0,1
4521,streetlight,MEDIUM,2,33,12.67,3.78,0,1,4,24,0,0
4522,pothole,LOW,1,23,6.27,2.32,0,0,1,48,0,1
4523,water_leakage,MEDIUM,2,45,11.04,9.84,1,1,5,24,0,0
4524,water_leakage,MEDIUM,2,38,33.03,3.0,1,1,5,24,0,0
4525,water_leakage,MEDIUM,2,38,9.87,4.84,1,1,5,24,0,0
4526,water_leakage,MEDIUM,2,38,2.48,1.71,1,1,5,24,0,0
4527,streetlight,LOW,1,24,30.29,10.16,1,0,4,24,0,1
4528,drainage,LOW,1,37,42.11,26.02,2,1,3,48,0,0
4529,drainage,MEDIUM,2,38,72.84,23.41,0,0,3,48,0,1
4530,other,HIGH,3,58,112.65,54.74,1,1,7,72,0,1
4531,drainage,MEDIUM,2,35,36.54,32.32,0,1,3,48,0,1
4532,streetlight,LOW,1,29,14.04,11.74,1,0,4,24,0,1
4533,water_leakage,HIGH,3,76,42.35,13.58,0,1,5,24,1,1
4534,drainage,MEDIUM,2,31,32.01,3.82,0,1,3,48,0,1
4535,water_leakage,LOW,1,16,42.52,4.5,0,1,5,24,0,1
4536,drainage,MEDIUM,2,36,34.91,20.72,0,0,3,48,0,0
4537,streetlight,HIGH,3,86,38.53,13.39,1,1,4,24,1,1
4538,streetlight,MEDIUM,2,71,35.74,15.06,5,1,4,24,0,1
4539,garbage,LOW,1,24,21.0,13.17,0,0,2,72,0,0
4540,garbage,LOW,1,18,45.04,25.38,0,0,2,72,0,1
4541,pothole,LOW,1,30,24.33,14.27,1,0,1,48,0,1
4542,pothole,HIGH,3,71,7.82,6.45,2,0,1,48,0,1
4543,water_leakage,MEDIUM,2,32,14.94,12.14,0,1,5,24,0,1
4544,streetlight,LOW,1,28,18.02,3.71,1,1,4,24,0,1
4545,other,LOW,1,35,99.32,37.5,2,0,7,72,0,0
4546,other,LOW,1,17,110.83,11.47,0,0,7,72,0,1
4547,water_leakage,LOW,1,60,19.2,16.61,5,0,5,24,0,1
4548,other,LOW,1,17,44.26,18.29,0,1,7,72,0,1
4549,garbage,HIGH,3,54,69.99,48.06,0,1,2,72,0,1
4550,other,CRITICAL,4,70,125.27,47.61,0,0,7,72,0,1
4551,other,LOW,1,32,85.0,11.78,1,1,7,72,0,1
4552,garbage,MEDIUM,2,39,54.94,21.6,0,1,2,72,0,1
4553,garbage,MEDIUM,2,70,84.25,11.4,4,1,2,72,0,1
4554,pothole,LOW,1,25,84.43,23.58,0,0,1,48,0,1
4555,pothole,HIGH,3,63,42.39,9.27,1,0,1,48,0,1
4556,other,LOW,1,21,44.45,37.58,0,1,7,72,0,0
4557,pothole,MEDIUM,2,46,29.58,24.05,2,1,1,48,0,1
4558,water_leakage,MEDIUM,2,36,2.66,2.1,0,1,5,24,0,0
4559,drainage,HIGH,3,87,53.79,38.18,1,1,3,48,1,1
4560,garbage,MEDIUM,2,55,116.57,65.47,3,0,2,72,0,1
4561,streetlight,MEDIUM,2,36,17.87,10.26,0,1,4,24,0,0
4562,streetlight,MEDIUM,2,76,14.96,7.6,5,1,4,24,0,1
4563,water_leakage,MEDIUM,2,32,28.36,17.0,0,1,5,24,0,1
4564,water_leakage,HIGH,3,83,25.07,7.12,1,1,5,24,1,1
4565,streetlight,HIGH,3,100,3.32,2.93,3,1,4,24,1,1
4566,other,CRITICAL,4,90,118.67,50.91,0,0,7,72,1,1
4567,other,MEDIUM,2,35,24.3,22.99,0,1,7,72,0,0
4568,water_leakage,HIGH,3,80,16.57,0.25,0,1,5,24,1,1
4569,streetlight,MEDIUM,2,38,24.27,7.85,0,0,4,24,0,1
4570,pothole,CRITICAL,4,70,37.87,0.03,0,1,1,48,0,1
4571,water_leakage,CRITICAL,4,66,4.33,0.29,0,1,5,24,0,0
4572,streetlight,CRITICAL,4,89,19.13,18.07,0,1,4,24,1,1
4573,streetlight,MEDIUM,2,30,20.87,9.6,0,1,4,24,0,1
4574,other,HIGH,3,93,63.55,18.24,2,0,7,72,1,1
4575,drainage,MEDIUM,2,39,38.93,23.4,0,0,3,48,0,1
4576,other,CRITICAL,4,63,35.06,14.93,0,1,7,72,0,1
4577,pothole,HIGH,3,73,44.71,22.47,0,0,1,48,1,0
4578,garbage,CRITICAL,4,100,103.78,30.41,2,0,2,72,1,1
4579,pothole,MEDIUM,2,34,48.69,24.75,0,1,1,48,0,1
4580,drainage,MEDIUM,2,39,40.34,29.58,0,0,3,48,0,1
4581,pothole,MEDIUM,2,33,44.85,42.07,0,1,1,48,0,1
4582,other,MEDIUM,2,40,31.62,12.71,0,1,7,72,0,0
4583,water_leakage,MEDIUM,2,36,4.52,0.49,0,1,5,24,0,0
4584,water_leakage,LOW,1,25,4.72,4.52,0,0,5,24,0,0
4585,drainage,MEDIUM,2,39,61.32,17.21,0,0,3,48,0,1
4586,garbage,HIGH,3,49,77.91,61.91,0,0,2,72,0,1
4587,garbage,LOW,1,41,58.12,36.32,2,0,2,72,0,1
4588,garbage,LOW,1,21,70.27,31.46,0,1,2,72,0,1
4589,other,MEDIUM,2,31,21.43,15.6,0,1,7,72,0,0
4590,drainage,LOW,1,55,18.36,11.23,4,1,3,48,0,0
4591,drainage,MEDIUM,2,33,56.37,1.02,0,0,3,48,0,1
4592,water_leakage,MEDIUM,2,48,27.37,20.94,2,1,5,24,0,1
4593,streetlight,LOW,1,23,7.21,0.03,0,1,4,24,0,1
4594,drainage,LOW,1,21,19.29,16.73,0,1,3,48,0,1
4595,streetlight,HIGH,3,55,17.54,7.93,0,0,4,24,0,1
4596,water_leakage,LOW,1,46,1.44,0.33,3,1,5,24,0,0
4597,streetlight,LOW,1,39,15.44,9.64,3,0,4,24,0,1
4598,pothole,MEDIUM,2,34,42.23,20.36,0,1,1,48,0,0
4599,streetlight,MEDIUM,2,41,7.56,2.45,1,1,4,24,0,0
4600,drainage,MEDIUM,2,42,35.79,33.93,1,0,3,48,0,1
4601,streetlight,MEDIUM,2,40,7.68,3.4,0,1,4,24,0,0
4602,water_leakage,MEDIUM,2,47,42.47,7.76,1,1,5,24,0,1
4603,pothole,MEDIUM,2,31,70.53,17.53,0,1,1,48,0,1
4604,streetlight,MEDIUM,2,53,10.79,2.5,2,0,4,24,0,1
4605,other,MEDIUM,2,38,128.72,46.73,0,1,7,72,0,1
4606,water_leakage,MEDIUM,2,34,21.77,4.56,0,1,5,24,0,1
4607,other,LOW,1,57,98.42,23.04,4,0,7,72,0,1
4608,other,HIGH,3,89,48.84,33.61,2,1,7,72,1,1
4609,drainage,LOW,1,20,66.47,21.7,0,1,3,48,0,0
4610,water_leakage,CRITICAL,4,62,27.56,9.66,0,0,5,24,0,1
4611,other,MEDIUM,2,40,117.68,33.41,0,1,7,72,0,1
4612,garbage,MEDIUM,2,34,89.17,65.47,0,1,2,72,0,1
4613,other,HIGH,3,58,123.47,71.83,1,0,7,72,0,1
4614,drainage,MEDIUM,2,39,65.44,36.1,1,1,3,48,0,1
4615,garbage,HIGH,3,80,103.23,11.16,1,1,2,72,1,1
4616,other,LOW,1,37,66.15,46.12,2,1,7,72,0,1
4617,garbage,MEDIUM,2,59,32.49,23.79,3,1,2,72,0,1
4618,pothole,HIGH,3,62,52.96,15.28,2,1,1,48,0,1
4619,pothole,LOW,1,17,20.07,8.07,0,1,1,48,0,0
4620,streetlight,MEDIUM,2,45,14.1,4.27,1,1,4,24,0,0
4621,water_leakage,CRITICAL,4,86,15.56,1.56,2,1,5,24,0,1
4622,garbage,LOW,1,23,95.79,26.4,0,0,2,72,0,1
4623,water_leakage,LOW,1,25,12.62,7.89,0,1,5,24,0,0
4624,water_leakage,LOW,1,23,0.88,0.15,0,1,5,24,0,0
4625,other,MEDIUM,2,39,51.2,47.76,1,1,7,72,0,1
4626,garbage,LOW,1,21,71.81,27.82,0,0,2,72,0,0
4627,garbage,MEDIUM,2,47,1.85,1.75,1,1,2,72,0,1
4628,drainage,HIGH,3,48,57.67,13.5,0,0,3,48,0,1
4629,other,MEDIUM,2,31,111.25,48.95,0,0,7,72,0,1
4630,garbage,HIGH,3,100,55.93,55.07,4,1,2,72,1,1
4631,drainage,HIGH,3,55,46.09,15.27,1,1,3,48,0,1
4632,water_leakage,MEDIUM,2,36,33.0,2.5,0,1,5,24,0,1
4633,streetlight,MEDIUM,2,40,33.44,17.94,1,1,4,24,0,0
4634,pothole,LOW,1,20,51.07,30.58,0,1,1,48,0,1
4635,other,MEDIUM,2,50,117.81,51.77,2,0,7,72,0,1
4636,pothole,MEDIUM,2,33,54.13,26.19,0,1,1,48,0,0
4637,garbage,HIGH,3,73,55.8,3.12,0,1,2,72,1,1
4638,water_leakage,LOW,1,32,11.49,2.92,2,1,5,24,0,0
4639,pothole,MEDIUM,2,40,65.31,29.59,0,0,1,48,0,1
4640,drainage,MEDIUM,2,38,64.72,40.35,0,0,3,48,0,1
4641,garbage,MEDIUM,2,35,100.6,35.97,0,1,2,72,0,1
4642,other,HIGH,3,95,22.12,20.33,2,1,7,72,1,1
4643,pothole,HIGH,3,71,15.54,14.89,3,0,1,48,0,1
4644,water_leakage,HIGH,3,87,29.38,3.33,2,1,5,24,1,0
4645,garbage,MEDIUM,2,30,55.74,18.63,0,1,2,72,0,1
4646,garbage,CRITICAL,4,71,17.61,13.2,1,0,2,72,0,1
4647,other,HIGH,3,72,47.35,35.13,0,0,7,72,1,1
4648,garbage,MEDIUM,2,40,65.56,18.47,0,1,2,72,0,0
4649,streetlight,MEDIUM,2,38,15.33,3.23,0,0,4,24,0,1
4650,other,MEDIUM,2,31,24.76,24.4,0,1,7,72,0,1
4651,streetlight,MEDIUM,2,30,35.83,14.18,0,1,4,24,0,1
4652,pothole,HIGH,3,86,23.53,15.79,2,1,1,48,1,1
4653,pothole,MEDIUM,2,30,78.74,22.4,0,0,1,48,0,1
4654,drainage,LOW,1,16,49.45,11.11,0,0,3,48,0,1
4655,drainage,HIGH,3,53,0.85,0.17,0,1,3,48,0,0
4656,water_leakage,MEDIUM,2,34,29.13,11.68,0,0,5,24,0,1
4657,streetlight,MEDIUM,2,34,0.21,0.03,0,1,4,24,0,0
4658,streetlight,LOW,1,23,6.39,3.57,0,0,4,24,0,0
4659,water_leakage,MEDIUM,2,47,15.36,13.17,1,1,5,24,0,0
4660,pothole,LOW,1,21,50.19,37.14,0,0,1,48,0,1
4661,other,LOW,1,31,126.27,26.89,1,1,7,72,0,1
4662,water_leakage,CRITICAL,4,92,9.38,6.94,0,1,5,24,1,1
4663,drainage,HIGH,3,79,47.82,11.88,0,1,3,48,1,1
4664,water_leakage,LOW,1,52,26.49,0.27,4,1,5,24,0,1
4665,drainage,LOW,1,20,60.32,40.76,0,1,3,48,0,1
4666,water_leakage,HIGH,3,74,36.14,21.11,0,1,5,24,1,1
4667,water_leakage,MEDIUM,2,33,31.1,10.93,0,1,5,24,0,1
4668,other,MEDIUM,2,39,60.03,16.54,0,1,7,72,0,0
4669,streetlight,MEDIUM,2,43,26.06,8.75,1,1,4,24,0,1
4670,streetlight,LOW,1,25,16.63,12.97,0,0,4,24,0,1
4671,drainage,MEDIUM,2,55,78.5,19.27,3,1,3,48,0,0
4672,water_leakage,HIGH,3,59,0.87,0.71,1,1,5,24,0,0
4673,drainage,HIGH,3,77,2.74,2.34,3,1,3,48,0,1
4674,water_leakage,MEDIUM,2,47,19.61,1.34,1,1,5,24,0,1
4675,streetlight,LOW,1,16,19.98,4.63,0,1,4,24,0,1
4676,water_leakage,HIGH,3,55,18.99,10.56,1,1,5,24,0,1
4677,streetlight,MEDIUM,2,71,23.73,1.58,4,1,4,24,0,0
4678,garbage,HIGH,3,63,98.25,44.91,2,1,2,72,0,1
4679,other,MEDIUM,2,43,80.94,29.11,1,0,7,72,0,1
4680,water_leakage,HIGH,3,56,37.83,4.64,1,0,5,24,0,1
4681,streetlight,LOW,1,22,22.88,8.43,0,1,4,24,0,0
4682,streetlight,HIGH,3,82,36.06,6.13,1,1,4,24,1,1
4683,pothole,MEDIUM,2,33,23.48,18.41,0,0,1,48,0,0
4684,pothole,LOW,1,24,36.53,35.4,0,1,1,48,0,0
4685,water_leakage,MEDIUM,2,35,31.99,4.24,0,1,5,24,0,0
4686,drainage,LOW,1,22,79.83,35.65,0,1,3,48,0,0
4687,other,MEDIUM,2,47,116.14,26.99,1,1,7,72,0,1
4688,garbage,HIGH,3,50,52.86,43.56,0,0,2,72,0,1
4689,streetlight,HIGH,3,78,30.34,22.56,4,0,4,24,0,1
4690,other,LOW,1,24,126.22,53.63,0,1,7,72,0,1
4691,streetlight,MEDIUM,2,30,21.41,2.58,0,1,4,24,0,0
4692,pothole,MEDIUM,2,32,80.21,33.63,0,1,1,48,0,1
4693,pothole,LOW,1,22,10.45,9.41,0,1,1,48,0,0
4694,garbage,MEDIUM,2,79,129.56,31.52,5,1,2,72,0,0
4695,other,MEDIUM,2,44,13.3,5.72,1,1,7,72,0,0
4696,drainage,LOW,1,27,60.16,7.55,1,1,3,48,0,1
4697,water_leakage,MEDIUM,2,32,21.04,15.14,0,0,5,24,0,1
4698,streetlight,LOW,1,50,31.89,7.49,4,1,4,24,0,1
4699,drainage,MEDIUM,2,30,86.02,13.09,0,1,3,48,0,0
4700,streetlight,HIGH,3,100,42.72,12.3,5,0,4,24,1,1
4701,other,HIGH,3,71,41.51,33.02,0,1,7,72,1,1
4702,pothole,MEDIUM,2,40,75.24,22.62,0,0,1,48,0,1
4703,other,MEDIUM,2,35,56.9,23.1,0,1,7,72,0,1
4704,other,LOW,1,24,20.32,19.74,0,1,7,72,0,0
4705,drainage,LOW,1,30,14.4,13.91,1,1,3,48,0,0
4706,pothole,MEDIUM,2,67,76.85,11.51,4,0,1,48,0,1
4707,garbage,LOW,1,41,49.01,39.52,2,1,2,72,0,0
4708,drainage,MEDIUM,2,37,71.9,6.4,0,0,3,48,0,1
4709,other,LOW,1,24,47.36,23.57,0,1,7,72,0,0
4710,pothole,MEDIUM,2,33,45.93,40.85,0,0,1,48,0,1
4711,other,MEDIUM,2,32,108.52,69.65,0,1,7,72,0,0
4712,drainage,MEDIUM,2,30,51.56,41.96,0,1,3,48,0,1
4713,garbage,LOW,1,24,44.82,16.41,0,1,2,72,0,0
4714,streetlight,MEDIUM,2,34,15.69,13.59,0,1,4,24,0,0
4715,garbage,LOW,1,19,126.91,32.71,0,1,2,72,0,0
4716,drainage,MEDIUM,2,72,1.72,0.11,5,1,3,48,0,1
4717,drainage,MEDIUM,2,36,7.71,2.14,0,1,3,48,0,0
4718,garbage,LOW,1,30,18.29,15.49,1,1,2,72,0,1
4719,other,MEDIUM,2,32,127.04,0.17,0,1,7,72,0,1
4720,streetlight,LOW,1,33,24.12,6.54,1,1,4,24,0,1
4721,streetlight,HIGH,3,54,40.97,13.29,1,1,4,24,0,1
4722,streetlight,MEDIUM,2,38,21.06,19.5,0,1,4,24,0,0
4723,drainage,MEDIUM,2,38,69.68,29.19,0,1,3,48,0,1
4724,pothole,LOW,1,31,16.64,4.7,2,1,1,48,0,0
4725,other,LOW,1,18,93.53,3.47,0,1,7,72,0,1
4726,other,MEDIUM,2,56,106.74,31.11,2,1,7,72,0,1
4727,pothole,HIGH,3,80,86.37,4.67,1,1,1,48,1,1
4728,pothole,LOW,1,21,82.6,13.95,0,1,1,48,0,0
4729,garbage,MEDIUM,2,41,19.31,13.24,1,1,2,72,0,1
4730,garbage,LOW,1,19,106.04,19.26,0,1,2,72,0,0
4731,other,MEDIUM,2,32,77.61,61.0,0,1,7,72,0,1
4732,garbage,LOW,1,20,109.31,53.65,0,1,2,72,0,1
4733,pothole,HIGH,3,86,33.76,16.58,2,1,1,48,1,1
4734,water_leakage,MEDIUM,2,60,36.69,7.28,3,1,5,24,0,1
4735,pothole,MEDIUM,2,39,30.39,16.06,0,1,1,48,0,0
4736,garbage,HIGH,3,74,16.87,2.14,0,1,2,72,1,0
4737,water_leakage,HIGH,3,79,16.66,1.57,0,0,5,24,1,1
4738,drainage,MEDIUM,2,35,27.7,10.99,0,0,3,48,0,0
4739,garbage,MEDIUM,2,40,40.47,39.03,0,1,2,72,0,0
4740,drainage,HIGH,3,46,58.35,22.74,0,1,3,48,0,1
4741,pothole,MEDIUM,2,39,33.1,12.61,0,1,1,48,0,1
4742,garbage,CRITICAL,4,87,56.45,9.21,0,1,2,72,1,1
4743,garbage,HIGH,3,58,15.91,3.28,1,1,2,72,0,1
4744,streetlight,HIGH,3,47,35.48,18.7,0,1,4,24,0,1
4745,pothole,LOW,1,56,39.26,3.17,4,1,1,48,0,1
4746,pothole,LOW,1,20,33.4,25.33,0,1,1,48,0,0
4747,drainage,LOW,1,23,76.05,30.84,1,1,3,48,0,0
4748,garbage,CRITICAL,4,67,95.38,8.91,0,1,2,72,0,1
4749,other,LOW,1,54,55.02,35.2,4,0,7,72,0,1
4750,garbage,HIGH,3,81,92.33,7.03,1,0,2,72,1,1
4751,garbage,MEDIUM,2,38,109.67,12.49,0,0,2,72,0,1
4752,other,MEDIUM,2,34,80.47,24.9,0,1,7,72,0,1
4753,drainage,LOW,1,22,19.52,12.03,0,0,3,48,0,1
4754,garbage,MEDIUM,2,31,32.69,14.58,0,0,2,72,0,1
4755,water_leakage,MEDIUM,2,58,14.87,1.39,3,0,5,24,0,1
4756,pothole,LOW,1,23,32.7,17.37,0,1,1,48,0,0
4757,water_leakage,HIGH,3,83,7.62,5.97,1,1,5,24,1,0
4758,other,MEDIUM,2,39,76.18,40.35,0,1,7,72,0,1
4759,streetlight,LOW,1,32,16.56,11.62,1,0,4,24,0,1
4760,drainage,LOW,1,59,55.75,2.62,5,1,3,48,0,1
4761,streetlight,MEDIUM,2,69,30.42,11.38,4,1,4,24,0,1
4762,water_leakage,MEDIUM,2,33,2.95,2.93,0,1,5,24,0,0
4763,other,HIGH,3,50,113.15,62.62,0,1,7,72,0,0
4764,water_leakage,LOW,1,17,42.01,2.75,0,1,5,24,0,1
4765,other,LOW,1,22,81.7,6.29,0,0,7,72,0,1
4766,garbage,MEDIUM,2,35,25.49,23.33,0,1,2,72,0,1
4767,water_leakage,CRITICAL,4,95,37.92,16.3,0,1,5,24,1,1
4768,garbage,LOW,1,19,71.3,45.97,0,0,2,72,0,1
4769,streetlight,MEDIUM,2,35,25.75,9.48,0,1,4,24,0,1
4770,pothole,LOW,1,22,50.34,36.23,0,1,1,48,0,1
4771,other,HIGH,3,75,128.42,1.01,0,0,7,72,1,1
4772,streetlight,HIGH,3,54,11.79,7.77,0,1,4,24,0,0
4773,streetlight,LOW,1,31,28.48,14.86,2,0,4,24,0,0
4774,drainage,LOW,1,33,10.74,4.99,1,0,3,48,0,1
4775,drainage,LOW,1,49,81.48,15.72,3,1,3,48,0,1
4776,streetlight,MEDIUM,2,43,9.19,8.3,1,0,4,24,0,1
4777,streetlight,LOW,1,22,8.93,0.62,0,1,4,24,0,0
4778,drainage,LOW,1,39,78.84,3.6,2,1,3,48,0,1
4779,streetlight,LOW,1,21,28.53,13.83,0,1,4,24,0,1
4780,other,CRITICAL,4,69,78.31,35.82,1,1,7,72,0,1
4781,garbage,LOW,1,15,29.84,11.64,0,1,2,72,0,1
4782,drainage,HIGH,3,99,33.42,33.05,3,1,3,48,1,1
4783,streetlight,MEDIUM,2,38,38.42,11.75,0,0,4,24,0,1
4784,other,LOW,1,22,64.7,33.81,0,1,7,72,0,0
4785,drainage,CRITICAL,4,100,35.87,24.34,3,0,3,48,1,1
4786,other,HIGH,3,96,26.52,10.74,3,0,7,72,1,1
4787,streetlight,LOW,1,24,30.16,6.14,0,1,4,24,0,1
4788,other,MEDIUM,2,30,43.66,38.8,0,1,7,72,0,0
4789,garbage,MEDIUM,2,71,92.15,8.5,5,1,2,72,0,1
4790,pothole,MEDIUM,2,72,39.94,29.6,4,1,1,48,0,1
4791,drainage,HIGH,3,56,43.32,3.92,1,1,3,48,0,1
4792,other,MEDIUM,2,43,97.02,71.54,1,1,7,72,0,0
4793,streetlight,HIGH,3,77,38.31,18.37,0,1,4,24,1,1
4794,other,LOW,1,22,46.73,24.15,0,1,7,72,0,1
4795,garbage,MEDIUM,2,43,119.22,27.66,1,1,2,72,0,1
4796,water_leakage,LOW,1,18,35.51,11.48,0,0,5,24,0,1
4797,other,HIGH,3,51,27.49,3.54,0,0,7,72,0,1
4798,pothole,LOW,1,22,65.48,40.53,0,1,1,48,0,1
4799,garbage,MEDIUM,2,35,128.41,37.89,0,1,2,72,0,1
4800,water_leakage,MEDIUM,2,35,17.87,1.52,0,1,5,24,0,1
4801,water_leakage,LOW,1,36,9.51,3.51,2,1,5,24,0,0
4802,other,LOW,1,17,128.09,31.48,0,1,7,72,0,0
4803,other,LOW,1,22,120.32,57.41,0,0,7,72,0,1
4804,streetlight,LOW,1,37,31.37,4.65,2,1,4,24,0,1
4805,garbage,MEDIUM,2,40,86.08,61.24,0,1,2,72,0,1
4806,pothole,MEDIUM,2,31,13.04,6.78,0,0,1,48,0,0
4807,drainage,MEDIUM,2,60,4.26,2.33,3,1,3,48,0,0
4808,drainage,HIGH,3,71,64.56,16.24,0,0,3,48,1,1
4809,other,MEDIUM,2,34,88.18,30.27,0,1,7,72,0,1
4810,streetlight,LOW,1,29,9.16,4.87,1,1,4,24,0,0
4811,streetlight,HIGH,3,77,12.77,9.74,0,0,4,24,1,1
4812,other,MEDIUM,2,32,126.24,14.3,0,1,7,72,0,1
4813,other,MEDIUM,2,38,115.67,36.14,1,0,7,72,0,1
4814,streetlight,LOW,1,15,23.73,15.16,0,1,4,24,0,1
4815,garbage,LOW,1,25,37.56,12.0,1,0,2,72,0,0
4816,pothole,MEDIUM,2,34,74.68,30.8,0,1,1,48,0,1
4817,water_leakage,MEDIUM,2,35,10.21,9.9,0,1,5,24,0,0
4818,water_leakage,MEDIUM,2,68,18.97,5.65,4,0,5,24,0,1
4819,water_leakage,MEDIUM,2,39,22.84,8.0,0,0,5,24,0,1
4820,drainage,HIGH,3,49,75.35,21.73,0,1,3,48,0,0
4821,drainage,CRITICAL,4,65,62.45,44.77,0,1,3,48,0,1
4822,streetlight,LOW,1,17,20.59,5.72,0,0,4,24,0,1
4823,drainage,MEDIUM,2,55,38.39,14.72,2,1,3,48,0,1
4824,water_leakage,HIGH,3,48,35.97,11.26,0,1,5,24,0,1
4825,garbage,HIGH,3,98,5.25,4.09,3,1,2,72,1,1
4826,pothole,MEDIUM,2,39,32.81,18.06,0,1,1,48,0,1
4827,garbage,LOW,1,22,119.95,20.91,0,1,2,72,0,1
4828,garbage,LOW,1,45,30.36,28.47,3,1,2,72,0,1
4829,garbage,MEDIUM,2,35,102.57,63.13,0,1,2,72,0,0
4830,water_leakage,MEDIUM,2,47,0.87,0.34,2,1,5,24,0,0
4831,pothole,MEDIUM,2,40,48.4,36.67,0,1,1,48,0,0
4832,garbage,HIGH,3,79,101.97,70.86,0,1,2,72,1,1
4833,streetlight,LOW,1,21,27.7,12.37,0,1,4,24,0,1
4834,water_leakage,MEDIUM,2,46,24.6,11.97,2,1,5,24,0,0
4835,pothole,MEDIUM,2,40,25.26,25.16,1,1,1,48,0,0
4836,garbage,CRITICAL,4,92,115.96,52.51,4,1,2,72,0,1
4837,water_leakage,LOW,1,23,7.86,7.46,0,0,5,24,0,1
4838,drainage,MEDIUM,2,44,1.36,0.84,1,1,3,48,0,0
4839,pothole,MEDIUM,2,53,27.6,16.12,2,1,1,48,0,1
4840,other,LOW,1,30,11.74,10.32,1,1,7,72,0,0
4841,water_leakage,MEDIUM,2,46,13.14,6.5,1,1,5,24,0,0
4842,drainage,LOW,1,18,33.86,20.94,0,1,3,48,0,0
4843,drainage,LOW,1,18,39.18,27.35,0,0,3,48,0,0
4844,streetlight,MEDIUM,2,36,19.37,1.26,0,0,4,24,0,1
4845,water_leakage,MEDIUM,2,35,1.21,1.13,0,1,5,24,0,1
4846,water_leakage,HIGH,3,74,24.05,3.73,0,1,5,24,1,1
4847,streetlight,LOW,1,15,10.43,9.08,0,0,4,24,0,0
4848,water_leakage,MEDIUM,2,33,9.32,3.8,0,1,5,24,0,0
4849,streetlight,HIGH,3,76,32.96,22.29,0,0,4,24,1,1
4850,streetlight,LOW,1,60,17.24,8.29,5,1,4,24,0,1
4851,garbage,MEDIUM,2,40,97.64,23.55,0,0,2,72,0,1
4852,streetlight,MEDIUM,2,35,28.47,8.49,0,0,4,24,0,1
4853,other,MEDIUM,2,35,79.68,36.16,0,1,7,72,0,0
4854,water_leakage,MEDIUM,2,37,9.13,4.42,0,1,5,24,0,0
4855,pothole,MEDIUM,2,35,13.21,12.44,0,0,1,48,0,1
4856,streetlight,MEDIUM,2,30,40.45,7.27,0,1,4,24,0,1
4857,pothole,MEDIUM,2,36,58.8,5.5,0,1,1,48,0,0
4858,pothole,LOW,1,15,24.58,17.32,0,1,1,48,0,1
4859,drainage,LOW,1,25,26.0,24.67,0,0,3,48,0,1
4860,streetlight,HIGH,3,73,24.65,16.36,3,1,4,24,0,1
4861,drainage,MEDIUM,2,46,30.09,20.94,2,1,3,48,0,0
4862,garbage,HIGH,3,49,51.03,28.7,0,1,2,72,0,1
4863,water_leakage,HIGH,3,82,4.2,0.16,1,0,5,24,1,1
4864,other,LOW,1,29,35.27,22.43,1,1,7,72,0,0
4865,garbage,MEDIUM,2,39,4.56,0.19,0,1,2,72,0,0
4866,other,MEDIUM,2,62,35.41,34.45,3,1,7,72,0,0
4867,streetlight,MEDIUM,2,36,7.16,2.26,0,1,4,24,0,1
4868,streetlight,LOW,1,15,25.04,22.69,0,1,4,24,0,0
4869,water_leakage,CRITICAL,4,100,38.34,23.27,4,1,5,24,1,1
4870,other,MEDIUM,2,30,49.21,5.34,0,0,7,72,0,1
4871,drainage,LOW,1,16,80.13,18.48,0,1,3,48,0,1
4872,drainage,LOW,1,17,9.33,4.12,0,1,3,48,0,0
4873,garbage,HIGH,3,73,122.35,42.05,3,1,2,72,0,1
4874,drainage,LOW,1,16,5.18,2.92,0,1,3,48,0,0
4875,garbage,MEDIUM,2,30,11.61,3.91,0,1,2,72,0,0
4876,garbage,MEDIUM,2,53,122.31,5.94,2,1,2,72,0,1
4877,streetlight,LOW,1,19,36.64,6.3,0,0,4,24,0,1
4878,drainage,MEDIUM,2,39,43.22,27.35,0,1,3,48,0,1
4879,drainage,LOW,1,26,57.01,40.29,1,0,3,48,0,0
4880,streetlight,MEDIUM,2,55,10.99,5.56,2,0,4,24,0,1
4881,water_leakage,HIGH,3,96,19.19,11.4,3,1,5,24,1,1
4882,other,MEDIUM,2,44,91.37,34.98,1,0,7,72,0,1
4883,drainage,LOW,1,17,14.72,10.21,0,0,3,48,0,1
4884,drainage,MEDIUM,2,55,48.12,6.88,3,1,3,48,0,1
4885,drainage,CRITICAL,4,64,74.57,17.28,0,0,3,48,0,1
4886,other,MEDIUM,2,38,18.32,8.82,0,1,7,72,0,0
4887,pothole,MEDIUM,2,61,23.66,20.75,3,1,1,48,0,1
4888,pothole,LOW,1,32,16.26,4.99,1,0,1,48,0,1
4889,water_leakage,CRITICAL,4,87,31.68,5.96,0,0,5,24,1,1
4890,garbage,MEDIUM,2,35,118.7,30.93,0,1,2,72,0,0
4891,water_leakage,HIGH,3,85,25.08,20.27,1,1,5,24,1,1
4892,water_leakage,MEDIUM,2,39,42.15,6.95,1,0,5,24,0,1
4893,streetlight,LOW,1,37,38.22,3.77,2,1,4,24,0,1
4894,drainage,MEDIUM,2,60,52.15,42.08,3,1,3,48,0,1
4895,streetlight,MEDIUM,2,33,9.04,1.69,0,1,4,24,0,0
4896,streetlight,MEDIUM,2,40,0.64,0.16,0,0,4,24,0,1
4897,garbage,LOW,1,24,84.78,57.28,1,1,2,72,0,1
4898,pothole,MEDIUM,2,38,24.15,19.75,0,1,1,48,0,1
4899,pothole,HIGH,3,58,19.19,10.14,1,1,1,48,0,0
4900,pothole,LOW,1,39,23.85,21.11,2,1,1,48,0,0
4901,drainage,MEDIUM,2,30,22.47,1.95,0,1,3,48,0,0
4902,streetlight,LOW,1,27,18.15,3.33,1,1,4,24,0,1
4903,garbage,MEDIUM,2,37,128.16,12.57,0,1,2,72,0,1
4904,water_leakage,LOW,1,17,40.31,23.02,0,1,5,24,0,0
4905,streetlight,CRITICAL,4,86,4.29,3.4,0,0,4,24,1,1
4906,drainage,LOW,1,33,27.91,13.4,1,1,3,48,0,1
4907,garbage,MEDIUM,2,40,114.6,4.63,0,1,2,72,0,1
4908,streetlight,MEDIUM,2,78,18.07,6.76,5,0,4,24,0,1
4909,streetlight,MEDIUM,2,33,34.97,22.39,0,0,4,24,0,1
4910,garbage,LOW,1,48,88.89,32.64,3,1,2,72,0,1
4911,water_leakage,LOW,1,49,38.61,3.72,3,1,5,24,0,1
4912,streetlight,HIGH,3,100,20.84,13.18,5,1,4,24,1,1
4913,other,MEDIUM,2,33,67.84,36.24,0,0,7,72,0,1
4914,garbage,MEDIUM,2,33,115.31,67.63,0,1,2,72,0,1
4915,water_leakage,MEDIUM,2,34,29.33,23.14,0,0,5,24,0,1
4916,other,LOW,1,20,88.64,60.89,0,1,7,72,0,1
4917,other,LOW,1,23,69.6,54.8,0,0,7,72,0,1
4918,streetlight,HIGH,3,84,35.91,13.78,1,0,4,24,1,1
4919,water_leakage,HIGH,3,70,10.46,8.81,0,1,5,24,1,1
4920,drainage,MEDIUM,2,37,46.63,16.83,0,1,3,48,0,0
4921,water_leakage,MEDIUM,2,39,31.61,2.77,1,0,5,24,0,1
4922,drainage,CRITICAL,4,65,61.05,0.11,0,0,3,48,0,1
4923,water_leakage,MEDIUM,2,39,0.79,0.04,0,0,5,24,0,0
4924,garbage,LOW,1,21,0.92,0.87,0,0,2,72,0,1
4925,water_leakage,LOW,1,18,42.75,17.84,0,1,5,24,0,1
4926,streetlight,LOW,1,16,2.27,1.25,0,0,4,24,0,0
4927,other,MEDIUM,2,34,78.03,41.91,0,1,7,72,0,1
4928,pothole,MEDIUM,2,30,55.02,17.37,0,1,1,48,0,1
4929,drainage,MEDIUM,2,44,38.1,30.81,1,0,3,48,0,0
4930,drainage,MEDIUM,2,31,7.52,6.01,0,0,3,48,0,1
4931,pothole,LOW,1,22,16.05,14.9,0,1,1,48,0,0
4932,pothole,MEDIUM,2,33,28.21,11.95,0,1,1,48,0,1
4933,streetlight,MEDIUM,2,31,12.42,8.25,0,1,4,24,0,0
4934,garbage,LOW,1,30,92.45,62.19,1,1,2,72,0,0
4935,other,HIGH,3,54,21.15,20.84,0,1,7,72,0,0
4936,water_leakage,MEDIUM,2,39,30.85,9.63,1,1,5,24,0,1
4937,pothole,LOW,1,16,82.69,4.49,0,1,1,48,0,1
4938,other,HIGH,3,80,40.4,14.72,0,1,7,72,1,0
4939,streetlight,LOW,1,40,32.01,21.5,2,0,4,24,0,0
4940,pothole,MEDIUM,2,54,34.76,11.16,3,1,1,48,0,1
4941,streetlight,MEDIUM,2,47,0.21,0.05,2,1,4,24,0,0
4942,streetlight,HIGH,3,71,3.86,0.11,0,1,4,24,1,1
4943,streetlight,LOW,1,57,9.58,0.87,4,1,4,24,0,1
4944,garbage,LOW,1,21,31.67,10.07,0,1,2,72,0,1
4945,pothole,LOW,1,28,5.51,4.27,1,1,1,48,0,0
4946,garbage,HIGH,3,65,93.67,51.09,2,1,2,72,0,1
4947,streetlight,HIGH,3,46,8.89,6.78,0,1,4,24,0,0
4948,drainage,HIGH,3,86,40.87,35.87,1,1,3,48,1,1
4949,garbage,CRITICAL,4,100,8.09,3.44,5,0,2,72,0,1
4950,water_leakage,LOW,1,44,2.37,1.23,3,1,5,24,0,1
4951,other,LOW,1,25,19.29,5.38,1,1,7,72,0,1
4952,streetlight,LOW,1,45,11.11,2.09,3,0,4,24,0,0
4953,drainage,MEDIUM,2,42,27.17,11.69,1,1,3,48,0,1
4954,other,HIGH,3,57,61.66,61.63,1,1,7,72,0,1
4955,other,HIGH,3,88,31.38,3.3,1,1,7,72,1,1
4956,streetlight,MEDIUM,2,30,24.91,16.43,0,1,4,24,0,1
4957,water_leakage,LOW,1,27,0.59,0.06,1,1,5,24,0,0
4958,streetlight,LOW,1,33,21.53,5.13,1,1,4,24,0,0
4959,water_leakage,MEDIUM,2,38,18.66,11.25,0,1,5,24,0,0
4960,garbage,HIGH,3,83,47.02,11.35,1,1,2,72,1,1
4961,pothole,HIGH,3,100,18.51,0.34,3,0,1,48,1,1
4962,other,MEDIUM,2,35,83.5,53.12,0,1,7,72,0,0
4963,other,CRITICAL,4,100,4.21,1.48,3,0,7,72,1,1
4964,garbage,MEDIUM,2,39,65.49,25.98,0,1,2,72,0,1
4965,garbage,LOW,1,19,55.21,35.08,0,1,2,72,0,1
4966,other,MEDIUM,2,61,119.52,45.81,3,1,7,72,0,1
4967,water_leakage,LOW,1,31,42.21,23.93,1,0,5,24,0,1
4968,pothole,HIGH,3,72,12.97,8.66,0,1,1,48,1,0
4969,garbage,HIGH,3,100,114.15,15.1,4,0,2,72,1,1
4970,pothole,HIGH,3,62,61.21,10.28,2,1,1,48,0,1
4971,other,MEDIUM,2,32,15.05,14.52,0,0,7,72,0,1
4972,other,MEDIUM,2,34,18.66,5.89,0,1,7,72,0,1
4973,pothole,MEDIUM,2,45,26.74,4.04,1,0,1,48,0,1
4974,streetlight,LOW,1,19,15.97,8.11,0,1,4,24,0,1
4975,pothole,CRITICAL,4,63,57.24,47.83,0,1,1,48,0,1
4976,other,HIGH,3,53,0.28,0.22,0,1,7,72,0,1
4977,water_leakage,HIGH,3,77,30.5,5.37,0,1,5,24,1,1
4978,streetlight,LOW,1,16,22.49,14.1,0,1,4,24,0,1
4979,garbage,LOW,1,41,41.55,4.24,2,0,2,72,0,1
4980,pothole,LOW,1,27,28.35,10.57,1,0,1,48,0,1
4981,water_leakage,LOW,1,16,22.69,17.61,0,1,5,24,0,1
4982,garbage,HIGH,3,73,16.34,3.73,0,0,2,72,1,1
4983,drainage,HIGH,3,73,74.31,22.78,3,1,3,48,0,1
4984,pothole,LOW,1,23,1.03,0.54,0,1,1,48,0,0
4985,water_leakage,LOW,1,23,9.73,9.61,0,1,5,24,0,1
4986,streetlight,MEDIUM,2,47,22.29,13.76,2,0,4,24,0,1
4987,water_leakage,LOW,1,23,39.98,20.22,0,1,5,24,0,0
4988,garbage,MEDIUM,2,73,25.58,16.32,5,1,2,72,0,1
4989,pothole,LOW,1,17,18.05,1.1,0,0,1,48,0,1
4990,drainage,LOW,1,36,2.69,2.31,2,0,3,48,0,0
4991,drainage,LOW,1,39,81.5,24.9,2,1,3,48,0,0
4992,other,LOW,1,34,66.25,44.24,2,1,7,72,0,1
4993,drainage,LOW,1,24,80.39,35.0,0,1,3,48,0,0
4994,garbage,CRITICAL,4,89,66.8,49.19,0,0,2,72,1,1
4995,garbage,LOW,1,22,4.32,3.33,0,1,2,72,0,1
4996,other,MEDIUM,2,31,27.63,25.01,0,1,7,72,0,0
4997,other,LOW,1,15,13.52,13.02,0,1,7,72,0,0
4998,streetlight,LOW,1,30,4.93,0.94,1,0,4,24,0,0
4999,streetlight,LOW,1,29,40.95,11.66,1,0,4,24,0,1
5000,water_leakage,MEDIUM,2,38,37.98,21.51,0,1,5,24,0,1
5001,streetlight,LOW,1,19,4.17,0.76,0,1,4,24,0,1
5002,streetlight,MEDIUM,2,35,40.25,5.85,0,1,4,24,0,1
5003,streetlight,CRITICAL,4,74,36.05,13.81,1,1,4,24,0,1
5004,streetlight,MEDIUM,2,30,5.17,0.13,0,0,4,24,0,0
5005,streetlight,MEDIUM,2,51,28.57,14.53,2,1,4,24,0,1
5006,water_leakage,LOW,1,51,26.11,19.25,4,1,5,24,0,1
5007,streetlight,LOW,1,24,30.41,23.97,1,1,4,24,0,0
5008,streetlight,LOW,1,25,43.03,0.81,0,0,4,24,0,1
5009,pothole,CRITICAL,4,72,79.59,44.32,1,1,1,48,0,1
5010,garbage,LOW,1,32,94.52,46.51,1,1,2,72,0,0
5011,pothole,HIGH,3,70,2.08,0.47,0,1,1,48,1,1
5012,other,MEDIUM,2,34,50.23,24.05,0,1,7,72,0,0
5013,drainage,LOW,1,15,22.24,21.71,0,1,3,48,0,1
5014,other,MEDIUM,2,33,110.06,18.14,0,1,7,72,0,1
5015,water_leakage,HIGH,3,79,15.16,5.48,0,1,5,24,1,1
5016,drainage,MEDIUM,2,38,11.63,5.16,0,1,3,48,0,1
5017,streetlight,MEDIUM,2,31,31.9,2.14,0,0,4,24,0,1
5018,streetlight,MEDIUM,2,39,29.43,8.95,0,0,4,24,0,1
5019,pothole,LOW,1,16,9.4,8.84,0,1,1,48,0,0
5020,drainage,LOW,1,49,37.4,10.27,3,1,3,48,0,1
5021,garbage,HIGH,3,72,107.98,7.31,0,1,2,72,1,1
5022,pothole,MEDIUM,2,31,34.73,2.01,0,1,1,48,0,1
5023,drainage,HIGH,3,54,24.02,14.26,0,1,3,48,0,0
5024,garbage,LOW,1,16,39.96,37.62,0,0,2,72,0,0
5025,garbage,HIGH,3,62,82.0,19.57,1,1,2,72,0,1
5026,garbage,HIGH,3,81,59.3,42.52,4,0,2,72,0,0
5027,water_leakage,CRITICAL,4,76,0.86,0.0,1,1,5,24,0,1
5028,streetlight,LOW,1,31,41.93,13.92,1,0,4,24,0,1
5029,pothole,MEDIUM,2,37,41.18,10.04,0,1,1,48,0,1
5030,drainage,HIGH,3,72,40.61,8.36,0,1,3,48,1,1
5031,water_leakage,LOW,1,22,23.24,2.85,0,1,5,24,0,1
5032,streetlight,HIGH,3,54,18.69,12.97,0,0,4,24,0,1
5033,garbage,HIGH,3,48,21.21,17.79,0,1,2,72,0,1
5034,streetlight,HIGH,3,77,21.44,19.9,0,1,4,24,1,1
5035,pothole,LOW,1,32,32.38,21.13,1,0,1,48,0,1
5036,streetlight,MEDIUM,2,45,28.58,20.54,1,1,4,24,0,0
5037,pothole,LOW,1,31,30.71,13.83,2,1,1,48,0,1
5038,drainage,CRITICAL,4,89,64.79,33.47,0,1,3,48,1,1
5039,water_leakage,MEDIUM,2,52,37.93,7.7,2,0,5,24,0,0
5040,garbage,MEDIUM,2,43,123.09,19.23,1,0,2,72,0,1
5041,other,MEDIUM,2,57,61.35,57.81,3,1,7,72,0,1
5042,drainage,MEDIUM,2,63,83.94,0.15,3,1,3,48,0,0
5043,garbage,HIGH,3,96,88.88,11.56,3,1,2,72,1,1
5044,water_leakage,LOW,1,24,21.92,12.2,0,1,5,24,0,0
5045,garbage,MEDIUM,2,36,83.61,30.7,0,0,2,72,0,1
5046,water_leakage,LOW,1,19,27.48,18.67,0,1,5,24,0,0
5047,other,HIGH,3,100,77.77,59.31,5,0,7,72,1,1
5048,water_leakage,HIGH,3,55,34.65,10.38,0,1,5,24,0,1
5049,garbage,LOW,1,16,13.76,13.67,0,0,2,72,0,1
5050,other,MEDIUM,2,43,43.24,36.95,1,1,7,72,0,0
5051,drainage,LOW,1,15,33.54,2.48,0,1,3,48,0,0
5052,water_leakage,LOW,1,18,2.31,1.55,0,0,5,24,0,0
5053,other,LOW,1,19,95.51,1.32,0,1,7,72,0,1
5054,streetlight,MEDIUM,2,38,30.94,18.19,0,0,4,24,0,1
5055,other,MEDIUM,2,48,74.81,25.38,1,0,7,72,0,1
5056,water_leakage,HIGH,3,78,18.17,4.78,0,1,5,24,1,1
5057,water_leakage,HIGH,3,72,11.37,10.4,0,0,5,24,1,1
5058,garbage,HIGH,3,91,72.95,65.23,5,1,2,72,0,0
5059,other,MEDIUM,2,33,75.12,11.1,0,1,7,72,0,1
5060,garbage,MEDIUM,2,40,46.3,39.9,1,1,2,72,0,1
5061,drainage,MEDIUM,2,35,40.96,19.63,0,1,3,48,0,1
5062,garbage,LOW,1,25,127.15,12.91,0,1,2,72,0,0
5063,streetlight,MEDIUM,2,35,35.17,9.62,0,1,4,24,0,1
5064,garbage,MEDIUM,2,50,80.01,10.49,2,1,2,72,0,1
5065,other,MEDIUM,2,69,89.55,10.34,4,1,7,72,0,1
5066,garbage,MEDIUM,2,47,114.01,37.91,2,1,2,72,0,0
5067,water_leakage,CRITICAL,4,94,19.11,9.68,0,1,5,24,1,1
5068,drainage,LOW,1,32,32.78,28.58,1,1,3,48,0,0
5069,streetlight,LOW,1,24,36.07,6.76,1,1,4,24,0,0
5070,pothole,LOW,1,24,24.68,6.51,1,0,1,48,0,1
5071,garbage,MEDIUM,2,40,104.26,17.95,1,1,2,72,0,1
5072,streetlight,MEDIUM,2,30,4.31,2.67,0,1,4,24,0,1
5073,garbage,MEDIUM,2,35,116.98,47.64,0,0,2,72,0,1
5074,drainage,MEDIUM,2,30,72.86,45.81,0,0,3,48,0,1
5075,other,MEDIUM,2,31,8.5,5.65,0,1,7,72,0,0
5076,streetlight,MEDIUM,2,71,41.11,19.25,5,0,4,24,0,1
5077,other,CRITICAL,4,95,110.15,32.06,0,0,7,72,1,1
5078,pothole,HIGH,3,88,75.58,4.69,2,0,1,48,1,1
5079,water_leakage,MEDIUM,2,58,6.83,5.91,3,1,5,24,0,1
5080,pothole,MEDIUM,2,36,18.03,6.88,0,1,1,48,0,0
5081,pothole,LOW,1,52,56.19,41.05,4,0,1,48,0,1
5082,pothole,HIGH,3,86,71.6,4.01,2,1,1,48,1,1
5083,drainage,LOW,1,48,77.26,35.83,3,1,3,48,0,0
5084,water_leakage,CRITICAL,4,75,38.63,22.1,1,0,5,24,0,1
5085,garbage,HIGH,3,78,91.08,19.73,3,1,2,72,0,1
5086,pothole,HIGH,3,91,22.18,11.14,2,1,1,48,1,1
5087,drainage,LOW,1,27,26.75,23.14,1,1,3,48,0,0
5088,other,MEDIUM,2,42,98.09,56.19,1,1,7,72,0,0
5089,other,MEDIUM,2,46,64.62,32.25,1,1,7,72,0,0
5090,pothole,MEDIUM,2,64,31.89,17.74,3,1,1,48,0,0
5091,drainage,MEDIUM,2,36,42.35,23.57,0,1,3,48,0,0
5092,drainage,HIGH,3,47,22.69,16.66,0,0,3,48,0,1
5093,drainage,HIGH,3,83,64.69,23.7,1,1,3,48,1,1
5094,pothole,LOW,1,17,10.7,4.69,0,1,1,48,0,0
5095,drainage,HIGH,3,79,81.85,21.32,0,0,3,48,1,1
5096,pothole,LOW,1,23,75.52,44.49,0,1,1,48,0,1
5097,other,LOW,1,24,55.62,4.33,0,1,7,72,0,0
5098,other,CRITICAL,4,85,77.24,46.84,0,1,7,72,1,1
5099,pothole,HIGH,3,77,67.69,15.48,0,1,1,48,1,1
5100,pothole,MEDIUM,2,54,46.39,0.28,2,1,1,48,0,1
5101,water_leakage,LOW,1,22,15.89,7.25,0,1,5,24,0,0
5102,pothole,MEDIUM,2,40,42.17,29.02,1,0,1,48,0,1
5103,garbage,LOW,1,17,111.99,18.64,0,1,2,72,0,1
5104,garbage,MEDIUM,2,36,22.9,8.33,0,0,2,72,0,0
5105,streetlight,HIGH,3,96,12.11,8.33,2,1,4,24,1,1
5106,drainage,MEDIUM,2,44,69.85,38.79,1,1,3,48,0,1
5107,water_leakage,CRITICAL,4,70,23.31,2.11,1,0,5,24,0,1
5108,garbage,MEDIUM,2,37,96.29,61.9,0,0,2,72,0,1
5109,pothole,HIGH,3,48,73.43,42.0,0,0,1,48,0,1
5110,garbage,HIGH,3,92,120.15,44.57,2,1,2,72,1,1
5111,streetlight,HIGH,3,90,18.82,7.78,5,1,4,24,0,1
5112,streetlight,HIGH,3,100,32.24,9.26,5,0,4,24,1,1
5113,garbage,HIGH,3,78,104.9,44.56,0,1,2,72,1,0
5114,pothole,MEDIUM,2,33,23.18,14.2,0,1,1,48,0,0
5115,other,HIGH,3,65,64.54,6.25,2,1,7,72,0,1
5116,pothole,CRITICAL,4,88,55.27,20.98,0,0,1,48,1,1
5117,water_leakage,LOW,1,20,1.18,0.01,0,0,5,24,0,0
5118,other,MEDIUM,2,46,91.88,43.86,2,1,7,72,0,1
5119,water_leakage,HIGH,3,87,29.52,11.29,1,0,5,24,1,0
5120,other,HIGH,3,77,40.81,22.63,0,0,7,72,1,1
5121,water_leakage,LOW,1,15,36.67,10.21,0,1,5,24,0,0
5122,pothole,LOW,1,39,54.48,2.4,2,1,1,48,0,0
5123,drainage,HIGH,3,98,28.37,13.68,3,1,3,48,1,1
5124,drainage,LOW,1,17,13.82,2.27,0,0,3,48,0,1
5125,garbage,LOW,1,20,48.01,6.72,0,0,2,72,0,0
5126,pothole,LOW,1,23,13.56,6.35,0,1,1,48,0,0
5127,drainage,LOW,1,32,31.23,6.5,2,1,3,48,0,0
5128,other,LOW,1,17,66.47,23.85,0,0,7,72,0,1
5129,other,CRITICAL,4,89,0.42,0.11,3,1,7,72,0,1
5130,streetlight,MEDIUM,2,52,39.49,5.11,2,0,4,24,0,1
5131,garbage,HIGH,3,100,49.59,28.36,3,0,2,72,1,1
5132,garbage,LOW,1,15,121.26,48.56,0,0,2,72,0,1
5133,pothole,MEDIUM,2,31,17.17,13.93,0,0,1,48,0,1
5134,garbage,MEDIUM,2,39,38.5,3.33,1,1,2,72,0,0
5135,streetlight,MEDIUM,2,35,12.41,2.35,0,1,4,24,0,0
5136,garbage,LOW,1,19,39.69,29.34,0,1,2,72,0,0
5137,streetlight,MEDIUM,2,31,5.07,0.16,0,1,4,24,0,0
5138,streetlight,MEDIUM,2,38,34.12,22.3,0,1,4,24,0,1
5139,streetlight,HIGH,3,73,10.36,6.98,0,0,4,24,1,1
5140,garbage,MEDIUM,2,30,68.06,51.65,0,1,2,72,0,0
5141,drainage,LOW,1,15,62.75,31.63,0,0,3,48,0,0
5142,garbage,HIGH,3,77,70.8,30.83,0,1,2,72,1,1
5143,streetlight,LOW,1,29,6.92,2.18,1,1,4,24,0,1
5144,water_leakage,LOW,1,23,8.86,8.82,0,0,5,24,0,0
5145,garbage,LOW,1,24,114.43,3.11,0,0,2,72,0,1
5146,drainage,MEDIUM,2,36,4.35,2.99,0,1,3,48,0,1
5147,pothole,MEDIUM,2,41,57.04,42.06,1,1,1,48,0,1
5148,water_leakage,CRITICAL,4,100,29.62,12.13,1,1,5,24,1,1
5149,pothole,MEDIUM,2,46,76.4,19.15,1,1,1,48,0,1
5150,garbage,MEDIUM,2,40,6.08,4.42,0,0,2,72,0,1
5151,drainage,MEDIUM,2,32,2.01,1.1,0,1,3,48,0,1
5152,drainage,LOW,1,58,52.8,37.74,5,1,3,48,0,1
5153,water_leakage,LOW,1,20,9.16,5.12,0,1,5,24,0,0
5154,drainage,LOW,1,19,45.85,20.91,0,1,3,48,0,0
5155,water_leakage,LOW,1,22,11.02,9.91,0,1,5,24,0,0
5156,other,LOW,1,15,7.76,0.78,0,1,7,72,0,0
5157,streetlight,MEDIUM,2,63,17.93,1.01,3,1,4,24,0,1
5158,other,LOW,1,26,82.99,38.25,1,0,7,72,0,1
5159,garbage,HIGH,3,100,83.26,24.08,3,0,2,72,1,1
5160,water_leakage,MEDIUM,2,35,1.0,0.99,0,1,5,24,0,0
5161,other,LOW,1,25,81.87,31.65,1,0,7,72,0,0
5162,pothole,HIGH,3,49,57.77,18.61,0,1,1,48,0,1
5163,pothole,MEDIUM,2,48,47.05,21.16,1,0,1,48,0,1
5164,streetlight,MEDIUM,2,53,5.83,3.08,2,1,4,24,0,0
5165,other,HIGH,3,76,32.8,0.44,0,1,7,72,1,1
5166,water_leakage,MEDIUM,2,48,20.99,13.9,2,1,5,24,0,1
5167,drainage,MEDIUM,2,37,25.98,6.83,0,1,3,48,0,1
5168,garbage,MEDIUM,2,37,7.11,3.29,0,1,2,72,0,0
5169,pothole,MEDIUM,2,46,2.03,0.64,1,0,1,48,0,1
5170,other,HIGH,3,72,30.25,12.32,0,0,7,72,1,1
5171,water_leakage,MEDIUM,2,34,26.17,9.37,0,1,5,24,0,1
5172,water_leakage,MEDIUM,2,33,8.07,3.33,0,0,5,24,0,1
5173,drainage,MEDIUM,2,64,55.42,2.49,3,0,3,48,0,1
5174,other,LOW,1,20,100.05,11.59,0,0,7,72,0,1
5175,streetlight,LOW,1,21,31.52,3.57,0,1,4,24,0,0
5176,pothole,MEDIUM,2,39,37.49,10.68,1,1,1,48,0,1
5177,water_leakage,LOW,1,20,16.94,14.14,0,1,5,24,0,0
5178,other,LOW,1,21,7.09,3.36,0,0,7,72,0,1
5179,other,HIGH,3,63,94.24,62.08,1,0,7,72,0,1
5180,other,LOW,1,25,86.21,39.59,0,1,7,72,0,0
5181,garbage,LOW,1,20,100.28,14.28,0,1,2,72,0,0
5182,streetlight,MEDIUM,2,40,4.58,3.43,0,1,4,24,0,0
5183,pothole,HIGH,3,58,70.31,4.47,1,0,1,48,0,1
5184,pothole,MEDIUM,2,74,15.22,14.9,5,1,1,48,0,1
5185,water_leakage,MEDIUM,2,40,32.95,9.93,0,1,5,24,0,0
5186,pothole,HIGH,3,87,84.08,13.65,2,1,1,48,1,0
5187,pothole,LOW,1,23,32.31,18.52,0,1,1,48,0,0
5188,streetlight,LOW,1,17,25.9,21.61,0,1,4,24,0,1
5189,other,LOW,1,49,44.62,14.42,4,1,7,72,0,0
5190,pothole,HIGH,3,48,8.55,7.9,0,0,1,48,0,1
5191,garbage,MEDIUM,2,33,64.15,45.22,0,1,2,72,0,1
5192,other,CRITICAL,4,75,76.87,22.25,1,1,7,72,0,1
5193,other,LOW,1,38,91.67,21.24,2,1,7,72,0,1
5194,other,MEDIUM,2,46,50.98,13.97,1,0,7,72,0,1
5195,drainage,LOW,1,24,68.7,19.68,1,1,3,48,0,1
5196,water_leakage,MEDIUM,2,39,24.15,7.0,0,1,5,24,0,1
5197,pothole,MEDIUM,2,38,22.44,2.72,0,1,1,48,0,1
5198,water_leakage,MEDIUM,2,54,33.47,23.22,2,0,5,24,0,1
5199,pothole,LOW,1,23,31.43,17.72,0,1,1,48,0,0
5200,garbage,LOW,1,17,128.04,64.24,0,0,2,72,0,0
5201,garbage,LOW,1,23,119.12,19.82,1,1,2,72,0,1
5202,pothole,MEDIUM,2,47,56.36,3.41,1,1,1,48,0,1
5203,garbage,LOW,1,28,58.29,43.69,1,0,2,72,0,1
5204,other,MEDIUM,2,31,129.19,52.43,0,1,7,72,0,1
5205,pothole,LOW,1,52,26.66,4.06,4,1,1,48,0,1
5206,streetlight,CRITICAL,4,85,21.83,4.75,0,1,4,24,1,1
5207,pothole,MEDIUM,2,40,53.72,45.46,1,1,1,48,0,1
5208,garbage,LOW,1,26,52.44,48.86,1,1,2,72,0,1
5209,drainage,MEDIUM,2,45,0.29,0.22,1,0,3,48,0,1
5210,water_leakage,MEDIUM,2,38,34.18,20.35,0,1,5,24,0,1
5211,other,LOW,1,26,90.77,46.93,1,1,7,72,0,1
5212,pothole,HIGH,3,80,25.97,7.2,0,1,1,48,1,1
5213,water_leakage,HIGH,3,72,19.54,14.04,0,1,5,24,1,1
5214,pothole,LOW,1,20,69.4,16.89,0,1,1,48,0,1
5215,drainage,MEDIUM,2,75,69.2,39.9,5,1,3,48,0,1
5216,other,LOW,1,26,124.57,5.09,1,1,7,72,0,1
5217,other,LOW,1,40,38.72,19.17,2,1,7,72,0,0
5218,other,LOW,1,15,60.24,21.73,0,0,7,72,0,0
5219,pothole,LOW,1,31,45.65,14.05,1,1,1,48,0,0
5220,streetlight,LOW,1,23,0.22,0.03,0,1,4,24,0,0
5221,pothole,HIGH,3,60,67.87,9.28,1,0,1,48,0,1
5222,streetlight,CRITICAL,4,62,8.99,6.57,0,1,4,24,0,1
5223,streetlight,LOW,1,23,36.4,9.24,0,1,4,24,0,0
5224,streetlight,LOW,1,18,3.84,2.87,0,1,4,24,0,0
5225,garbage,HIGH,3,88,3.41,1.11,1,1,2,72,1,1
5226,other,MEDIUM,2,40,104.87,57.55,0,1,7,72,0,1
5227,other,MEDIUM,2,40,126.0,54.93,0,1,7,72,0,1
5228,drainage,LOW,1,38,49.65,44.75,2,1,3,48,0,0
5229,pothole,HIGH,3,88,38.92,35.94,1,1,1,48,1,1
5230,drainage,MEDIUM,2,30,77.39,7.49,0,1,3,48,0,0
5231,pothole,MEDIUM,2,31,37.55,4.9,0,1,1,48,0,1
5232,other,MEDIUM,2,45,55.68,50.77,1,1,7,72,0,0
5233,pothole,CRITICAL,4,86,62.2,2.62,0,0,1,48,1,1
5234,garbage,MEDIUM,2,44,48.22,21.87,1,1,2,72,0,0
5235,streetlight,MEDIUM,2,37,19.78,3.81,0,1,4,24,0,0
5236,pothole,HIGH,3,47,29.17,12.64,0,0,1,48,0,1
5237,pothole,MEDIUM,2,42,25.66,22.39,1,0,1,48,0,1
5238,other,LOW,1,18,54.19,5.29,0,1,7,72,0,0
5239,streetlight,LOW,1,19,36.09,0.3,0,1,4,24,0,1
5240,water_leakage,LOW,1,25,21.2,11.2,1,1,5,24,0,0
5241,pothole,CRITICAL,4,85,69.39,18.14,0,0,1,48,1,1
5242,pothole,MEDIUM,2,55,4.72,2.04,2,0,1,48,0,1
5243,pothole,LOW,1,40,56.76,27.56,2,1,1,48,0,1
5244,garbage,LOW,1,24,74.55,20.53,0,1,2,72,0,1
5245,pothole,MEDIUM,2,39,23.43,9.84,0,0,1,48,0,0
5246,water_leakage,LOW,1,22,22.17,16.65,0,1,5,24,0,1
5247,water_leakage,MEDIUM,2,47,39.15,3.68,1,1,5,24,0,1
5248,water_leakage,MEDIUM,2,38,23.24,10.01,0,1,5,24,0,1
5249,other,LOW,1,20,113.1,68.04,0,1,7,72,0,1
5250,drainage,MEDIUM,2,73,30.67,3.55,5,1,3,48,0,1
5251,garbage,MEDIUM,2,38,11.39,9.51,0,1,2,72,0,0
5252,drainage,LOW,1,45,13.77,7.36,3,1,3,48,0,1
5253,water_leakage,MEDIUM,2,31,35.96,19.47,0,0,5,24,0,1
5254,drainage,LOW,1,33,24.07,15.4,1,1,3,48,0,1
5255,water_leakage,MEDIUM,2,40,10.19,10.02,0,0,5,24,0,0
5256,pothole,MEDIUM,2,30,44.29,3.3,0,1,1,48,0,1
5257,streetlight,MEDIUM,2,35,13.13,9.63,0,0,4,24,0,1
5258,water_leakage,LOW,1,30,4.24,3.23,1,1,5,24,0,0
5259,pothole,CRITICAL,4,100,60.77,46.9,1,1,1,48,1,1
5260,pothole,MEDIUM,2,46,72.91,20.45,1,1,1,48,0,1
5261,drainage,LOW,1,16,6.97,6.25,0,1,3,48,0,1
5262,streetlight,MEDIUM,2,69,36.08,6.68,4,1,4,24,0,1
5263,pothole,LOW,1,25,44.83,43.87,0,0,1,48,0,1
5264,water_leakage,MEDIUM,2,69,20.93,14.32,4,1,5,24,0,1
5265,pothole,LOW,1,21,5.07,0.42,0,1,1,48,0,1
5266,drainage,MEDIUM,2,34,52.61,8.55,0,1,3,48,0,1
5267,streetlight,MEDIUM,2,35,27.88,2.41,0,1,4,24,0,0
5268,garbage,LOW,1,21,47.03,28.18,0,0,2,72,0,1
5269,drainage,CRITICAL,4,67,72.15,47.2,0,1,3,48,0,1
5270,drainage,MEDIUM,2,40,73.47,7.94,0,0,3,48,0,1
5271,other,MEDIUM,2,33,25.73,7.16,0,0,7,72,0,1
5272,pothole,LOW,1,16,27.07,23.22,0,1,1,48,0,0
5273,drainage,HIGH,3,81,8.87,5.52,1,1,3,48,1,1
5274,garbage,MEDIUM,2,45,1.8,1.37,1,0,2,72,0,1
5275,garbage,HIGH,3,72,19.4,19.02,0,0,2,72,1,1
5276,garbage,MEDIUM,2,36,103.38,34.74,0,1,2,72,0,1
5277,pothole,MEDIUM,2,35,76.59,17.94,0,1,1,48,0,0
5278,other,MEDIUM,2,34,129.47,21.95,0,1,7,72,0,1
5279,other,MEDIUM,2,40,67.31,12.6,1,1,7,72,0,1
5280,other,MEDIUM,2,43,3.02,1.29,1,1,7,72,0,0
5281,streetlight,MEDIUM,2,40,16.44,8.61,0,1,4,24,0,1
5282,garbage,HIGH,3,100,121.45,47.84,4,1,2,72,1,1
5283,drainage,LOW,1,26,11.72,11.03,1,1,3,48,0,0
5284,pothole,HIGH,3,53,75.55,44.99,0,1,1,48,0,1
5285,other,MEDIUM,2,79,95.4,6.46,5,1,7,72,0,1
5286,pothole,MEDIUM,2,48,74.45,33.13,2,0,1,48,0,1
5287,water_leakage,MEDIUM,2,41,43.04,19.15,1,1,5,24,0,0
5288,water_leakage,MEDIUM,2,48,35.75,10.87,1,1,5,24,0,1
5289,streetlight,LOW,1,25,12.45,1.42,1,1,4,24,0,0
5290,garbage,LOW,1,27,125.03,47.29,1,1,2,72,0,0
5291,garbage,MEDIUM,2,31,89.06,27.84,0,0,2,72,0,1
5292,streetlight,LOW,1,32,31.49,13.69,1,0,4,24,0,1
5293,pothole,LOW,1,24,33.21,28.19,0,1,1,48,0,1
5294,streetlight,LOW,1,17,25.15,24.0,0,1,4,24,0,1
5295,drainage,MEDIUM,2,33,68.69,5.08,0,1,3,48,0,1
5296,drainage,MEDIUM,2,43,28.78,27.44,1,1,3,48,0,0
5297,other,MEDIUM,2,38,79.51,5.28,0,0,7,72,0,1
5298,water_leakage,MEDIUM,2,62,35.55,16.26,3,1,5,24,0,0
5299,pothole,MEDIUM,2,32,7.93,7.1,0,0,1,48,0,0
5300,garbage,MEDIUM,2,40,3.33,2.59,0,0,2,72,0,1
5301,water_leakage,MEDIUM,2,37,12.36,9.67,0,1,5,24,0,1
5302,pothole,HIGH,3,84,15.02,12.9,1,1,1,48,1,1
5303,water_leakage,HIGH,3,53,9.66,9.11,1,0,5,24,0,1
5304,garbage,MEDIUM,2,47,38.5,9.27,1,1,2,72,0,0
5305,drainage,CRITICAL,4,85,32.47,23.25,0,0,3,48,1,1
5306,water_leakage,HIGH,3,48,20.41,9.44,0,1,5,24,0,1
5307,garbage,CRITICAL,4,95,46.24,31.99,0,0,2,72,1,1
5308,garbage,LOW,1,26,68.41,30.63,1,1,2,72,0,0
5309,streetlight,HIGH,3,63,22.72,12.53,2,1,4,24,0,1
5310,garbage,LOW,1,21,33.92,12.92,0,1,2,72,0,1
5311,water_leakage,LOW,1,40,24.83,5.41,3,0,5,24,0,1
5312,other,HIGH,3,78,98.2,4.64,0,1,7,72,1,1
5313,pothole,LOW,1,23,38.77,1.24,0,1,1,48,0,0
5314,pothole,HIGH,3,70,26.93,2.01,3,0,1,48,0,1
5315,garbage,HIGH,3,74,4.65,2.16,0,1,2,72,1,1
5316,other,MEDIUM,2,48,123.89,0.52,1,1,7,72,0,0
5317,drainage,LOW,1,17,83.0,17.4,0,1,3,48,0,1
5318,drainage,CRITICAL,4,88,3.08,2.6,0,1,3,48,1,1
5319,drainage,MEDIUM,2,32,70.0,45.49,0,0,3,48,0,1
5320,streetlight,MEDIUM,2,32,2.38,2.06,0,1,4,24,0,1
5321,pothole,MEDIUM,2,36,8.07,6.8,0,1,1,48,0,0
5322,garbage,LOW,1,20,6.47,5.14,0,1,2,72,0,0
5323,garbage,LOW,1,15,13.11,4.2,0,1,2,72,0,0
5324,drainage,LOW,1,19,12.24,4.62,0,0,3,48,0,1
5325,garbage,MEDIUM,2,65,34.73,12.6,4,1,2,72,0,1
5326,other,HIGH,3,49,47.97,40.4,0,1,7,72,0,1
5327,other,LOW,1,24,20.91,2.04,0,1,7,72,0,1
5328,garbage,LOW,1,24,12.3,12.03,0,1,2,72,0,1
5329,other,LOW,1,28,76.96,61.32,1,0,7,72,0,1
5330,other,MEDIUM,2,30,20.93,17.05,0,1,7,72,0,1
5331,pothole,HIGH,3,57,55.94,31.77,1,1,1,48,0,0
5332,other,MEDIUM,2,54,55.89,23.75,2,1,7,72,0,0
5333,other,MEDIUM,2,54,124.0,0.73,2,0,7,72,0,0
5334,pothole,HIGH,3,82,71.57,18.41,1,0,1,48,1,1
5335,drainage,HIGH,3,60,62.43,34.11,1,0,3,48,0,1
5336,drainage,LOW,1,23,74.62,17.44,0,0,3,48,0,0
5337,pothole,LOW,1,19,53.33,0.89,0,1,1,48,0,1
5338,drainage,MEDIUM,2,34,79.26,6.49,0,0,3,48,0,1
5339,other,LOW,1,19,123.63,43.93,0,1,7,72,0,1
5340,other,MEDIUM,2,33,34.23,14.74,0,0,7,72,0,1
5341,streetlight,LOW,1,17,21.25,16.67,0,0,4,24,0,1
5342,garbage,MEDIUM,2,32,10.4,2.65,0,1,2,72,0,0
5343,water_leakage,LOW,1,21,40.01,11.8,0,0,5,24,0,1
5344,streetlight,MEDIUM,2,37,15.16,8.33,0,1,4,24,0,1
5345,garbage,LOW,1,23,109.88,53.49,1,1,2,72,0,0
5346,water_leakage,LOW,1,48,25.27,15.64,4,1,5,24,0,1
5347,pothole,HIGH,3,52,81.44,13.67,0,1,1,48,0,1
5348,streetlight,MEDIUM,2,51,15.36,2.6,2,1,4,24,0,1
5349,other,LOW,1,24,112.35,63.77,0,1,7,72,0,0
5350,garbage,MEDIUM,2,36,114.41,63.41,0,0,2,72,0,1
5351,garbage,MEDIUM,2,40,81.47,55.06,0,0,2,72,0,1
5352,drainage,MEDIUM,2,62,12.18,3.0,3,1,3,48,0,0
5353,drainage,HIGH,3,53,10.18,7.76,0,1,3,48,0,1
5354,drainage,LOW,1,28,73.98,38.85,1,1,3,48,0,1
5355,streetlight,MEDIUM,2,33,38.43,17.61,0,1,4,24,0,1
5356,water_leakage,LOW,1,24,4.52,1.95,0,1,5,24,0,1
5357,other,HIGH,3,54,75.39,46.56,1,1,7,72,0,1
5358,pothole,MEDIUM,2,58,84.52,14.08,3,1,1,48,0,1
5359,streetlight,MEDIUM,2,36,42.7,2.79,0,1,4,24,0,1
5360,water_leakage,MEDIUM,2,59,10.61,8.19,3,1,5,24,0,1
5361,streetlight,MEDIUM,2,36,25.9,11.08,0,1,4,24,0,1
5362,other,MEDIUM,2,33,21.69,5.74,0,1,7,72,0,0
5363,other,MEDIUM,2,35,74.0,71.16,0,1,7,72,0,0
5364,pothole,HIGH,3,78,22.94,15.72,0,0,1,48,1,1
5365,garbage,LOW,1,16,74.82,36.51,0,1,2,72,0,0
5366,other,MEDIUM,2,45,120.87,58.35,1,1,7,72,0,0
5367,garbage,MEDIUM,2,48,24.12,5.73,1,1,2,72,0,1
5368,garbage,MEDIUM,2,34,8.73,8.47,0,0,2,72,0,1
5369,drainage,HIGH,3,71,41.61,4.96,0,1,3,48,1,1
5370,drainage,MEDIUM,2,38,79.94,8.19,0,0,3,48,0,1
5371,garbage,MEDIUM,2,68,40.44,11.35,4,1,2,72,0,0
5372,streetlight,HIGH,3,79,42.76,1.54,0,1,4,24,1,1
5373,streetlight,LOW,1,24,27.52,0.45,0,1,4,24,0,1
5374,water_leakage,LOW,1,16,5.38,2.94,0,1,5,24,0,0
5375,streetlight,LOW,1,24,22.88,1.08,1,1,4,24,0,1
5376,water_leakage,LOW,1,17,41.03,3.12,0,1,5,24,0,0
5377,garbage,MEDIUM,2,38,60.56,15.89,0,1,2,72,0,1
5378,streetlight,HIGH,3,80,3.38,1.91,1,1,4,24,1,1
5379,water_leakage,MEDIUM,2,33,22.47,22.37,0,0,5,24,0,1
5380,other,MEDIUM,2,34,95.7,19.96,0,0,7,72,0,1
5381,drainage,MEDIUM,2,39,62.67,9.48,1,1,3,48,0,1
5382,garbage,HIGH,3,61,61.57,8.1,1,1,2,72,0,1
5383,pothole,MEDIUM,2,38,77.59,31.64,0,1,1,48,0,1
5384,garbage,LOW,1,23,51.52,3.27,0,0,2,72,0,1
5385,other,MEDIUM,2,39,67.54,27.26,0,1,7,72,0,0
5386,streetlight,LOW,1,20,39.46,16.46,0,0,4,24,0,1
5387,garbage,MEDIUM,2,33,54.1,29.05,0,1,2,72,0,1
5388,other,LOW,1,23,84.0,23.68,1,0,7,72,0,1
5389,garbage,CRITICAL,4,100,102.74,56.67,1,1,2,72,1,1
5390,water_leakage,LOW,1,17,35.75,10.12,0,0,5,24,0,1
5391,garbage,MEDIUM,2,52,105.52,29.83,2,0,2,72,0,1
5392,other,HIGH,3,100,101.24,11.47,5,1,7,72,1,1
5393,other,MEDIUM,2,31,49.99,1.87,0,1,7,72,0,0
5394,water_leakage,HIGH,3,45,0.04,0.01,0,1,5,24,0,0
5395,garbage,HIGH,3,77,16.61,9.11,0,1,2,72,1,1
5396,water_leakage,MEDIUM,2,53,3.03,2.81,2,0,5,24,0,1
5397,streetlight,LOW,1,28,17.97,13.62,1,1,4,24,0,0
5398,other,LOW,1,22,72.23,61.91,0,1,7,72,0,1
5399,other,MEDIUM,2,65,71.12,45.83,4,1,7,72,0,1
5400,streetlight,MEDIUM,2,34,35.98,10.0,0,1,4,24,0,1
5401,drainage,MEDIUM,2,39,41.62,20.64,0,1,3,48,0,1
5402,drainage,MEDIUM,2,41,35.77,19.16,1,1,3,48,0,1
5403,drainage,MEDIUM,2,44,48.87,7.98,1,1,3,48,0,1
5404,garbage,LOW,1,41,42.04,7.67,2,1,2,72,0,1
5405,pothole,CRITICAL,4,86,70.16,8.31,0,1,1,48,1,1
5406,pothole,MEDIUM,2,39,83.16,21.03,0,1,1,48,0,1
5407,garbage,HIGH,3,100,65.83,53.94,4,1,2,72,1,1
5408,streetlight,MEDIUM,2,35,35.51,22.51,0,1,4,24,0,0
5409,pothole,MEDIUM,2,46,67.11,4.88,2,1,1,48,0,0
5410,other,MEDIUM,2,47,26.82,21.21,1,0,7,72,0,1
5411,garbage,MEDIUM,2,31,102.95,42.34,0,1,2,72,0,0
5412,streetlight,MEDIUM,2,40,15.74,5.03,0,1,4,24,0,1
5413,pothole,CRITICAL,4,74,59.23,31.98,1,1,1,48,0,1
5414,drainage,CRITICAL,4,93,41.37,21.65,1,1,3,48,1,1
5415,pothole,HIGH,3,71,64.49,44.55,2,1,1,48,0,1
5416,other,LOW,1,17,127.45,31.72,0,1,7,72,0,1
5417,other,MEDIUM,2,33,77.87,50.57,0,0,7,72,0,1
5418,other,HIGH,3,100,105.87,62.41,4,1,7,72,1,1
5419,pothole,MEDIUM,2,33,16.46,12.76,0,0,1,48,0,1
5420,water_leakage,MEDIUM,2,47,35.12,7.45,1,1,5,24,0,1
5421,other,LOW,1,31,91.26,61.56,1,1,7,72,0,1
5422,drainage,MEDIUM,2,41,3.13,0.34,1,0,3,48,0,0
5423,water_leakage,MEDIUM,2,47,14.41,1.99,1,0,5,24,0,0
5424,streetlight,MEDIUM,2,38,37.41,3.8,1,1,4,24,0,1
5425,other,LOW,1,26,27.92,26.23,1,0,7,72,0,1
5426,other,LOW,1,22,107.75,43.68,0,1,7,72,0,1
5427,streetlight,MEDIUM,2,30,36.8,18.14,0,1,4,24,0,1
5428,garbage,CRITICAL,4,100,45.16,39.0,4,1,2,72,1,1
5429,pothole,LOW,1,22,20.4,9.91,0,1,1,48,0,0
5430,water_leakage,MEDIUM,2,47,27.81,17.84,1,0,5,24,0,1
5431,garbage,MEDIUM,2,31,76.38,33.96,0,1,2,72,0,0
5432,pothole,HIGH,3,49,26.42,6.97,0,0,1,48,0,1
5433,garbage,MEDIUM,2,55,95.48,9.95,2,1,2,72,0,1
5434,pothole,LOW,1,31,33.58,16.35,1,1,1,48,0,0
5435,water_leakage,MEDIUM,2,39,37.65,12.46,0,1,5,24,0,0
5436,drainage,LOW,1,24,59.85,15.53,0,1,3,48,0,1
5437,pothole,MEDIUM,2,37,68.25,12.5,0,1,1,48,0,1
5438,drainage,LOW,1,20,62.76,23.06,0,0,3,48,0,1
5439,other,LOW,1,24,61.59,55.73,0,1,7,72,0,1
5440,pothole,CRITICAL,4,85,32.99,0.24,0,0,1,48,1,1
5441,streetlight,MEDIUM,2,48,25.85,16.54,1,0,4,24,0,1
5442,water_leakage,MEDIUM,2,33,19.83,17.66,0,0,5,24,0,1
5443,other,MEDIUM,2,37,108.61,43.25,0,1,7,72,0,0
5444,streetlight,MEDIUM,2,37,13.15,8.9,0,0,4,24,0,0
5445,pothole,MEDIUM,2,38,15.66,6.37,0,1,1,48,0,0
5446,streetlight,HIGH,3,70,34.37,18.37,0,1,4,24,1,1
5447,garbage,MEDIUM,2,50,53.15,16.11,2,1,2,72,0,1
5448,drainage,MEDIUM,2,35,31.65,26.11,0,1,3,48,0,1
5449,drainage,LOW,1,20,82.55,11.93,0,1,3,48,0,1
5450,garbage,LOW,1,40,60.27,10.27,3,1,2,72,0,0
5451,water_leakage,MEDIUM,2,30,38.74,22.03,0,0,5,24,0,1
5452,water_leakage,LOW,1,25,0.81,0.2,0,0,5,24,0,1
5453,water_leakage,MEDIUM,2,57,18.09,0.71,3,1,5,24,0,1
5454,drainage,LOW,1,36,25.96,24.65,2,0,3,48,0,1
5455,drainage,MEDIUM,2,31,23.06,18.48,0,1,3,48,0,0
5456,garbage,MEDIUM,2,49,105.52,52.43,2,1,2,72,0,0
5457,garbage,LOW,1,23,42.6,39.99,1,1,2,72,0,1
5458,drainage,LOW,1,25,27.69,10.9,0,1,3,48,0,0
5459,water_leakage,HIGH,3,73,39.48,18.51,0,1,5,24,1,1
5460,drainage,LOW,1,17,56.21,42.15,0,0,3,48,0,1
5461,drainage,HIGH,3,49,18.31,11.62,0,1,3,48,0,1
5462,pothole,LOW,1,29,56.95,2.95,1,1,1,48,0,1
5463,garbage,MEDIUM,2,54,39.23,2.03,2,1,2,72,0,0
5464,other,CRITICAL,4,88,116.4,8.25,0,0,7,72,1,1
5465,other,LOW,1,55,23.35,14.7,4,1,7,72,0,0
5466,streetlight,HIGH,3,93,27.93,11.92,5,0,4,24,0,1
5467,other,MEDIUM,2,38,43.17,3.15,1,0,7,72,0,1
5468,drainage,MEDIUM,2,38,43.46,31.95,0,1,3,48,0,0
5469,garbage,MEDIUM,2,60,6.71,2.32,3,1,2,72,0,0
5470,pothole,LOW,1,24,34.69,0.8,1,1,1,48,0,0
5471,other,LOW,1,15,76.71,15.73,0,1,7,72,0,1
5472,drainage,MEDIUM,2,42,32.71,7.45,1,1,3,48,0,0
5473,garbage,MEDIUM,2,32,89.16,18.3,0,1,2,72,0,0
5474,other,HIGH,3,97,13.93,4.94,3,1,7,72,1,1
5475,drainage,MEDIUM,2,40,50.27,40.76,0,0,3,48,0,1
5476,garbage,MEDIUM,2,35,20.61,8.01,0,1,2,72,0,0
5477,drainage,MEDIUM,2,38,81.16,34.79,0,0,3,48,0,1
5478,streetlight,MEDIUM,2,33,34.42,17.6,0,1,4,24,0,1
5479,water_leakage,MEDIUM,2,38,12.5,0.9,0,1,5,24,0,0
5480,drainage,HIGH,3,45,47.26,25.08,0,1,3,48,0,1
5481,water_leakage,LOW,1,23,7.78,6.76,0,1,5,24,0,1
5482,other,HIGH,3,96,72.69,40.5,2,1,7,72,1,1
5483,streetlight,HIGH,3,92,27.43,17.55,2,1,4,24,1,1
5484,drainage,MEDIUM,2,53,32.59,15.24,2,1,3,48,0,1
5485,water_leakage,HIGH,3,53,21.93,7.82,0,1,5,24,0,1
5486,other,LOW,1,27,62.94,55.77,1,0,7,72,0,1
5487,water_leakage,HIGH,3,74,38.3,23.54,0,0,5,24,1,1
5488,drainage,MEDIUM,2,34,42.76,26.25,0,0,3,48,0,1
5489,drainage,LOW,1,23,41.27,26.23,0,0,3,48,0,1
5490,other,MEDIUM,2,45,15.65,2.83,1,1,7,72,0,0
5491,water_leakage,MEDIUM,2,40,28.04,17.64,1,1,5,24,0,0
5492,pothole,CRITICAL,4,93,67.1,18.83,1,0,1,48,1,1
5493,water_leakage,LOW,1,15,7.9,2.7,0,1,5,24,0,0
5494,pothole,CRITICAL,4,91,77.85,36.57,0,1,1,48,1,1
5495,water_leakage,LOW,1,22,3.91,0.62,0,0,5,24,0,1
5496,other,MEDIUM,2,36,48.93,34.04,0,0,7,72,0,1
5497,drainage,LOW,1,17,74.07,11.29,0,0,3,48,0,0
5498,drainage,MEDIUM,2,30,63.89,47.3,0,0,3,48,0,1
5499,pothole,MEDIUM,2,63,82.89,11.37,3,1,1,48,0,1
5500,drainage,LOW,1,23,10.18,0.61,0,1,3,48,0,0
5501,streetlight,MEDIUM,2,31,40.78,12.79,0,0,4,24,0,1
5502,other,LOW,1,36,50.64,23.54,2,1,7,72,0,0
5503,drainage,MEDIUM,2,49,31.51,18.67,2,1,3,48,0,1
5504,streetlight,HIGH,3,87,13.83,8.15,1,0,4,24,1,0
5505,pothole,HIGH,3,52,65.75,34.37,0,1,1,48,0,1
5506,water_leakage,MEDIUM,2,42,17.38,2.82,1,1,5,24,0,1
5507,garbage,LOW,1,23,113.66,1.79,1,1,2,72,0,0
5508,pothole,LOW,1,22,13.3,12.67,0,1,1,48,0,0
5509,other,HIGH,3,80,56.27,16.35,1,1,7,72,1,1
5510,pothole,MEDIUM,2,43,70.73,39.37,1,0,1,48,0,1
5511,pothole,MEDIUM,2,62,82.76,47.13,4,1,1,48,0,1
5512,pothole,HIGH,3,79,64.69,12.4,3,1,1,48,0,1
5513,other,MEDIUM,2,38,55.63,38.64,0,1,7,72,0,1
5514,drainage,MEDIUM,2,37,20.02,7.96,0,1,3,48,0,0
5515,garbage,LOW,1,24,17.31,1.85,0,0,2,72,0,0
5516,pothole,CRITICAL,4,100,73.53,41.86,5,1,1,48,0,1
5517,drainage,LOW,1,23,36.13,7.3,1,0,3,48,0,1
5518,pothole,CRITICAL,4,64,46.15,24.27,0,1,1,48,0,1
5519,streetlight,HIGH,3,80,15.12,9.17,0,1,4,24,1,1
5520,garbage,LOW,1,24,41.15,18.28,0,1,2,72,0,0
5521,streetlight,MEDIUM,2,52,35.05,5.31,2,1,4,24,0,1
5522,streetlight,LOW,1,23,31.33,23.38,1,1,4,24,0,1
5523,other,MEDIUM,2,45,114.29,25.41,1,0,7,72,0,1
5524,pothole,MEDIUM,2,48,86.02,4.68,1,1,1,48,0,1
5525,garbage,LOW,1,48,7.51,2.31,3,0,2,72,0,1
5526,other,LOW,1,57,82.77,46.26,4,1,7,72,0,1
5527,garbage,LOW,1,25,100.8,55.7,0,0,2,72,0,0
5528,other,CRITICAL,4,90,116.84,1.25,0,1,7,72,1,1
5529,other,MEDIUM,2,63,6.94,5.75,3,0,7,72,0,1
5530,drainage,CRITICAL,4,100,55.2,10.34,3,0,3,48,1,1
5531,streetlight,MEDIUM,2,33,29.91,22.39,0,1,4,24,0,1
5532,garbage,LOW,1,16,90.89,6.77,0,1,2,72,0,0
5533,streetlight,MEDIUM,2,39,10.43,6.44,0,1,4,24,0,0
5534,garbage,MEDIUM,2,40,30.62,9.24,0,1,2,72,0,1
5535,drainage,LOW,1,20,58.06,26.89,0,1,3,48,0,1
5536,garbage,MEDIUM,2,32,56.77,51.43,0,1,2,72,0,1
5537,pothole,LOW,1,45,66.4,40.39,3,1,1,48,0,1
5538,pothole,LOW,1,38,9.01,3.99,2,0,1,48,0,1
5539,other,LOW,1,36,99.68,21.84,2,1,7,72,0,0
5540,pothole,MEDIUM,2,35,15.38,7.33,0,0,1,48,0,0
5541,garbage,MEDIUM,2,35,38.5,10.03,0,1,2,72,0,1
5542,pothole,MEDIUM,2,30,76.43,12.47,0,1,1,48,0,1
5543,streetlight,LOW,1,16,19.86,5.92,0,1,4,24,0,1
5544,streetlight,LOW,1,17,23.15,5.44,0,0,4,24,0,1
5545,garbage,HIGH,3,100,46.96,13.47,4,1,2,72,1,1
5546,other,LOW,1,20,47.25,11.73,0,1,7,72,0,1
5547,pothole,HIGH,3,49,8.53,5.5,0,0,1,48,0,1
5548,streetlight,HIGH,3,69,24.55,15.85,2,1,4,24,0,1
5549,garbage,CRITICAL,4,86,40.61,10.17,0,1,2,72,1,1
5550,streetlight,LOW,1,29,38.3,23.51,1,1,4,24,0,0
5551,drainage,LOW,1,19,72.04,0.22,0,1,3,48,0,1
5552,water_leakage,HIGH,3,53,10.9,9.95,0,0,5,24,0,1
5553,garbage,LOW,1,24,82.32,62.08,0,0,2,72,0,1
5554,drainage,MEDIUM,2,34,25.52,3.94,0,1,3,48,0,1
5555,streetlight,MEDIUM,2,33,23.98,23.17,0,1,4,24,0,1
5556,streetlight,LOW,1,60,7.71,3.19,5,1,4,24,0,0
5557,pothole,MEDIUM,2,33,10.38,5.46,0,0,1,48,0,1
5558,drainage,HIGH,3,87,39.4,6.06,4,1,3,48,0,1
5559,other,MEDIUM,2,45,81.27,3.68,1,0,7,72,0,1
5560,water_leakage,LOW,1,24,32.99,13.71,0,0,5,24,0,1
5561,other,MEDIUM,2,31,14.63,3.94,0,1,7,72,0,0
5562,water_leakage,LOW,1,33,0.11,0.09,2,1,5,24,0,0
5563,garbage,HIGH,3,89,90.01,22.19,2,0,2,72,1,1
5564,garbage,LOW,1,25,21.71,19.15,0,1,2,72,0,0
5565,streetlight,MEDIUM,2,40,11.64,3.77,1,0,4,24,0,0
5566,other,LOW,1,17,31.07,11.29,0,1,7,72,0,0
5567,other,LOW,1,21,51.84,11.17,0,1,7,72,0,1
5568,water_leakage,LOW,1,25,13.87,12.63,0,0,5,24,0,1
5569,streetlight,LOW,1,33,31.09,14.43,1,1,4,24,0,0
5570,water_leakage,LOW,1,23,18.52,10.49,1,0,5,24,0,1
5571,water_leakage,HIGH,3,61,21.95,14.97,1,0,5,24,0,1
5572,pothole,MEDIUM,2,43,53.22,5.81,1,1,1,48,0,0
5573,drainage,MEDIUM,2,32,41.79,24.53,0,0,3,48,0,1
5574,water_leakage,HIGH,3,60,22.32,8.88,1,1,5,24,0,1
5575,pothole,HIGH,3,77,48.16,31.78,0,1,1,48,1,1
5576,garbage,CRITICAL,4,69,85.22,71.59,0,1,2,72,0,1
5577,drainage,CRITICAL,4,100,78.16,36.45,2,1,3,48,1,1
5578,water_leakage,MEDIUM,2,41,0.06,0.02,1,0,5,24,0,1
5579,garbage,LOW,1,62,24.27,15.06,5,0,2,72,0,1
5580,pothole,LOW,1,33,78.73,5.57,1,1,1,48,0,1
5581,garbage,LOW,1,30,34.9,14.83,1,1,2,72,0,0
5582,garbage,HIGH,3,45,69.03,33.44,0,0,2,72,0,1
5583,water_leakage,LOW,1,24,18.99,12.71,1,1,5,24,0,0
5584,other,LOW,1,19,92.81,59.73,0,1,7,72,0,0
5585,other,LOW,1,25,1.86,0.49,1,0,7,72,0,1
5586,pothole,LOW,1,21,74.99,22.88,0,0,1,48,0,0
5587,other,HIGH,3,75,120.63,61.13,0,1,7,72,1,1
5588,drainage,MEDIUM,2,52,48.16,45.15,2,1,3,48,0,0
5589,drainage,CRITICAL,4,75,43.28,22.73,1,1,3,48,0,1
5590,pothole,LOW,1,18,15.18,5.35,0,0,1,48,0,1
5591,streetlight,MEDIUM,2,42,15.08,8.82,1,1,4,24,0,1
5592,pothole,LOW,1,21,10.22,7.14,0,1,1,48,0,0
5593,garbage,MEDIUM,2,46,55.39,50.38,1,1,2,72,0,1
5594,streetlight,MEDIUM,2,55,8.55,5.51,2,1,4,24,0,1
5595,water_leakage,LOW,1,25,7.7,4.04,0,0,5,24,0,1
5596,pothole,MEDIUM,2,47,53.1,40.66,2,1,1,48,0,1
5597,pothole,MEDIUM,2,33,32.61,22.73,0,1,1,48,0,1
5598,drainage,MEDIUM,2,37,83.99,41.57,0,1,3,48,0,1
5599,drainage,LOW,1,18,35.91,27.64,0,1,3,48,0,0
5600,drainage,HIGH,3,71,33.73,32.0,0,0,3,48,1,1
5601,other,LOW,1,36,119.56,47.9,2,1,7,72,0,1
5602,pothole,MEDIUM,2,31,16.33,12.89,0,1,1,48,0,0
5603,streetlight,HIGH,3,47,31.8,15.36,0,1,4,24,0,0
5604,pothole,MEDIUM,2,38,60.21,23.52,0,1,1,48,0,0
5605,drainage,HIGH,3,100,53.67,25.81,4,1,3,48,1,1
5606,pothole,MEDIUM,2,37,35.92,3.25,0,1,1,48,0,0
5607,pothole,HIGH,3,73,60.04,11.6,0,1,1,48,1,1
5608,drainage,LOW,1,31,61.93,9.69,2,1,3,48,0,0
5609,garbage,LOW,1,41,41.38,20.69,3,1,2,72,0,0
5610,streetlight,LOW,1,31,8.97,0.92,1,1,4,24,0,0
5611,garbage,LOW,1,15,90.83,11.08,0,0,2,72,0,1
5612,other,LOW,1,26,124.71,0.21,1,1,7,72,0,0
5613,drainage,LOW,1,21,24.18,10.04,0,1,3,48,0,0
5614,garbage,LOW,1,32,47.52,13.2,1,1,2,72,0,0
5615,other,CRITICAL,4,61,4.89,0.84,0,1,7,72,0,1
5616,other,CRITICAL,4,86,29.52,10.36,2,1,7,72,0,1
5617,water_leakage,MEDIUM,2,40,11.37,8.47,1,1,5,24,0,1
5618,other,HIGH,3,72,18.37,13.27,0,0,7,72,1,1
5619,drainage,HIGH,3,87,80.59,38.53,2,0,3,48,1,1
5620,garbage,MEDIUM,2,37,0.55,0.2,0,1,2,72,0,0
5621,other,LOW,1,23,34.73,17.59,0,1,7,72,0,0
5622,other,LOW,1,24,43.35,41.18,0,1,7,72,0,0
5623,water_leakage,HIGH,3,84,24.04,21.19,1,1,5,24,1,1
5624,pothole,LOW,1,26,29.83,10.73,1,0,1,48,0,0
5625,pothole,MEDIUM,2,39,84.12,46.53,0,1,1,48,0,1
5626,pothole,LOW,1,20,39.39,35.81,0,1,1,48,0,1
5627,streetlight,MEDIUM,2,40,16.92,13.23,0,1,4,24,0,0
5628,pothole,MEDIUM,2,48,27.91,26.05,2,1,1,48,0,1
5629,garbage,LOW,1,16,5.46,1.31,0,0,2,72,0,0
5630,pothole,HIGH,3,89,73.66,22.53,2,1,1,48,1,1
5631,pothole,HIGH,3,47,68.86,4.36,0,1,1,48,0,1
5632,pothole,LOW,1,16,12.48,1.97,0,1,1,48,0,0
5633,other,HIGH,3,47,82.43,66.95,0,0,7,72,0,1
5634,garbage,LOW,1,24,29.99,3.94,1,0,2,72,0,1
5635,streetlight,MEDIUM,2,41,26.08,13.07,1,0,4,24,0,1
5636,other,MEDIUM,2,56,63.28,6.07,3,1,7,72,0,1
5637,streetlight,LOW,1,23,40.65,23.94,0,0,4,24,0,1
5638,other,MEDIUM,2,47,48.71,2.73,1,1,7,72,0,0
5639,streetlight,MEDIUM,2,57,15.68,5.89,3,0,4,24,0,1
5640,streetlight,LOW,1,41,2.32,0.57,3,1,4,24,0,0
5641,garbage,HIGH,3,77,93.48,24.07,0,1,2,72,1,1
5642,garbage,MEDIUM,2,55,76.17,20.99,2,1,2,72,0,1
5643,streetlight,HIGH,3,47,8.44,6.13,0,1,4,24,0,1
5644,streetlight,LOW,1,18,6.91,1.29,0,1,4,24,0,1
5645,other,HIGH,3,79,25.51,23.95,0,1,7,72,1,0
5646,streetlight,LOW,1,31,29.45,18.51,2,0,4,24,0,0
5647,other,LOW,1,17,36.02,2.68,0,1,7,72,0,0
5648,garbage,LOW,1,25,47.91,21.21,0,1,2,72,0,0
5649,water_leakage,MEDIUM,2,32,39.1,16.74,0,0,5,24,0,1
5650,water_leakage,MEDIUM,2,33,8.49,8.11,0,1,5,24,0,0
5651,water_leakage,HIGH,3,80,31.42,22.3,0,1,5,24,1,1
5652,drainage,HIGH,3,94,6.88,6.24,3,0,3,48,1,1
5653,other,LOW,1,17,72.76,26.02,0,1,7,72,0,1
5654,streetlight,LOW,1,15,7.86,5.49,0,0,4,24,0,0
5655,pothole,MEDIUM,2,53,52.1,14.57,2,1,1,48,0,1
5656,other,MEDIUM,2,35,45.37,33.72,0,1,7,72,0,0
5657,streetlight,HIGH,3,52,1.79,1.14,0,0,4,24,0,0
5658,other,LOW,1,33,22.38,18.33,1,1,7,72,0,0
5659,drainage,HIGH,3,58,8.93,0.99,1,1,3,48,0,0
5660,garbage,MEDIUM,2,48,126.81,10.28,1,1,2,72,0,1
5661,other,CRITICAL,4,93,107.23,68.38,1,1,7,72,1,1
5662,streetlight,HIGH,3,55,7.37,2.13,1,1,4,24,0,1
5663,drainage,LOW,1,51,62.77,10.8,4,1,3,48,0,0
5664,drainage,HIGH,3,87,60.09,43.47,2,1,3,48,1,1
5665,other,LOW,1,21,103.02,3.1,0,1,7,72,0,0
5666,other,HIGH,3,47,80.23,64.31,0,1,7,72,0,1
5667,drainage,LOW,1,23,74.3,19.29,0,0,3,48,0,1
5668,streetlight,MEDIUM,2,40,27.05,9.15,0,1,4,24,0,0
5669,garbage,LOW,1,15,127.35,53.07,0,0,2,72,0,1
5670,other,LOW,1,47,17.52,17.51,4,1,7,72,0,1
5671,water_leakage,MEDIUM,2,47,40.71,2.51,1,1,5,24,0,1
5672,pothole,LOW,1,23,50.47,39.68,1,1,1,48,0,1
5673,other,LOW,1,15,9.25,7.77,0,1,7,72,0,0
5674,water_leakage,LOW,1,17,30.8,9.94,0,0,5,24,0,1
5675,streetlight,LOW,1,20,36.61,16.44,0,0,4,24,0,1
5676,pothole,LOW,1,21,31.49,16.44,0,1,1,48,0,0
5677,streetlight,MEDIUM,2,33,34.99,15.54,0,0,4,24,0,1
5678,pothole,LOW,1,22,1.82,0.64,0,0,1,48,0,0
5679,other,LOW,1,20,44.42,10.23,0,0,7,72,0,1
5680,pothole,HIGH,3,75,37.53,32.47,0,0,1,48,1,1
5681,drainage,LOW,1,25,33.95,21.97,0,1,3,48,0,1
5682,other,HIGH,3,73,24.21,7.69,0,1,7,72,1,1
5683,pothole,LOW,1,27,0.6,0.09,1,1,1,48,0,0
5684,other,MEDIUM,2,30,38.96,0.78,0,1,7,72,0,0
5685,streetlight,MEDIUM,2,30,5.54,4.25,0,0,4,24,0,1
5686,pothole,HIGH,3,54,50.31,31.43,0,1,1,48,0,0
5687,other,HIGH,3,79,100.13,1.85,0,1,7,72,1,1
5688,other,LOW,1,25,102.56,9.77,1,1,7,72,0,1
5689,streetlight,HIGH,3,80,13.22,1.02,1,1,4,24,1,1
5690,drainage,MEDIUM,2,34,25.73,8.51,0,1,3,48,0,0
5691,streetlight,LOW,1,21,40.47,10.4,0,1,4,24,0,0
5692,water_leakage,LOW,1,57,3.59,1.2,4,0,5,24,0,0
5693,other,HIGH,3,79,19.23,5.21,0,1,7,72,1,1
5694,other,MEDIUM,2,32,59.46,3.96,0,1,7,72,0,1
5695,pothole,MEDIUM,2,33,68.46,30.39,0,1,1,48,0,1
5696,pothole,CRITICAL,4,66,39.26,7.0,0,1,1,48,0,1
5697,other,MEDIUM,2,55,21.25,1.75,2,1,7,72,0,0
5698,drainage,MEDIUM,2,56,58.68,18.31,2,1,3,48,0,1
5699,streetlight,CRITICAL,4,85,18.29,2.02,0,1,4,24,1,1
5700,water_leakage,LOW,1,29,24.54,15.8,1,1,5,24,0,0
5701,garbage,HIGH,3,79,2.67,1.41,0,1,2,72,1,1
5702,drainage,LOW,1,60,33.79,13.66,5,1,3,48,0,1
5703,water_leakage,MEDIUM,2,54,28.02,8.15,3,1,5,24,0,1
5704,pothole,MEDIUM,2,46,53.73,17.31,1,1,1,48,0,0
5705,drainage,CRITICAL,4,100,83.24,42.77,3,1,3,48,1,1
5706,pothole,HIGH,3,54,22.57,9.43,0,1,1,48,0,1
5707,water_leakage,MEDIUM,2,38,1.83,0.73,0,1,5,24,0,1
5708,drainage,MEDIUM,2,33,46.36,19.15,0,1,3,48,0,1
5709,pothole,MEDIUM,2,45,24.11,20.1,1,1,1,48,0,1
5710,drainage,MEDIUM,2,45,83.73,47.85,1,0,3,48,0,1
5711,garbage,MEDIUM,2,32,13.64,11.16,0,1,2,72,0,0
5712,water_leakage,LOW,1,18,30.94,5.95,0,0,5,24,0,0
5713,pothole,LOW,1,21,42.83,23.78,0,1,1,48,0,1
5714,drainage,HIGH,3,77,66.7,15.6,0,1,3,48,1,1
5715,water_leakage,CRITICAL,4,85,21.45,11.11,0,1,5,24,1,1
5716,water_leakage,LOW,1,23,0.09,0.0,1,1,5,24,0,0
5717,garbage,LOW,1,15,12.55,9.64,0,1,2,72,0,0
5718,drainage,MEDIUM,2,36,44.95,36.26,0,1,3,48,0,1
5719,pothole,MEDIUM,2,49,34.24,10.7,2,0,1,48,0,1
5720,drainage,MEDIUM,2,48,61.01,42.57,1,1,3,48,0,1
5721,other,LOW,1,15,60.42,50.76,0,1,7,72,0,1
5722,other,HIGH,3,80,122.67,12.19,0,1,7,72,1,1
5723,streetlight,MEDIUM,2,35,14.3,2.03,0,1,4,24,0,1
5724,water_leakage,HIGH,3,63,39.02,20.97,1,1,5,24,0,1
5725,drainage,MEDIUM,2,38,75.76,46.24,0,0,3,48,0,1
5726,streetlight,MEDIUM,2,33,33.91,7.29,0,1,4,24,0,1
5727,streetlight,HIGH,3,75,16.32,10.51,0,1,4,24,1,1
5728,garbage,HIGH,3,73,60.63,18.55,0,0,2,72,1,1
5729,garbage,MEDIUM,2,61,2.08,0.33,3,0,2,72,0,1
5730,drainage,LOW,1,48,17.51,7.0,4,0,3,48,0,0
5731,garbage,LOW,1,32,105.53,35.42,1,1,2,72,0,1
5732,pothole,LOW,1,22,81.68,20.51,0,1,1,48,0,1
5733,garbage,MEDIUM,2,39,16.77,6.2,0,1,2,72,0,1
5734,drainage,LOW,1,33,55.18,1.99,1,1,3,48,0,1
5735,other,LOW,1,19,74.42,28.76,0,1,7,72,0,1
5736,streetlight,MEDIUM,2,36,0.98,0.12,0,1,4,24,0,0
5737,garbage,MEDIUM,2,33,52.41,17.34,0,1,2,72,0,0
5738,drainage,MEDIUM,2,31,17.4,8.34,0,1,3,48,0,0
5739,drainage,MEDIUM,2,54,60.14,24.79,3,0,3,48,0,1
5740,other,HIGH,3,100,118.2,17.19,5,1,7,72,1,1
5741,water_leakage,CRITICAL,4,100,32.14,8.33,1,1,5,24,1,1
5742,pothole,LOW,1,15,42.46,38.48,0,1,1,48,0,1
5743,drainage,LOW,1,25,72.94,2.2,0,1,3,48,0,1
5744,other,HIGH,3,75,57.45,24.58,0,1,7,72,1,1
5745,other,LOW,1,23,103.09,61.22,1,1,7,72,0,0
5746,streetlight,HIGH,3,74,9.03,9.0,0,0,4,24,1,1
5747,drainage,HIGH,3,71,8.05,3.5,0,1,3,48,1,1
5748,water_leakage,HIGH,3,100,34.33,16.57,4,0,5,24,1,1
5749,pothole,MEDIUM,2,33,13.99,6.29,0,1,1,48,0,1
5750,streetlight,LOW,1,16,37.6,9.38,0,1,4,24,0,0
5751,drainage,LOW,1,29,62.7,2.95,1,0,3,48,0,1
5752,garbage,HIGH,3,86,87.72,66.76,1,1,2,72,1,1
5753,water_leakage,MEDIUM,2,37,20.67,6.79,0,0,5,24,0,1
5754,drainage,LOW,1,25,76.55,21.68,1,0,3,48,0,1
5755,garbage,MEDIUM,2,40,46.15,37.52,1,1,2,72,0,1
5756,other,MEDIUM,2,40,46.91,8.38,0,0,7,72,0,0
5757,pothole,LOW,1,24,26.35,16.7,0,1,1,48,0,1
5758,streetlight,MEDIUM,2,40,15.47,3.66,1,1,4,24,0,1
5759,pothole,HIGH,3,50,22.64,0.76,0,0,1,48,0,1
5760,other,MEDIUM,2,39,79.1,70.45,1,1,7,72,0,0
5761,other,MEDIUM,2,38,49.91,34.5,1,1,7,72,0,1
5762,garbage,MEDIUM,2,47,42.92,31.02,2,1,2,72,0,0
5763,drainage,HIGH,3,100,44.73,12.14,4,1,3,48,1,1
5764,water_leakage,MEDIUM,2,32,20.14,14.43,0,1,5,24,0,0
5765,pothole,LOW,1,31,77.5,36.93,2,1,1,48,0,1
5766,streetlight,MEDIUM,2,46,16.64,12.05,1,1,4,24,0,0
5767,pothole,MEDIUM,2,56,39.0,7.77,2,0,1,48,0,1
5768,garbage,LOW,1,18,104.36,7.46,0,1,2,72,0,1
5769,water_leakage,LOW,1,38,38.42,2.94,2,0,5,24,0,1
5770,streetlight,HIGH,3,80,10.13,5.35,0,0,4,24,1,0
5771,pothole,MEDIUM,2,31,72.88,19.09,0,1,1,48,0,1
5772,drainage,MEDIUM,2,40,57.11,29.63,0,1,3,48,0,0
5773,streetlight,HIGH,3,79,16.99,15.9,0,0,4,24,1,0
5774,other,LOW,1,53,33.39,13.52,4,1,7,72,0,1
5775,other,MEDIUM,2,47,50.86,22.54,1,1,7,72,0,1
5776,water_leakage,LOW,1,17,19.7,7.3,0,1,5,24,0,0
5777,pothole,CRITICAL,4,63,2.24,1.39,0,0,1,48,0,1
5778,drainage,LOW,1,32,24.71,20.56,2,0,3,48,0,1
5779,drainage,MEDIUM,2,39,16.04,2.9,0,0,3,48,0,1
5780,streetlight,LOW,1,38,26.08,0.05,2,1,4,24,0,0
5781,other,MEDIUM,2,34,107.14,8.42,0,1,7,72,0,1
5782,water_leakage,LOW,1,18,17.29,5.12,0,1,5,24,0,0
5783,garbage,LOW,1,48,119.01,53.81,4,1,2,72,0,1
5784,garbage,LOW,1,16,38.87,15.68,0,1,2,72,0,1
5785,water_leakage,MEDIUM,2,46,15.47,8.83,2,1,5,24,0,1
5786,other,HIGH,3,80,0.24,0.1,1,0,7,72,1,1
5787,drainage,HIGH,3,76,18.7,5.73,0,1,3,48,1,0
5788,water_leakage,MEDIUM,2,33,29.66,23.6,0,1,5,24,0,1
5789,drainage,CRITICAL,4,91,26.95,8.34,0,1,3,48,1,1
5790,garbage,HIGH,3,59,101.6,61.88,1,1,2,72,0,1
5791,pothole,LOW,1,17,74.96,27.87,0,1,1,48,0,0
5792,pothole,MEDIUM,2,72,15.11,6.75,4,1,1,48,0,1
5793,streetlight,MEDIUM,2,33,20.88,18.78,0,1,4,24,0,1
5794,garbage,HIGH,3,78,12.23,11.39,0,0,2,72,1,1
5795,water_leakage,HIGH,3,71,39.6,2.52,2,1,5,24,0,0
5796,water_leakage,LOW,1,15,12.88,12.67,0,1,5,24,0,0
5797,streetlight,MEDIUM,2,38,41.04,0.91,1,1,4,24,0,0
5798,drainage,MEDIUM,2,33,60.22,41.77,0,0,3,48,0,1
5799,drainage,LOW,1,17,20.76,0.02,0,0,3,48,0,1
5800,pothole,LOW,1,25,85.17,12.77,0,1,1,48,0,0
5801,garbage,MEDIUM,2,44,98.31,34.13,1,0,2,72,0,1
5802,water_leakage,HIGH,3,76,2.04,1.76,0,0,5,24,1,1
5803,other,MEDIUM,2,38,2.34,1.97,0,1,7,72,0,0
5804,streetlight,LOW,1,39,24.62,0.66,2,0,4,24,0,1
5805,pothole,LOW,1,64,84.86,31.76,5,1,1,48,0,1
5806,garbage,MEDIUM,2,39,47.16,39.84,0,0,2,72,0,1
5807,garbage,LOW,1,44,110.19,29.81,3,1,2,72,0,1
5808,other,CRITICAL,4,62,102.52,25.83,0,1,7,72,0,1
5809,other,CRITICAL,4,68,72.65,53.43,0,1,7,72,0,1
5810,drainage,CRITICAL,4,90,42.81,11.33,0,1,3,48,1,0
5811,pothole,MEDIUM,2,43,49.26,10.1,1,0,1,48,0,1
5812,other,HIGH,3,62,98.07,48.4,1,0,7,72,0,1
5813,garbage,MEDIUM,2,44,81.23,16.88,1,1,2,72,0,0
5814,streetlight,MEDIUM,2,39,29.69,14.99,1,1,4,24,0,0
5815,drainage,MEDIUM,2,49,73.48,18.18,2,0,3,48,0,1
5816,garbage,MEDIUM,2,40,4.24,3.36,1,1,2,72,0,1
5817,water_leakage,HIGH,3,45,14.02,7.2,0,1,5,24,0,1
5818,pothole,LOW,1,23,40.74,30.61,0,1,1,48,0,0
5819,streetlight,MEDIUM,2,34,29.71,12.46,0,0,4,24,0,1
5820,water_leakage,LOW,1,33,8.16,7.96,1,1,5,24,0,1
5821,drainage,LOW,1,21,4.95,0.36,0,1,3,48,0,1
5822,pothole,LOW,1,16,83.66,24.71,0,1,1,48,0,0
5823,other,LOW,1,48,24.92,6.25,3,0,7,72,0,1
5824,drainage,LOW,1,20,28.24,7.03,0,0,3,48,0,1
5825,drainage,LOW,1,32,80.94,31.83,1,1,3,48,0,1
5826,pothole,LOW,1,25,72.61,29.38,1,0,1,48,0,1
5827,pothole,MEDIUM,2,49,37.27,4.12,2,1,1,48,0,1
5828,other,LOW,1,29,52.65,18.05,1,1,7,72,0,0
5829,garbage,LOW,1,24,105.99,29.73,1,0,2,72,0,0
5830,other,LOW,1,15,9.98,1.64,0,1,7,72,0,1
5831,streetlight,MEDIUM,2,45,16.48,16.18,1,1,4,24,0,0
5832,garbage,LOW,1,59,94.22,57.51,5,1,2,72,0,1
5833,garbage,LOW,1,38,50.94,8.65,2,0,2,72,0,1
5834,water_leakage,MEDIUM,2,47,13.56,2.71,1,1,5,24,0,0
5835,pothole,LOW,1,27,53.03,0.36,1,1,1,48,0,1
5836,other,LOW,1,17,70.42,27.98,0,1,7,72,0,1
5837,other,MEDIUM,2,59,23.98,6.87,3,1,7,72,0,0
5838,drainage,MEDIUM,2,39,78.21,27.48,1,1,3,48,0,1
5839,drainage,LOW,1,56,26.96,9.63,4,1,3,48,0,1
5840,garbage,MEDIUM,2,32,18.22,1.75,0,1,2,72,0,1
5841,water_leakage,MEDIUM,2,30,27.78,4.12,0,1,5,24,0,0
5842,water_leakage,LOW,1,25,40.14,23.74,0,1,5,24,0,0
5843,other,LOW,1,32,4.24,2.65,2,1,7,72,0,0
5844,garbage,LOW,1,18,47.03,35.84,0,1,2,72,0,1
5845,pothole,HIGH,3,74,24.25,1.58,0,0,1,48,1,1
5846,drainage,LOW,1,25,24.36,11.33,0,1,3,48,0,1
5847,drainage,LOW,1,22,78.48,6.63,0,1,3,48,0,1
5848,other,LOW,1,25,6.88,2.1,0,1,7,72,0,0
5849,water_leakage,MEDIUM,2,39,22.38,10.07,0,1,5,24,0,1
5850,drainage,LOW,1,19,18.29,0.28,0,1,3,48,0,0
5851,streetlight,MEDIUM,2,38,30.27,16.96,0,1,4,24,0,1
5852,pothole,MEDIUM,2,40,78.69,29.57,0,1,1,48,0,0
5853,drainage,MEDIUM,2,37,11.07,1.05,0,1,3,48,0,0
5854,pothole,MEDIUM,2,33,12.3,11.76,0,1,1,48,0,1
5855,other,HIGH,3,87,27.25,15.04,2,0,7,72,1,1
5856,streetlight,MEDIUM,2,36,26.85,15.95,0,1,4,24,0,1
5857,pothole,MEDIUM,2,47,9.68,9.64,2,1,1,48,0,0
5858,pothole,MEDIUM,2,33,47.1,21.37,0,0,1,48,0,1
5859,drainage,MEDIUM,2,32,80.85,24.76,0,1,3,48,0,1
5860,garbage,MEDIUM,2,36,39.18,31.23,0,1,2,72,0,0
5861,garbage,MEDIUM,2,30,105.29,33.24,0,1,2,72,0,1
5862,pothole,MEDIUM,2,37,59.94,30.1,0,1,1,48,0,1
5863,other,LOW,1,23,6.36,0.99,0,0,7,72,0,0
5864,garbage,LOW,1,37,121.46,31.79,2,1,2,72,0,0
5865,drainage,LOW,1,31,65.3,37.72,1,0,3,48,0,1
5866,streetlight,LOW,1,22,7.29,3.57,0,0,4,24,0,1
5867,water_leakage,MEDIUM,2,33,42.01,17.78,0,0,5,24,0,1
5868,garbage,MEDIUM,2,47,82.96,46.12,2,1,2,72,0,1
5869,streetlight,LOW,1,33,12.31,10.09,1,0,4,24,0,1
5870,other,MEDIUM,2,38,59.2,47.78,1,1,7,72,0,1
5871,streetlight,MEDIUM,2,30,35.96,15.14,0,1,4,24,0,0
5872,pothole,MEDIUM,2,35,8.98,8.33,0,1,1,48,0,0
5873,pothole,MEDIUM,2,34,49.65,26.6,0,1,1,48,0,1
5874,drainage,LOW,1,22,55.79,30.07,0,1,3,48,0,1
5875,other,MEDIUM,2,40,55.87,8.72,1,1,7,72,0,0
5876,other,LOW,1,23,56.73,8.76,1,1,7,72,0,1
5877,pothole,LOW,1,17,0.3,0.09,0,0,1,48,0,0
5878,garbage,MEDIUM,2,37,123.63,63.08,0,0,2,72,0,1
5879,water_leakage,MEDIUM,2,33,41.07,10.54,0,0,5,24,0,0
5880,pothole,MEDIUM,2,72,29.59,21.32,5,0,1,48,0,1
5881,other,LOW,1,41,94.39,3.0,2,1,7,72,0,1
5882,other,HIGH,3,76,43.52,23.54,0,1,7,72,1,1
5883,drainage,LOW,1,17,78.23,1.31,0,1,3,48,0,1
5884,water_leakage,MEDIUM,2,32,17.45,0.59,0,1,5,24,0,1
5885,garbage,LOW,1,40,46.99,32.73,2,1,2,72,0,1
5886,water_leakage,HIGH,3,74,38.47,9.79,0,1,5,24,1,1
5887,garbage,LOW,1,34,23.09,0.76,2,1,2,72,0,1
5888,other,LOW,1,24,59.02,9.94,0,1,7,72,0,0
5889,water_leakage,HIGH,3,86,39.42,13.59,1,1,5,24,1,1
5890,pothole,LOW,1,31,66.85,47.25,1,1,1,48,0,1
5891,garbage,HIGH,3,80,98.88,37.15,0,0,2,72,1,1
5892,other,CRITICAL,4,88,19.49,4.05,0,1,7,72,1,1
5893,drainage,LOW,1,25,24.76,12.98,0,1,3,48,0,1
5894,drainage,MEDIUM,2,31,52.66,26.35,0,0,3,48,0,1
5895,other,LOW,1,17,13.59,9.84,0,1,7,72,0,0
5896,garbage,LOW,1,19,76.2,33.76,0,1,2,72,0,0
5897,pothole,MEDIUM,2,36,52.93,35.72,0,1,1,48,0,1
5898,garbage,CRITICAL,4,94,111.11,47.66,1,1,2,72,1,1
5899,pothole,HIGH,3,68,22.91,11.21,2,0,1,48,0,1
5900,pothole,LOW,1,38,17.76,7.35,2,0,1,48,0,0
5901,drainage,MEDIUM,2,74,23.2,7.55,5,1,3,48,0,1
5902,drainage,HIGH,3,97,7.35,4.36,3,1,3,48,1,1
5903,garbage,MEDIUM,2,38,62.88,4.48,0,1,2,72,0,1
5904,garbage,LOW,1,16,92.2,49.07,0,1,2,72,0,1
5905,drainage,CRITICAL,4,100,65.9,6.28,2,0,3,48,1,1
5906,water_leakage,MEDIUM,2,60,34.16,11.48,3,0,5,24,0,1
5907,streetlight,LOW,1,47,28.94,20.71,3,1,4,24,0,0
5908,garbage,MEDIUM,2,34,1.82,1.07,0,1,2,72,0,1
5909,garbage,MEDIUM,2,31,104.02,33.98,0,1,2,72,0,1
5910,other,MEDIUM,2,30,110.41,29.85,0,1,7,72,0,1
5911,pothole,MEDIUM,2,32,31.9,10.72,0,0,1,48,0,1
5912,drainage,LOW,1,31,17.43,7.13,2,0,3,48,0,0
5913,water_leakage,LOW,1,16,38.65,10.86,0,0,5,24,0,1
5914,streetlight,LOW,1,25,35.6,11.97,0,1,4,24,0,1
5915,streetlight,CRITICAL,4,100,30.39,14.93,2,1,4,24,1,1
5916,garbage,MEDIUM,2,62,94.47,54.78,3,1,2,72,0,1
5917,drainage,LOW,1,24,40.72,32.51,0,1,3,48,0,0
5918,water_leakage,MEDIUM,2,54,27.24,16.01,3,1,5,24,0,1
5919,water_leakage,HIGH,3,56,1.33,0.71,1,0,5,24,0,1
5920,garbage,MEDIUM,2,37,128.99,56.0,0,0,2,72,0,1
5921,drainage,LOW,1,30,42.21,33.65,1,1,3,48,0,1
5922,garbage,LOW,1,16,40.87,14.24,0,0,2,72,0,1
5923,water_leakage,LOW,1,40,37.75,13.6,3,0,5,24,0,1
5924,other,MEDIUM,2,46,105.6,71.19,1,1,7,72,0,1
5925,drainage,HIGH,3,70,67.67,42.18,0,1,3,48,1,1
5926,drainage,HIGH,3,77,27.97,4.17,0,1,3,48,1,1
5927,other,LOW,1,17,11.11,10.14,0,0,7,72,0,1
5928,water_leakage,LOW,1,52,30.66,12.9,4,1,5,24,0,0
5929,streetlight,CRITICAL,4,77,18.69,12.99,2,1,4,24,0,1
5930,streetlight,HIGH,3,54,37.59,15.57,0,1,4,24,0,1
5931,water_leakage,MEDIUM,2,32,35.63,14.05,0,1,5,24,0,1
5932,drainage,CRITICAL,4,71,49.43,27.52,1,1,3,48,0,1
5933,pothole,MEDIUM,2,63,17.03,11.58,4,0,1,48,0,0
5934,garbage,MEDIUM,2,42,15.51,7.26,1,1,2,72,0,1
5935,garbage,LOW,1,56,24.1,7.27,4,0,2,72,0,0
5936,garbage,CRITICAL,4,80,12.01,8.8,2,1,2,72,0,1
5937,pothole,MEDIUM,2,33,8.72,5.77,0,1,1,48,0,0
5938,drainage,LOW,1,20,63.55,11.29,0,0,3,48,0,1
5939,drainage,LOW,1,27,18.8,12.22,1,1,3,48,0,0
5940,pothole,MEDIUM,2,68,83.21,29.06,4,1,1,48,0,1
5941,garbage,HIGH,3,56,33.85,21.27,1,1,2,72,0,1
5942,other,MEDIUM,2,36,122.47,11.98,0,1,7,72,0,1
5943,garbage,MEDIUM,2,40,19.07,7.59,0,1,2,72,0,0
5944,other,LOW,1,19,100.12,49.52,0,1,7,72,0,1
5945,pothole,MEDIUM,2,80,36.08,34.43,5,1,1,48,0,1
5946,pothole,MEDIUM,2,34,15.21,14.32,0,0,1,48,0,1
5947,other,MEDIUM,2,33,12.94,2.81,0,1,7,72,0,0
5948,other,LOW,1,19,50.03,21.57,0,0,7,72,0,1
5949,streetlight,MEDIUM,2,45,20.91,13.97,1,0,4,24,0,1
5950,streetlight,MEDIUM,2,41,20.9,8.73,1,1,4,24,0,0
5951,garbage,LOW,1,25,102.31,58.7,0,1,2,72,0,0
5952,water_leakage,HIGH,3,71,6.07,3.6,0,0,5,24,1,1
5953,garbage,MEDIUM,2,37,8.45,6.39,0,1,2,72,0,0
5954,other,MEDIUM,2,34,96.34,67.39,0,0,7,72,0,1
5955,pothole,MEDIUM,2,35,12.43,4.52,0,0,1,48,0,1
5956,pothole,LOW,1,19,72.4,20.85,0,0,1,48,0,1
5957,water_leakage,HIGH,3,79,5.43,2.06,0,1,5,24,1,1
5958,water_leakage,LOW,1,28,11.15,3.97,1,0,5,24,0,1
5959,streetlight,MEDIUM,2,46,2.43,1.24,1,0,4,24,0,1
5960,pothole,CRITICAL,4,64,12.84,7.95,0,1,1,48,0,1
5961,drainage,MEDIUM,2,37,59.02,17.51,0,1,3,48,0,0
5962,streetlight,MEDIUM,2,39,22.13,11.33,0,1,4,24,0,1
5963,drainage,MEDIUM,2,36,60.28,12.95,0,1,3,48,0,1
5964,water_leakage,MEDIUM,2,65,3.32,2.7,4,1,5,24,0,0
5965,drainage,MEDIUM,2,38,28.76,28.1,1,1,3,48,0,1
5966,water_leakage,MEDIUM,2,36,14.55,11.33,0,0,5,24,0,1
5967,pothole,MEDIUM,2,40,63.16,33.79,0,1,1,48,0,1
5968,streetlight,MEDIUM,2,34,30.27,18.45,0,0,4,24,0,1
5969,other,LOW,1,15,20.59,1.47,0,1,7,72,0,0
5970,streetlight,HIGH,3,70,6.35,5.78,0,1,4,24,1,1
5971,drainage,LOW,1,23,57.87,23.27,1,1,3,48,0,1
5972,drainage,HIGH,3,63,37.24,34.78,1,0,3,48,0,1
5973,water_leakage,HIGH,3,88,21.1,1.62,1,1,5,24,1,1
5974,pothole,MEDIUM,2,50,24.45,11.92,2,1,1,48,0,0
5975,streetlight,LOW,1,23,31.38,6.53,1,0,4,24,0,1
5976,water_leakage,LOW,1,18,2.27,0.33,0,1,5,24,0,0
5977,pothole,LOW,1,30,59.47,2.15,1,0,1,48,0,1
5978,other,HIGH,3,72,57.77,35.64,0,1,7,72,1,1
5979,water_leakage,LOW,1,54,26.7,6.06,4,1,5,24,0,0
5980,drainage,LOW,1,18,80.2,13.59,0,1,3,48,0,1
5981,garbage,HIGH,3,66,110.27,40.18,2,1,2,72,0,1
5982,pothole,LOW,1,16,25.14,5.02,0,0,1,48,0,1
5983,pothole,MEDIUM,2,42,4.24,2.8,1,1,1,48,0,0
5984,pothole,LOW,1,32,55.19,27.17,2,0,1,48,0,0
5985,other,MEDIUM,2,40,114.58,70.62,0,1,7,72,0,1
5986,other,MEDIUM,2,62,124.04,50.66,3,1,7,72,0,1
5987,garbage,HIGH,3,51,12.94,11.01,0,1,2,72,0,0
5988,water_leakage,LOW,1,25,9.49,5.01,0,1,5,24,0,0
5989,other,LOW,1,33,104.4,1.96,2,1,7,72,0,0
5990,garbage,HIGH,3,95,72.2,63.89,5,1,2,72,0,1
5991,other,HIGH,3,80,58.29,51.45,0,1,7,72,1,1
5992,pothole,MEDIUM,2,56,58.89,16.74,3,1,1,48,0,1
5993,garbage,MEDIUM,2,32,73.3,28.23,0,0,2,72,0,1
5994,other,LOW,1,24,80.74,4.15,0,1,7,72,0,1
5995,drainage,LOW,1,28,3.84,2.47,1,1,3,48,0,0
5996,garbage,MEDIUM,2,40,48.77,11.78,0,1,2,72,0,0
5997,pothole,LOW,1,17,73.45,23.08,0,1,1,48,0,1
5998,drainage,HIGH,3,62,81.91,14.18,1,1,3,48,0,1
5999,water_leakage,MEDIUM,2,35,30.43,5.65,0,1,5,24,0,0
